url,property_id,scraped_at,title,breadcrumb,location,price_raw,price_lkr,negotiable,property_type,bedrooms_raw,bathrooms_raw,floor_area_raw,no_of_floors,land_area_raw,availability,furnishing_status,age_of_building,approach_road_width,bedrooms,bathrooms,floor_area_sqft,land_area_perches,overview_extra,description
https://www.lankapropertyweb.com/sale/property_details-5920725.html,5920725,2026-08-10T10:29:20.949070+00:00,5 Bedroom House for sale with 78 Perches Land in Kochchikade Negombo,"View all > Houses > Apartments > Commercial > Bungalows > Villas > Studio
/ Bedsit > Warehouse > Featured developments for sale > New Beachfront Projects > Newly
built property for sale > Colonial
Houses for sale > Urgent properties for sale > Luxury
Apartments > Mid-range
Apartments > Bungalows
in Nuwara Eliya > Houses
in Battaramulla area > Commercial property for sale
in
Colombo > Hotels for Sale > Warehouses for sale > Brand
new apartment > Beachfront properties for sale > Beachfront Apartments for sale > Below Market Value properties > Sri Lanka House Price Index > Sri Lanka Land Price Index > Guide for
foreigners
buying property > All property for Rent > Houses > Apartments > Commercial > Bungalows > Annexes > Hostels > Villas > Studio
/ Bedsit > Rooms
/ Boarding Places > View All Featured Properties > Warehouses for rent > Newly built property for rent > Urgent properties to let > Short
term rentals > Office spaces in
Colombo > Co-working places > House Prices > Find All Land for Sale or Lease > Bare
Land > Beachfront
Land > Cultivated
/ Agriculture > Land
with House > Tea
Estate Land > Rubber
Estate Land > Coconut
Estate Land > Paddy
(Rice) Land > Cinnamon
Estate Land > Waterfront
Land > Featured Land Projects > Lands
in Nuwara Eliya > Investment Lands
within 1 hour of Colombo > Lands
for less than 1 lakh a perch in Western Province > Cultivation
lands within 1 hour from Colombo > Land
Prices in Greater Colombo > View All New Projects > Featured Projects > Apartment FinderNew > Featured Land Projects > Condo Directory > Property
Valuations > Legal
Assistance > Document
preparation & submission > Mortgage
Advice > Fees
& taxes payment > Personal
Assistance > Other
Services > Market
Research and Advisory > Property
Buying Advisory > Business
Buying or Selling Advisory > Property
Buying Assistance for Foreigners > Advisory on Investing
in Sri Lanka > House
Construction > Packers &
Movers > Solar Panels > Invest Home > Top Investment
Properties > Luxury
Apartments > Mid-range
Apartments > Lands and
Bungalows
in Nuwara Eliya > Houses in
Battaramulla area > Cultivation
lands > Investment Lands
within 1 hour of Colombo > Commercial
property
for sale in Colombo > Hotels for
Sale > ROI calculator > Trending Properties > Top Investment
properties > House Price Index > Land price
index > Home Loan Rates > Home
Loan Calculator > Home
Loan Comparison > Market Insights > Price Meter > Property Buying Guide > Foreign Buyers'
Guide > Capital
Gains Tax > Sri Lanka House Price Index > Sri Lanka Land Price Index > Membership Benefits > Market Outlook Report > News & Guides > View All Wanted Properties > Houses wanted > Apartments wanted > Land wanted > Commercial Buildings > Rooms wanted > Post Your
Ad > View All Agents / Agents
Directory > Promote your
property > Become an Agent > Residential
sales > Letting
Agents > Commercial
property agents > Land Sales > Buyer
& Seller Assistance > Promote
your property > View All
Businesses for
Sale > Real
Estate > Restaurant > Construction > Agriculture > Tech > Hospitality > Business > Manufacturing > Garment-Textile > Services-BPO > Maps of Sri Lanka > Area Guide > Point of
Interests > Property Buying Guide > Foreign Buyers'
Guide > Capital
Gains Tax > Sri Lanka House Price Index > Sri Lanka Land Price Index > Membership Benefits > News & Guides > About us > Careers > Contact Us > Events > FAQs > Ideal Home > Appliances &
Electronics > Furniture > Household items > Solar & Hot Water > Bathrooms > Gardening > Kitchen > Professionals > Flooring > House Construction > Lighting > Service Providers > Other Services > Home > ... > Sales > Gampaha District > Kochchikade > House > Home > ... > Sales > Gampaha District > Kochchikade > House","Madampella Road, Kochchikade","Rs. 165,000,000
  ",165000000.0,True,House,5,,22000 sq.ft.,2,78 perches,Available Now,Semi-furnished,23+ years,,5.0,,22000.0,78.0,"{""Bathrooms/WCs"": ""3"", ""Car parking spaces"": ""10""}","5 Bedroom, 2 storey house for sale surrounded by 78 Perches of Land. Address is Number 71 'Anuradha', Madampella Road, Manaweriya, Kochchikade. The House is situated 2 minutes away (drive/ride) from Kochchikade main town centre; the house is conveniently 2 minutes away from Restaurants/ shops/ schools/ Keells/Arpico/Railway/major Bus routes/places of worship etc. The House is located on Madampella main road and is surrounded by trees / plants / wildlife (nature); there is always a cooling breeze on the veranda / land."
https://www.lankapropertyweb.com/sale/property_details-5722071.html,5722071,2026-08-10T10:29:23.690087+00:00,Ultra Modern 4 Bedroom House Construction in Thalawathugoda / Rs. 40.25 million / Rs. 402 Laks / New construction,"View all > Houses > Apartments > Commercial > Bungalows > Villas > Studio
/ Bedsit > Warehouse > Featured developments for sale > New Beachfront Projects > Newly
built property for sale > Colonial
Houses for sale > Urgent properties for sale > Luxury
Apartments > Mid-range
Apartments > Bungalows
in Nuwara Eliya > Houses
in Battaramulla area > Commercial property for sale
in
Colombo > Hotels for Sale > Warehouses for sale > Brand
new apartment > Beachfront properties for sale > Beachfront Apartments for sale > Below Market Value properties > Sri Lanka House Price Index > Sri Lanka Land Price Index > Guide for
foreigners
buying property > All property for Rent > Houses > Apartments > Commercial > Bungalows > Annexes > Hostels > Villas > Studio
/ Bedsit > Rooms
/ Boarding Places > View All Featured Properties > Warehouses for rent > Newly built property for rent > Urgent properties to let > Short
term rentals > Office spaces in
Colombo > Co-working places > House Prices > Find All Land for Sale or Lease > Bare
Land > Beachfront
Land > Cultivated
/ Agriculture > Land
with House > Tea
Estate Land > Rubber
Estate Land > Coconut
Estate Land > Paddy
(Rice) Land > Cinnamon
Estate Land > Waterfront
Land > Featured Land Projects > Lands
in Nuwara Eliya > Investment Lands
within 1 hour of Colombo > Lands
for less than 1 lakh a perch in Western Province > Cultivation
lands within 1 hour from Colombo > Land
Prices in Greater Colombo > View All New Projects > Featured Projects > Apartment FinderNew > Featured Land Projects > Condo Directory > Property
Valuations > Legal
Assistance > Document
preparation & submission > Mortgage
Advice > Fees
& taxes payment > Personal
Assistance > Other
Services > Market
Research and Advisory > Property
Buying Advisory > Business
Buying or Selling Advisory > Property
Buying Assistance for Foreigners > Advisory on Investing
in Sri Lanka > House
Construction > Packers &
Movers > Solar Panels > Invest Home > Top Investment
Properties > Luxury
Apartments > Mid-range
Apartments > Lands and
Bungalows
in Nuwara Eliya > Houses in
Battaramulla area > Cultivation
lands > Investment Lands
within 1 hour of Colombo > Commercial
property
for sale in Colombo > Hotels for
Sale > ROI calculator > Trending Properties > Top Investment
properties > House Price Index > Land price
index > Home Loan Rates > Home
Loan Calculator > Home
Loan Comparison > Market Insights > Price Meter > Property Buying Guide > Foreign Buyers'
Guide > Capital
Gains Tax > Sri Lanka House Price Index > Sri Lanka Land Price Index > Membership Benefits > Market Outlook Report > News & Guides > View All Wanted Properties > Houses wanted > Apartments wanted > Land wanted > Commercial Buildings > Rooms wanted > Post Your
Ad > View All Agents / Agents
Directory > Promote your
property > Become an Agent > Residential
sales > Letting
Agents > Commercial
property agents > Land Sales > Buyer
& Seller Assistance > Promote
your property > View All
Businesses for
Sale > Real
Estate > Restaurant > Construction > Agriculture > Tech > Hospitality > Business > Manufacturing > Garment-Textile > Services-BPO > Maps of Sri Lanka > Area Guide > Point of
Interests > Property Buying Guide > Foreign Buyers'
Guide > Capital
Gains Tax > Sri Lanka House Price Index > Sri Lanka Land Price Index > Membership Benefits > News & Guides > About us > Careers > Contact Us > Events > FAQs > Ideal Home > Appliances &
Electronics > Furniture > Household items > Solar & Hot Water > Bathrooms > Gardening > Kitchen > Professionals > Flooring > House Construction > Lighting > Service Providers > Other Services > Home > ... > Sales > Colombo District > Thalawathugoda > House > Home > ... > Sales > Colombo District > Thalawathugoda > House","With or Without Land, Thalawathugoda",Rs. 40.25 m,40250000.0,True,House,4,4 Bathrooms,3500 sq.ft.,3,7 perches,Available soon,Unfurnished,1 year,,4.0,4.0,3500.0,7.0,"{""Bathrooms/WCs"": ""4"", ""Car parking spaces"": ""2""}",Ultra Modern Luxury House Consists of 4 Bedrooms - Construction on your land 4 Bathrooms Watch video for more info - Call or WhatsApp Living Room Maid's room and bathroom Private Pool Roof top entertainment area Watch the house video below for more info Construction Duration 7 Months 3 Decades of Excellence in the Build Environment UK Qualified Design Team Members Construction Included in the price Private Pool and Outdoor Entertainment Area Car Parking Selected Tiles Selected Rocell Bathroom Fittings Granite Top Kitchen with PVC Pantry Call or WhatsApp for more info
https://www.lankapropertyweb.com/sale/property_details-5926777.html,5926777,2026-08-10T10:29:26.870614+00:00,"Luxury House for Sale Next to Weli Park, Nugegoda","View all > Houses > Apartments > Commercial > Bungalows > Villas > Studio
/ Bedsit > Warehouse > Featured developments for sale > New Beachfront Projects > Newly
built property for sale > Colonial
Houses for sale > Urgent properties for sale > Luxury
Apartments > Mid-range
Apartments > Bungalows
in Nuwara Eliya > Houses
in Battaramulla area > Commercial property for sale
in
Colombo > Hotels for Sale > Warehouses for sale > Brand
new apartment > Beachfront properties for sale > Beachfront Apartments for sale > Below Market Value properties > Sri Lanka House Price Index > Sri Lanka Land Price Index > Guide for
foreigners
buying property > All property for Rent > Houses > Apartments > Commercial > Bungalows > Annexes > Hostels > Villas > Studio
/ Bedsit > Rooms
/ Boarding Places > View All Featured Properties > Warehouses for rent > Newly built property for rent > Urgent properties to let > Short
term rentals > Office spaces in
Colombo > Co-working places > House Prices > Find All Land for Sale or Lease > Bare
Land > Beachfront
Land > Cultivated
/ Agriculture > Land
with House > Tea
Estate Land > Rubber
Estate Land > Coconut
Estate Land > Paddy
(Rice) Land > Cinnamon
Estate Land > Waterfront
Land > Featured Land Projects > Lands
in Nuwara Eliya > Investment Lands
within 1 hour of Colombo > Lands
for less than 1 lakh a perch in Western Province > Cultivation
lands within 1 hour from Colombo > Land
Prices in Greater Colombo > View All New Projects > Featured Projects > Apartment FinderNew > Featured Land Projects > Condo Directory > Property
Valuations > Legal
Assistance > Document
preparation & submission > Mortgage
Advice > Fees
& taxes payment > Personal
Assistance > Other
Services > Market
Research and Advisory > Property
Buying Advisory > Business
Buying or Selling Advisory > Property
Buying Assistance for Foreigners > Advisory on Investing
in Sri Lanka > House
Construction > Packers &
Movers > Solar Panels > Invest Home > Top Investment
Properties > Luxury
Apartments > Mid-range
Apartments > Lands and
Bungalows
in Nuwara Eliya > Houses in
Battaramulla area > Cultivation
lands > Investment Lands
within 1 hour of Colombo > Commercial
property
for sale in Colombo > Hotels for
Sale > ROI calculator > Trending Properties > Top Investment
properties > House Price Index > Land price
index > Home Loan Rates > Home
Loan Calculator > Home
Loan Comparison > Market Insights > Price Meter > Property Buying Guide > Foreign Buyers'
Guide > Capital
Gains Tax > Sri Lanka House Price Index > Sri Lanka Land Price Index > Membership Benefits > Market Outlook Report > News & Guides > View All Wanted Properties > Houses wanted > Apartments wanted > Land wanted > Commercial Buildings > Rooms wanted > Post Your
Ad > View All Agents / Agents
Directory > Promote your
property > Become an Agent > Residential
sales > Letting
Agents > Commercial
property agents > Land Sales > Buyer
& Seller Assistance > Promote
your property > View All
Businesses for
Sale > Real
Estate > Restaurant > Construction > Agriculture > Tech > Hospitality > Business > Manufacturing > Garment-Textile > Services-BPO > Maps of Sri Lanka > Area Guide > Point of
Interests > Property Buying Guide > Foreign Buyers'
Guide > Capital
Gains Tax > Sri Lanka House Price Index > Sri Lanka Land Price Index > Membership Benefits > News & Guides > About us > Careers > Contact Us > Events > FAQs > Ideal Home > Appliances &
Electronics > Furniture > Household items > Solar & Hot Water > Bathrooms > Gardening > Kitchen > Professionals > Flooring > House Construction > Lighting > Service Providers > Other Services > Home > ... > Sales > Colombo District > Nugegoda > House > Home > ... > Sales > Colombo District > Nugegoda > House","Park View Square, Nugegoda","Rs. 180,000,000





",180000000.0,True,House,5,,4750 sq.ft.,2,15 perches,Available Now,,,,5.0,,4750.0,15.0,"{""Bathrooms/WCs"": ""4"", ""Agent Ref"": ""H-WeliP"", ""Car parking spaces"": ""2"", ""Primary USP"": ""Location""}","Large and well maintained 4750 sqft house opposite Weli Park for sale. The property is ideal for both residential and commercial use or can be used as 2 separate units, with a separate entrance to the upper floor. Ground Floor– 2600 Sq.ft Two bedrooms with attached bathrooms Portico that can park two vehicles Large living area Pantry and kitchen with separate entrance Store/utility room Garden space around the house Spacious rear verandah Servants’ quarters and bathroom with separate access. Solar Hot water and overhead storage tank. 3 Phase electricity Upper Floor – 2175 Sq.ft Separate entrance Furnished Three AC bedrooms. One room with two wall-cupboards. Two Bathrooms Large living room with a kitchenet and a powder room (visitors toilet) Attic with storage space. Separate kitchen with a serving counter to the dining area. Large balcony for open air functions. Ground Floor garage with remote controlled roller gate for one Vehicle. Ground floor servants’ quarters with bathroom. Solar Electricity and Hot water. Overhead water storage tank. CCTV"
https://www.lankapropertyweb.com/sale/property_details-5728302.html,5728302,2026-08-10T10:29:29.233828+00:00,Rajagiriya - Kalapaluwawa 04 Bedroom Upstair House at 1st Lane for Sale,"View all > Houses > Apartments > Commercial > Bungalows > Villas > Studio
/ Bedsit > Warehouse > Featured developments for sale > New Beachfront Projects > Newly
built property for sale > Colonial
Houses for sale > Urgent properties for sale > Luxury
Apartments > Mid-range
Apartments > Bungalows
in Nuwara Eliya > Houses
in Battaramulla area > Commercial property for sale
in
Colombo > Hotels for Sale > Warehouses for sale > Brand
new apartment > Beachfront properties for sale > Beachfront Apartments for sale > Below Market Value properties > Sri Lanka House Price Index > Sri Lanka Land Price Index > Guide for
foreigners
buying property > All property for Rent > Houses > Apartments > Commercial > Bungalows > Annexes > Hostels > Villas > Studio
/ Bedsit > Rooms
/ Boarding Places > View All Featured Properties > Warehouses for rent > Newly built property for rent > Urgent properties to let > Short
term rentals > Office spaces in
Colombo > Co-working places > House Prices > Find All Land for Sale or Lease > Bare
Land > Beachfront
Land > Cultivated
/ Agriculture > Land
with House > Tea
Estate Land > Rubber
Estate Land > Coconut
Estate Land > Paddy
(Rice) Land > Cinnamon
Estate Land > Waterfront
Land > Featured Land Projects > Lands
in Nuwara Eliya > Investment Lands
within 1 hour of Colombo > Lands
for less than 1 lakh a perch in Western Province > Cultivation
lands within 1 hour from Colombo > Land
Prices in Greater Colombo > View All New Projects > Featured Projects > Apartment FinderNew > Featured Land Projects > Condo Directory > Property
Valuations > Legal
Assistance > Document
preparation & submission > Mortgage
Advice > Fees
& taxes payment > Personal
Assistance > Other
Services > Market
Research and Advisory > Property
Buying Advisory > Business
Buying or Selling Advisory > Property
Buying Assistance for Foreigners > Advisory on Investing
in Sri Lanka > House
Construction > Packers &
Movers > Solar Panels > Invest Home > Top Investment
Properties > Luxury
Apartments > Mid-range
Apartments > Lands and
Bungalows
in Nuwara Eliya > Houses in
Battaramulla area > Cultivation
lands > Investment Lands
within 1 hour of Colombo > Commercial
property
for sale in Colombo > Hotels for
Sale > ROI calculator > Trending Properties > Top Investment
properties > House Price Index > Land price
index > Home Loan Rates > Home
Loan Calculator > Home
Loan Comparison > Market Insights > Price Meter > Property Buying Guide > Foreign Buyers'
Guide > Capital
Gains Tax > Sri Lanka House Price Index > Sri Lanka Land Price Index > Membership Benefits > Market Outlook Report > News & Guides > View All Wanted Properties > Houses wanted > Apartments wanted > Land wanted > Commercial Buildings > Rooms wanted > Post Your
Ad > View All Agents / Agents
Directory > Promote your
property > Become an Agent > Residential
sales > Letting
Agents > Commercial
property agents > Land Sales > Buyer
& Seller Assistance > Promote
your property > View All
Businesses for
Sale > Real
Estate > Restaurant > Construction > Agriculture > Tech > Hospitality > Business > Manufacturing > Garment-Textile > Services-BPO > Maps of Sri Lanka > Area Guide > Point of
Interests > Property Buying Guide > Foreign Buyers'
Guide > Capital
Gains Tax > Sri Lanka House Price Index > Sri Lanka Land Price Index > Membership Benefits > News & Guides > About us > Careers > Contact Us > Events > FAQs > Ideal Home > Appliances &
Electronics > Furniture > Household items > Solar & Hot Water > Bathrooms > Gardening > Kitchen > Professionals > Flooring > House Construction > Lighting > Service Providers > Other Services > Home > ... > Sales > Colombo District > Rajagiriya > House > Home > ... > Sales > Colombo District > Rajagiriya > House","Kalapaluwawa, Rajagiriya","Rs. 62,000,000





",62000000.0,True,House,4,,2500 sq.ft.,,10 perches,Available Now,,,,4.0,,2500.0,10.0,"{""Bathrooms/WCs"": ""3""}","Description of the Property : Rajagiriya - Kalapaluwawa 01st Lane Upstair House on 10 Perches Ground Floor - 01 Bedroom - 01 Washroom - Living, Dining and Pantry - Tiled Floor First Floor - 03 Bedrooms - 02 Washrooms - Large Balcony - Cut Titanium Floor Second Floor - Large Roof Top 2500 Sq. Ft External Maid's Washroom 300 meters to Kalapaluwawa - Koswatta Main Road 1.3 Km to Ambagaha Junction 03 Km to Rajagiriya Town Center Excellent Residential Area Price : Rs. 62 Million Negotiable"
https://www.lankapropertyweb.com/sale/property_details-5927474.html,5927474,2026-08-10T10:29:32.078797+00:00,"4 Bedroom House for Sale in Park Road, Colombo 05 | 8 Perches | Prime Residential Property","View all > Houses > Apartments > Commercial > Bungalows > Villas > Studio
/ Bedsit > Warehouse > Featured developments for sale > New Beachfront Projects > Newly
built property for sale > Colonial
Houses for sale > Urgent properties for sale > Luxury
Apartments > Mid-range
Apartments > Bungalows
in Nuwara Eliya > Houses
in Battaramulla area > Commercial property for sale
in
Colombo > Hotels for Sale > Warehouses for sale > Brand
new apartment > Beachfront properties for sale > Beachfront Apartments for sale > Below Market Value properties > Sri Lanka House Price Index > Sri Lanka Land Price Index > Guide for
foreigners
buying property > All property for Rent > Houses > Apartments > Commercial > Bungalows > Annexes > Hostels > Villas > Studio
/ Bedsit > Rooms
/ Boarding Places > View All Featured Properties > Warehouses for rent > Newly built property for rent > Urgent properties to let > Short
term rentals > Office spaces in
Colombo > Co-working places > House Prices > Find All Land for Sale or Lease > Bare
Land > Beachfront
Land > Cultivated
/ Agriculture > Land
with House > Tea
Estate Land > Rubber
Estate Land > Coconut
Estate Land > Paddy
(Rice) Land > Cinnamon
Estate Land > Waterfront
Land > Featured Land Projects > Lands
in Nuwara Eliya > Investment Lands
within 1 hour of Colombo > Lands
for less than 1 lakh a perch in Western Province > Cultivation
lands within 1 hour from Colombo > Land
Prices in Greater Colombo > View All New Projects > Featured Projects > Apartment FinderNew > Featured Land Projects > Condo Directory > Property
Valuations > Legal
Assistance > Document
preparation & submission > Mortgage
Advice > Fees
& taxes payment > Personal
Assistance > Other
Services > Market
Research and Advisory > Property
Buying Advisory > Business
Buying or Selling Advisory > Property
Buying Assistance for Foreigners > Advisory on Investing
in Sri Lanka > House
Construction > Packers &
Movers > Solar Panels > Invest Home > Top Investment
Properties > Luxury
Apartments > Mid-range
Apartments > Lands and
Bungalows
in Nuwara Eliya > Houses in
Battaramulla area > Cultivation
lands > Investment Lands
within 1 hour of Colombo > Commercial
property
for sale in Colombo > Hotels for
Sale > ROI calculator > Trending Properties > Top Investment
properties > House Price Index > Land price
index > Home Loan Rates > Home
Loan Calculator > Home
Loan Comparison > Market Insights > Price Meter > Property Buying Guide > Foreign Buyers'
Guide > Capital
Gains Tax > Sri Lanka House Price Index > Sri Lanka Land Price Index > Membership Benefits > Market Outlook Report > News & Guides > View All Wanted Properties > Houses wanted > Apartments wanted > Land wanted > Commercial Buildings > Rooms wanted > Post Your
Ad > View All Agents / Agents
Directory > Promote your
property > Become an Agent > Residential
sales > Letting
Agents > Commercial
property agents > Land Sales > Buyer
& Seller Assistance > Promote
your property > View All
Businesses for
Sale > Real
Estate > Restaurant > Construction > Agriculture > Tech > Hospitality > Business > Manufacturing > Garment-Textile > Services-BPO > Maps of Sri Lanka > Area Guide > Point of
Interests > Property Buying Guide > Foreign Buyers'
Guide > Capital
Gains Tax > Sri Lanka House Price Index > Sri Lanka Land Price Index > Membership Benefits > News & Guides > About us > Careers > Contact Us > Events > FAQs > Ideal Home > Appliances &
Electronics > Furniture > Household items > Solar & Hot Water > Bathrooms > Gardening > Kitchen > Professionals > Flooring > House Construction > Lighting > Service Providers > Other Services > Home > ... > Sales > Colombo District > Colombo 5 > House > Home > ... > Sales > Colombo District > Colombo 5 > House","Park Road, Colombo 5","Rs. 120,000,000
  ",120000000.0,True,House,4,,2800 sq.ft.,2,8 perches,For Urgent Sale,,,,4.0,,2800.0,8.0,"{""Bathrooms/WCs"": ""3"", ""Car parking spaces"": ""2""}","🏡 ** House for Sale – Park Road, Colombo 05** A rare opportunity to own a spacious family home in one of **Colombo 05's most prestigious residential neighborhoods**. Located on the highly sought-after **Park Road**, this property offers generous living space, excellent accessibility, and outstanding investment value. ### Property Details 📍 Location: Park Road, Colombo 05 📏 Land Extent: 8 Perches 🏠 Floor Area: Approximately 2,800 Sq. Ft. ### House Features 🛏 4 Spacious Bedrooms 🚿 3 Modern Bathrooms 🛋 Large Living & Lobby Area 🍽 Fully Equipped Pantry 🚗 Secure Parking 🧹 Separate Workers' Quarters 🌳 Beautiful Front Garden ### Highlights ✔ Prime residential address in Colombo 05 ✔ Spacious layout ideal for family living ✔ Peaceful and highly sought-after neighborhood ✔ Close to leading international schools, hospitals, supermarkets, restaurants, banks, and all essential amenities ✔ Excellent investment opportunity with high appreciation potential ✔ Wide Road Frontage 💰 **Asking Price:** LKR 120 Million (Negotiable) Price is Land value A premium property in one of Colombo's most desirable locations—ideal for luxury family living or long-term investment."
https://www.lankapropertyweb.com/sale/property_details-5925299.html,5925299,2026-08-10T10:29:35.326140+00:00,"Grand Family Residence with Premium Finishes + 13.6 Perch Additional Land to Build Another House — Lion City, Katunayake","View all > Houses > Apartments > Commercial > Bungalows > Villas > Studio
/ Bedsit > Warehouse > Featured developments for sale > New Beachfront Projects > Newly
built property for sale > Colonial
Houses for sale > Urgent properties for sale > Luxury
Apartments > Mid-range
Apartments > Bungalows
in Nuwara Eliya > Houses
in Battaramulla area > Commercial property for sale
in
Colombo > Hotels for Sale > Warehouses for sale > Brand
new apartment > Beachfront properties for sale > Beachfront Apartments for sale > Below Market Value properties > Sri Lanka House Price Index > Sri Lanka Land Price Index > Guide for
foreigners
buying property > All property for Rent > Houses > Apartments > Commercial > Bungalows > Annexes > Hostels > Villas > Studio
/ Bedsit > Rooms
/ Boarding Places > View All Featured Properties > Warehouses for rent > Newly built property for rent > Urgent properties to let > Short
term rentals > Office spaces in
Colombo > Co-working places > House Prices > Find All Land for Sale or Lease > Bare
Land > Beachfront
Land > Cultivated
/ Agriculture > Land
with House > Tea
Estate Land > Rubber
Estate Land > Coconut
Estate Land > Paddy
(Rice) Land > Cinnamon
Estate Land > Waterfront
Land > Featured Land Projects > Lands
in Nuwara Eliya > Investment Lands
within 1 hour of Colombo > Lands
for less than 1 lakh a perch in Western Province > Cultivation
lands within 1 hour from Colombo > Land
Prices in Greater Colombo > View All New Projects > Featured Projects > Apartment FinderNew > Featured Land Projects > Condo Directory > Property
Valuations > Legal
Assistance > Document
preparation & submission > Mortgage
Advice > Fees
& taxes payment > Personal
Assistance > Other
Services > Market
Research and Advisory > Property
Buying Advisory > Business
Buying or Selling Advisory > Property
Buying Assistance for Foreigners > Advisory on Investing
in Sri Lanka > House
Construction > Packers &
Movers > Solar Panels > Invest Home > Top Investment
Properties > Luxury
Apartments > Mid-range
Apartments > Lands and
Bungalows
in Nuwara Eliya > Houses in
Battaramulla area > Cultivation
lands > Investment Lands
within 1 hour of Colombo > Commercial
property
for sale in Colombo > Hotels for
Sale > ROI calculator > Trending Properties > Top Investment
properties > House Price Index > Land price
index > Home Loan Rates > Home
Loan Calculator > Home
Loan Comparison > Market Insights > Price Meter > Property Buying Guide > Foreign Buyers'
Guide > Capital
Gains Tax > Sri Lanka House Price Index > Sri Lanka Land Price Index > Membership Benefits > Market Outlook Report > News & Guides > View All Wanted Properties > Houses wanted > Apartments wanted > Land wanted > Commercial Buildings > Rooms wanted > Post Your
Ad > View All Agents / Agents
Directory > Promote your
property > Become an Agent > Residential
sales > Letting
Agents > Commercial
property agents > Land Sales > Buyer
& Seller Assistance > Promote
your property > View All
Businesses for
Sale > Real
Estate > Restaurant > Construction > Agriculture > Tech > Hospitality > Business > Manufacturing > Garment-Textile > Services-BPO > Maps of Sri Lanka > Area Guide > Point of
Interests > Property Buying Guide > Foreign Buyers'
Guide > Capital
Gains Tax > Sri Lanka House Price Index > Sri Lanka Land Price Index > Membership Benefits > News & Guides > About us > Careers > Contact Us > Events > FAQs > Ideal Home > Appliances &
Electronics > Furniture > Household items > Solar & Hot Water > Bathrooms > Gardening > Kitchen > Professionals > Flooring > House Construction > Lighting > Service Providers > Other Services > Home > ... > Sales > Gampaha District > Katunayake > House > Home > ... > Sales > Gampaha District > Katunayake > House","Lion City , Katunayake","Rs. 125,000,000


















",125000000.0,True,House,5,,4500 sq.ft.,5,27.4 perches,For Urgent Sale,Semi-furnished,10+ years,30 ft.,5.0,,4500.0,27.4,"{""Bathrooms/WCs"": ""4"", ""Car parking spaces"": ""10""}","Tucked within the secure embrace of the prestigious Lion City gated community in Katunayake, this exceptional two-storey family home commands attention the moment you arrive. Designed and built with genuine ambition — not merely to impress at first glance, but to support a full and comfortable life for decades — every room tells the story of a home that was crafted with thought, quality, and family at its heart. With 24-hour manned security, a community swimming pool, and a fully equipped gymnasium included as standard, the Lion City precinct offers a lifestyle that few addresses in the greater Negombo region can match. Step through the double gates and into a world where the noise of everyday life recedes — this is private living at its finest. From the sweeping open veranda that stretches across the full living frontage, to the master suite's floating ceiling and private balcony upstairs, the floor plan flows naturally between formal entertaining and relaxed family life. A fully equipped kitchen — with gas cooktop, centre island, and dedicated pantry — anchors the ground floor, while separate servants' quarters with a traditional Sri Lankan-style outdoor kitchen provide versatility rarely found at this level. Ground Floor Wide open veranda across the living and pantry Formal living and dining Small lounge area near staircase 1st Large Bedroom 1st Bathroom Fully equipped pantry with gas cooktop and centre island Storeroom First Floor TV lobby with balcony Master bedroom with balcony and floating ceiling Walk-in robe Fully equipped ensuite 2nd bedroom with A/C 3rd large bedroom 3rd toilet and shower Servants' Quarters - 5th Servants' room Sri Lankan-style wet kitchen Servants' toilet Other Common Facilities 10-feet-high parapet wall with security fence on top 2 Solar powered hot water systems Double garage gate Separate man gate ADSL internet and telephone Three-phase electricity Water board water connection Tube well with automatic tank filling Each room with A/C Master bedroom, TV room, and formal lounge with stereo system TVs in master bedroom and TV lobby Entire house equipped with fans A Home for the Next Chapter Homes of this calibre — combining a secure gated community, resort-style amenities, and genuine family-first design — don't come to market often in Katunayake. With a motivated vendor and a firm price of LKR 125,000,000, this is a rare window for a buyer ready to secure something special. Private inspections only. Contact Dilan ( The Owner) today to arrange your viewing before this opportunity closes."
https://www.lankapropertyweb.com/sale/property_details-5915795.html,5915795,2026-08-10T10:29:39.254007+00:00,🏡 Luxury 2-Story House with Rooftop in Kesbewa - 5 Spacious Bedrooms,"View all > Houses > Apartments > Commercial > Bungalows > Villas > Studio
/ Bedsit > Warehouse > Featured developments for sale > New Beachfront Projects > Newly
built property for sale > Colonial
Houses for sale > Urgent properties for sale > Luxury
Apartments > Mid-range
Apartments > Bungalows
in Nuwara Eliya > Houses
in Battaramulla area > Commercial property for sale
in
Colombo > Hotels for Sale > Warehouses for sale > Brand
new apartment > Beachfront properties for sale > Beachfront Apartments for sale > Below Market Value properties > Sri Lanka House Price Index > Sri Lanka Land Price Index > Guide for
foreigners
buying property > All property for Rent > Houses > Apartments > Commercial > Bungalows > Annexes > Hostels > Villas > Studio
/ Bedsit > Rooms
/ Boarding Places > View All Featured Properties > Warehouses for rent > Newly built property for rent > Urgent properties to let > Short
term rentals > Office spaces in
Colombo > Co-working places > House Prices > Find All Land for Sale or Lease > Bare
Land > Beachfront
Land > Cultivated
/ Agriculture > Land
with House > Tea
Estate Land > Rubber
Estate Land > Coconut
Estate Land > Paddy
(Rice) Land > Cinnamon
Estate Land > Waterfront
Land > Featured Land Projects > Lands
in Nuwara Eliya > Investment Lands
within 1 hour of Colombo > Lands
for less than 1 lakh a perch in Western Province > Cultivation
lands within 1 hour from Colombo > Land
Prices in Greater Colombo > View All New Projects > Featured Projects > Apartment FinderNew > Featured Land Projects > Condo Directory > Property
Valuations > Legal
Assistance > Document
preparation & submission > Mortgage
Advice > Fees
& taxes payment > Personal
Assistance > Other
Services > Market
Research and Advisory > Property
Buying Advisory > Business
Buying or Selling Advisory > Property
Buying Assistance for Foreigners > Advisory on Investing
in Sri Lanka > House
Construction > Packers &
Movers > Solar Panels > Invest Home > Top Investment
Properties > Luxury
Apartments > Mid-range
Apartments > Lands and
Bungalows
in Nuwara Eliya > Houses in
Battaramulla area > Cultivation
lands > Investment Lands
within 1 hour of Colombo > Commercial
property
for sale in Colombo > Hotels for
Sale > ROI calculator > Trending Properties > Top Investment
properties > House Price Index > Land price
index > Home Loan Rates > Home
Loan Calculator > Home
Loan Comparison > Market Insights > Price Meter > Property Buying Guide > Foreign Buyers'
Guide > Capital
Gains Tax > Sri Lanka House Price Index > Sri Lanka Land Price Index > Membership Benefits > Market Outlook Report > News & Guides > View All Wanted Properties > Houses wanted > Apartments wanted > Land wanted > Commercial Buildings > Rooms wanted > Post Your
Ad > View All Agents / Agents
Directory > Promote your
property > Become an Agent > Residential
sales > Letting
Agents > Commercial
property agents > Land Sales > Buyer
& Seller Assistance > Promote
your property > View All
Businesses for
Sale > Real
Estate > Restaurant > Construction > Agriculture > Tech > Hospitality > Business > Manufacturing > Garment-Textile > Services-BPO > Maps of Sri Lanka > Area Guide > Point of
Interests > Property Buying Guide > Foreign Buyers'
Guide > Capital
Gains Tax > Sri Lanka House Price Index > Sri Lanka Land Price Index > Membership Benefits > News & Guides > About us > Careers > Contact Us > Events > FAQs > Ideal Home > Appliances &
Electronics > Furniture > Household items > Solar & Hot Water > Bathrooms > Gardening > Kitchen > Professionals > Flooring > House Construction > Lighting > Service Providers > Other Services > Home > ... > Sales > Colombo District > Kesbewa > House > Home > ... > Sales > Colombo District > Kesbewa > House",Kesbewa,"Rs. 33,000,000





",33000000.0,True,House,5,,2171.16 sq.ft.,,6.9 perches,Available Now,,,,5.0,,2171.16,6.9,"{""Bathrooms/WCs"": ""4""}",කැස්බැවේ තියෙන 2 Story + Rooftop සහිත සුපිරි නිවසක් නිදන කාමර 5 ක් සහිත ❤️ 🏡 COC Approval House for Sale – Kesbawa 💫 📍 Location: Kesbawa ( Near Keells Supermarket ) 📏 Land Size: 6:9 Perches 🏠 House Size: 2171.16 sq.ft ( Ground Floor : 1166 sq.ft + First Floor 1004 Sq.ft) ✨ Property Features: ✔️ 5 Bedrooms | 4!Bathrooms ✔️ Living & Dining Areas ✔️ TV Lobby ✔️ Kitchen with Pantry ( Dry & Wet) ✔️ Rooftop Area 🚪 Roller Gate + Wicket Gate 🔌 Facilities: ✔️ Hot Water System ✔️ Fully Tiled ✔️ CCTV System 📍 Location Benefits: ✔️ Bus Route – 80 M ( Keasbawa - Bandaragama Road) ✔️ Kesbawa Town - 600 M ✔️ Piliyandala Town – 4.5km ◾️Keells Super ( කැස්බෑව)- 200 M ◾️Fuel Station - 200 M 📜 Clear Deeds | COC Approved 🏡 Calm & Highly Residential Area ♦️ 33 million 📞 Call / WhatsApp - Owner ⚡ Serious Buyers Only
https://www.lankapropertyweb.com/sale/property_details-5927075.html,5927075,2026-08-10T10:29:42.938163+00:00,"Spacious 4-Bedroom Two-Story House for Sale in Mavittara, Piliyandala","View all > Houses > Apartments > Commercial > Bungalows > Villas > Studio
/ Bedsit > Warehouse > Featured developments for sale > New Beachfront Projects > Newly
built property for sale > Colonial
Houses for sale > Urgent properties for sale > Luxury
Apartments > Mid-range
Apartments > Bungalows
in Nuwara Eliya > Houses
in Battaramulla area > Commercial property for sale
in
Colombo > Hotels for Sale > Warehouses for sale > Brand
new apartment > Beachfront properties for sale > Beachfront Apartments for sale > Below Market Value properties > Sri Lanka House Price Index > Sri Lanka Land Price Index > Guide for
foreigners
buying property > All property for Rent > Houses > Apartments > Commercial > Bungalows > Annexes > Hostels > Villas > Studio
/ Bedsit > Rooms
/ Boarding Places > View All Featured Properties > Warehouses for rent > Newly built property for rent > Urgent properties to let > Short
term rentals > Office spaces in
Colombo > Co-working places > House Prices > Find All Land for Sale or Lease > Bare
Land > Beachfront
Land > Cultivated
/ Agriculture > Land
with House > Tea
Estate Land > Rubber
Estate Land > Coconut
Estate Land > Paddy
(Rice) Land > Cinnamon
Estate Land > Waterfront
Land > Featured Land Projects > Lands
in Nuwara Eliya > Investment Lands
within 1 hour of Colombo > Lands
for less than 1 lakh a perch in Western Province > Cultivation
lands within 1 hour from Colombo > Land
Prices in Greater Colombo > View All New Projects > Featured Projects > Apartment FinderNew > Featured Land Projects > Condo Directory > Property
Valuations > Legal
Assistance > Document
preparation & submission > Mortgage
Advice > Fees
& taxes payment > Personal
Assistance > Other
Services > Market
Research and Advisory > Property
Buying Advisory > Business
Buying or Selling Advisory > Property
Buying Assistance for Foreigners > Advisory on Investing
in Sri Lanka > House
Construction > Packers &
Movers > Solar Panels > Invest Home > Top Investment
Properties > Luxury
Apartments > Mid-range
Apartments > Lands and
Bungalows
in Nuwara Eliya > Houses in
Battaramulla area > Cultivation
lands > Investment Lands
within 1 hour of Colombo > Commercial
property
for sale in Colombo > Hotels for
Sale > ROI calculator > Trending Properties > Top Investment
properties > House Price Index > Land price
index > Home Loan Rates > Home
Loan Calculator > Home
Loan Comparison > Market Insights > Price Meter > Property Buying Guide > Foreign Buyers'
Guide > Capital
Gains Tax > Sri Lanka House Price Index > Sri Lanka Land Price Index > Membership Benefits > Market Outlook Report > News & Guides > View All Wanted Properties > Houses wanted > Apartments wanted > Land wanted > Commercial Buildings > Rooms wanted > Post Your
Ad > View All Agents / Agents
Directory > Promote your
property > Become an Agent > Residential
sales > Letting
Agents > Commercial
property agents > Land Sales > Buyer
& Seller Assistance > Promote
your property > View All
Businesses for
Sale > Real
Estate > Restaurant > Construction > Agriculture > Tech > Hospitality > Business > Manufacturing > Garment-Textile > Services-BPO > Maps of Sri Lanka > Area Guide > Point of
Interests > Property Buying Guide > Foreign Buyers'
Guide > Capital
Gains Tax > Sri Lanka House Price Index > Sri Lanka Land Price Index > Membership Benefits > News & Guides > About us > Careers > Contact Us > Events > FAQs > Ideal Home > Appliances &
Electronics > Furniture > Household items > Solar & Hot Water > Bathrooms > Gardening > Kitchen > Professionals > Flooring > House Construction > Lighting > Service Providers > Other Services > Home > ... > Sales > Colombo District > Piliyandala > House > Home > ... > Sales > Colombo District > Piliyandala > House",Piliyandala,"Rs. 44,000,000


















",44000000.0,True,House,4,2 bathrooms,3030 sq.ft.,2,12.5 perches,For Urgent Sale,,,,4.0,2.0,3030.0,12.5,"{""Bathrooms/WCs"": ""2"", ""Car parking spaces"": ""2""}","Address: Pinidiyagara Watta, Mavittara, Piliyandala A well-built two-story house located in the peaceful and highly residential area of Pinidiyagara Watta, Mavittara, Piliyandala. Built on 12.5 perches of land with additional space for future extensions or landscaping. Property Features 🏡 4 spacious bedrooms (1 air-conditioned) 💼 1 office/study room 🚿 2 bathrooms + 1 servant's toilet 🛋️ 2 comfortable living rooms 🍽️ Separate dining area 👨‍🍳 Kitchen 🔄 Separate access to the upper floor from both inside and outside, ideal for extended families or rental income potential 🚗 Private parking 🚙 Excellent road access 💧 Water supply from both a private well and the main water line ⚡ 2 separate electricity meters ✅ Area not prone to landslides or flooding Convenient Location 📍 700 m to Mavittara Junction 📍 2.5 km to Piliyandala Town 📍 3.5 km to Kesbewa Junction Close to supermarkets, banks, schools, hospitals, and all essential amenities This property is ideal for families looking for a spacious home in a convenient residential location or investors seeking excellent rental potential. For more information or to arrange a viewing, please contact via WhatsApp: ලිපිනය: පිනිදියගාර වත්ත, මාවිත්තර, පිළියන්දල නිස්කලංක හා ඉතා හොඳ නේවාසික පරිසරයක පිහිටි, පර්චස් 12.5ක ඉඩමක ඉදිකර ඇති ශක්තිමත් දෙමහල් නිවසක්. අනාගතයේදී නිවස පුළුල් කිරීමට හෝ අලංකරණය සඳහා අමතර ඉඩකඩක්ද ඇත. නිවසේ පහසුකම් 🏡 විශාල නිදන කාමර 4ක් (එකක් වායුසමීකරණය කර ඇත) 💼 කාර්යාල/අධ්‍යයන කාමරයක් 🚿 නාන කාමර 2ක් සහ සේවක වැසිකිළියක් 🛋️ සුවපහසු විසිත්ත කාමර 2ක් 🍽️ වෙනම ආහාර ගන්නා කාමරයක් 👨‍🍳 මුළුතැන්ගෙයක් 🔄 ඉහළ මහලට ඇතුළත සහ පිටත සිට වෙනම ප්‍රවේශය (විශාල පවුල් සඳහා හෝ කුලියට දීමට ඉතා සුදුසුයි) 🚗 පෞද්ගලික වාහන නැවැත්වීමේ පහසුකම් 🚙 හොඳ මාර්ග ප්‍රවේශය 💧 ළිං ජලය සහ ප්‍රධාන ජල සැපයුම ⚡ වෙනම විදුලි මීටර් 2ක් ✅ නායයෑම් හෝ ගංවතුර අවදානමක් නොමැති ප්‍රදේශයක පිහිටා ඇත පහසු ස්ථානය 📍 මාවිත්තර හංදියට මීටර් 700 📍 පිළියන්දල නගරයට කි.මී. 2.5 📍 කැස්බෑව හංදියට කි.මී. 3.5 සුපිරි වෙළඳසැල්, බැංකු, පාසල්, රෝහල් සහ අනෙකුත් සියලුම අත්‍යවශ්‍ය පහසුකම් ඉතා ආසන්නයේ පිහිටා ඇත. පවුලක් සඳහා සුවපහසු නිවසක් ලෙසත්, කුලී ආදායමක් ලබා ගැනීමට කැමති ආයෝජකයින් සඳහාත් ඉතා සුදුසු දේපළකි. වැඩි විස්තර සඳහා හෝ නිවස බැලීමට WhatsApp මඟින් අමතන්න:"
https://www.lankapropertyweb.com/sale/property_details-5927421.html,5927421,2026-08-10T10:29:45.553492+00:00,House for sale in Nugegoda,"View all > Houses > Apartments > Commercial > Bungalows > Villas > Studio
/ Bedsit > Warehouse > Featured developments for sale > New Beachfront Projects > Newly
built property for sale > Colonial
Houses for sale > Urgent properties for sale > Luxury
Apartments > Mid-range
Apartments > Bungalows
in Nuwara Eliya > Houses
in Battaramulla area > Commercial property for sale
in
Colombo > Hotels for Sale > Warehouses for sale > Brand
new apartment > Beachfront properties for sale > Beachfront Apartments for sale > Below Market Value properties > Sri Lanka House Price Index > Sri Lanka Land Price Index > Guide for
foreigners
buying property > All property for Rent > Houses > Apartments > Commercial > Bungalows > Annexes > Hostels > Villas > Studio
/ Bedsit > Rooms
/ Boarding Places > View All Featured Properties > Warehouses for rent > Newly built property for rent > Urgent properties to let > Short
term rentals > Office spaces in
Colombo > Co-working places > House Prices > Find All Land for Sale or Lease > Bare
Land > Beachfront
Land > Cultivated
/ Agriculture > Land
with House > Tea
Estate Land > Rubber
Estate Land > Coconut
Estate Land > Paddy
(Rice) Land > Cinnamon
Estate Land > Waterfront
Land > Featured Land Projects > Lands
in Nuwara Eliya > Investment Lands
within 1 hour of Colombo > Lands
for less than 1 lakh a perch in Western Province > Cultivation
lands within 1 hour from Colombo > Land
Prices in Greater Colombo > View All New Projects > Featured Projects > Apartment FinderNew > Featured Land Projects > Condo Directory > Property
Valuations > Legal
Assistance > Document
preparation & submission > Mortgage
Advice > Fees
& taxes payment > Personal
Assistance > Other
Services > Market
Research and Advisory > Property
Buying Advisory > Business
Buying or Selling Advisory > Property
Buying Assistance for Foreigners > Advisory on Investing
in Sri Lanka > House
Construction > Packers &
Movers > Solar Panels > Invest Home > Top Investment
Properties > Luxury
Apartments > Mid-range
Apartments > Lands and
Bungalows
in Nuwara Eliya > Houses in
Battaramulla area > Cultivation
lands > Investment Lands
within 1 hour of Colombo > Commercial
property
for sale in Colombo > Hotels for
Sale > ROI calculator > Trending Properties > Top Investment
properties > House Price Index > Land price
index > Home Loan Rates > Home
Loan Calculator > Home
Loan Comparison > Market Insights > Price Meter > Property Buying Guide > Foreign Buyers'
Guide > Capital
Gains Tax > Sri Lanka House Price Index > Sri Lanka Land Price Index > Membership Benefits > Market Outlook Report > News & Guides > View All Wanted Properties > Houses wanted > Apartments wanted > Land wanted > Commercial Buildings > Rooms wanted > Post Your
Ad > View All Agents / Agents
Directory > Promote your
property > Become an Agent > Residential
sales > Letting
Agents > Commercial
property agents > Land Sales > Buyer
& Seller Assistance > Promote
your property > View All
Businesses for
Sale > Real
Estate > Restaurant > Construction > Agriculture > Tech > Hospitality > Business > Manufacturing > Garment-Textile > Services-BPO > Maps of Sri Lanka > Area Guide > Point of
Interests > Property Buying Guide > Foreign Buyers'
Guide > Capital
Gains Tax > Sri Lanka House Price Index > Sri Lanka Land Price Index > Membership Benefits > News & Guides > About us > Careers > Contact Us > Events > FAQs > Ideal Home > Appliances &
Electronics > Furniture > Household items > Solar & Hot Water > Bathrooms > Gardening > Kitchen > Professionals > Flooring > House Construction > Lighting > Service Providers > Other Services > Home > ... > Sales > Colombo District > Nugegoda > House > Home > ... > Sales > Colombo District > Nugegoda > House","Walauwatte Road, Nugegoda","Rs. 70,000,000
  ",70000000.0,True,House,4,,2100 sq.ft.,4,20 perches,Available Now,Unfurnished,25+ years,15 ft.,4.0,,2100.0,20.0,,"4BR House in Nugegoda on a 20 Perch rectangular land. Convenient and quite location. 8 minute walk to Delkanda Junction. House is 38 years old, therefore the asking price is for the land value only. There is a strip of land marked ""Ditch"" in the survey plan, 1.48 perch. This is part of the land as well in addition to the 20 perches. Therefore total extent including the ditch is 21.48 perches."
https://www.lankapropertyweb.com/sale/property_details-5929658.html,5929658,2026-08-10T10:29:48.986776+00:00,3 Bedroom house for sale in Rathmalana for Rs. 60 million (negotiable),"View all > Houses > Apartments > Commercial > Bungalows > Villas > Studio
/ Bedsit > Warehouse > Featured developments for sale > New Beachfront Projects > Newly
built property for sale > Colonial
Houses for sale > Urgent properties for sale > Luxury
Apartments > Mid-range
Apartments > Bungalows
in Nuwara Eliya > Houses
in Battaramulla area > Commercial property for sale
in
Colombo > Hotels for Sale > Warehouses for sale > Brand
new apartment > Beachfront properties for sale > Beachfront Apartments for sale > Below Market Value properties > Sri Lanka House Price Index > Sri Lanka Land Price Index > Guide for
foreigners
buying property > All property for Rent > Houses > Apartments > Commercial > Bungalows > Annexes > Hostels > Villas > Studio
/ Bedsit > Rooms
/ Boarding Places > View All Featured Properties > Warehouses for rent > Newly built property for rent > Urgent properties to let > Short
term rentals > Office spaces in
Colombo > Co-working places > House Prices > Find All Land for Sale or Lease > Bare
Land > Beachfront
Land > Cultivated
/ Agriculture > Land
with House > Tea
Estate Land > Rubber
Estate Land > Coconut
Estate Land > Paddy
(Rice) Land > Cinnamon
Estate Land > Waterfront
Land > Featured Land Projects > Lands
in Nuwara Eliya > Investment Lands
within 1 hour of Colombo > Lands
for less than 1 lakh a perch in Western Province > Cultivation
lands within 1 hour from Colombo > Land
Prices in Greater Colombo > View All New Projects > Featured Projects > Apartment FinderNew > Featured Land Projects > Condo Directory > Property
Valuations > Legal
Assistance > Document
preparation & submission > Mortgage
Advice > Fees
& taxes payment > Personal
Assistance > Other
Services > Market
Research and Advisory > Property
Buying Advisory > Business
Buying or Selling Advisory > Property
Buying Assistance for Foreigners > Advisory on Investing
in Sri Lanka > House
Construction > Packers &
Movers > Solar Panels > Invest Home > Top Investment
Properties > Luxury
Apartments > Mid-range
Apartments > Lands and
Bungalows
in Nuwara Eliya > Houses in
Battaramulla area > Cultivation
lands > Investment Lands
within 1 hour of Colombo > Commercial
property
for sale in Colombo > Hotels for
Sale > ROI calculator > Trending Properties > Top Investment
properties > House Price Index > Land price
index > Home Loan Rates > Home
Loan Calculator > Home
Loan Comparison > Market Insights > Price Meter > Property Buying Guide > Foreign Buyers'
Guide > Capital
Gains Tax > Sri Lanka House Price Index > Sri Lanka Land Price Index > Membership Benefits > Market Outlook Report > News & Guides > View All Wanted Properties > Houses wanted > Apartments wanted > Land wanted > Commercial Buildings > Rooms wanted > Post Your
Ad > View All Agents / Agents
Directory > Promote your
property > Become an Agent > Residential
sales > Letting
Agents > Commercial
property agents > Land Sales > Buyer
& Seller Assistance > Promote
your property > View All
Businesses for
Sale > Real
Estate > Restaurant > Construction > Agriculture > Tech > Hospitality > Business > Manufacturing > Garment-Textile > Services-BPO > Maps of Sri Lanka > Area Guide > Point of
Interests > Property Buying Guide > Foreign Buyers'
Guide > Capital
Gains Tax > Sri Lanka House Price Index > Sri Lanka Land Price Index > Membership Benefits > News & Guides > About us > Careers > Contact Us > Events > FAQs > Ideal Home > Appliances &
Electronics > Furniture > Household items > Solar & Hot Water > Bathrooms > Gardening > Kitchen > Professionals > Flooring > House Construction > Lighting > Service Providers > Other Services > Home > ... > Sales > Colombo District > Rathmalana > House > Home > ... > Sales > Colombo District > Rathmalana > House",Rathmalana,Rs. 60 m,60000000.0,True,House,3,,,,13.2 perches,For Urgent Sale,Unfurnished,,,3.0,,,13.2,"{""Bathrooms/WCs"": ""2""}","House for Sale – Rathmalana 💰 Price: LKR 60 Million 📍 Location: Rathmalana 📐 Land Extent: 13.2 Perches 🏠 Floor Area: 3,600 Sq. Ft. Property Features 🛏️ 3 Spacious Bedrooms (including a master bedroom with attached bathroom) 🚿 1 Common Bathroom 🚻 1 Domestic/Outdoor Toilet 🛋️ Spacious Living Room 🍽️ Modern Pantry 🧺 Separate Laundry Room 🚗 Garage 🌿 Front Lawn / Garden 🏡 Cemented Backyard This spacious home offers generous indoor and outdoor living areas, making it ideal for families seeking comfort and convenience in the highly sought-after Rathmalana area."
https://www.lankapropertyweb.com/sale/property_details-5923890.html,5923890,2026-08-10T10:29:52.247432+00:00,House for sale in Colombo 5 Byrde Place,"View all > Houses > Apartments > Commercial > Bungalows > Villas > Studio
/ Bedsit > Warehouse > Featured developments for sale > New Beachfront Projects > Newly
built property for sale > Colonial
Houses for sale > Urgent properties for sale > Luxury
Apartments > Mid-range
Apartments > Bungalows
in Nuwara Eliya > Houses
in Battaramulla area > Commercial property for sale
in
Colombo > Hotels for Sale > Warehouses for sale > Brand
new apartment > Beachfront properties for sale > Beachfront Apartments for sale > Below Market Value properties > Sri Lanka House Price Index > Sri Lanka Land Price Index > Guide for
foreigners
buying property > All property for Rent > Houses > Apartments > Commercial > Bungalows > Annexes > Hostels > Villas > Studio
/ Bedsit > Rooms
/ Boarding Places > View All Featured Properties > Warehouses for rent > Newly built property for rent > Urgent properties to let > Short
term rentals > Office spaces in
Colombo > Co-working places > House Prices > Find All Land for Sale or Lease > Bare
Land > Beachfront
Land > Cultivated
/ Agriculture > Land
with House > Tea
Estate Land > Rubber
Estate Land > Coconut
Estate Land > Paddy
(Rice) Land > Cinnamon
Estate Land > Waterfront
Land > Featured Land Projects > Lands
in Nuwara Eliya > Investment Lands
within 1 hour of Colombo > Lands
for less than 1 lakh a perch in Western Province > Cultivation
lands within 1 hour from Colombo > Land
Prices in Greater Colombo > View All New Projects > Featured Projects > Apartment FinderNew > Featured Land Projects > Condo Directory > Property
Valuations > Legal
Assistance > Document
preparation & submission > Mortgage
Advice > Fees
& taxes payment > Personal
Assistance > Other
Services > Market
Research and Advisory > Property
Buying Advisory > Business
Buying or Selling Advisory > Property
Buying Assistance for Foreigners > Advisory on Investing
in Sri Lanka > House
Construction > Packers &
Movers > Solar Panels > Invest Home > Top Investment
Properties > Luxury
Apartments > Mid-range
Apartments > Lands and
Bungalows
in Nuwara Eliya > Houses in
Battaramulla area > Cultivation
lands > Investment Lands
within 1 hour of Colombo > Commercial
property
for sale in Colombo > Hotels for
Sale > ROI calculator > Trending Properties > Top Investment
properties > House Price Index > Land price
index > Home Loan Rates > Home
Loan Calculator > Home
Loan Comparison > Market Insights > Price Meter > Property Buying Guide > Foreign Buyers'
Guide > Capital
Gains Tax > Sri Lanka House Price Index > Sri Lanka Land Price Index > Membership Benefits > Market Outlook Report > News & Guides > View All Wanted Properties > Houses wanted > Apartments wanted > Land wanted > Commercial Buildings > Rooms wanted > Post Your
Ad > View All Agents / Agents
Directory > Promote your
property > Become an Agent > Residential
sales > Letting
Agents > Commercial
property agents > Land Sales > Buyer
& Seller Assistance > Promote
your property > View All
Businesses for
Sale > Real
Estate > Restaurant > Construction > Agriculture > Tech > Hospitality > Business > Manufacturing > Garment-Textile > Services-BPO > Maps of Sri Lanka > Area Guide > Point of
Interests > Property Buying Guide > Foreign Buyers'
Guide > Capital
Gains Tax > Sri Lanka House Price Index > Sri Lanka Land Price Index > Membership Benefits > News & Guides > About us > Careers > Contact Us > Events > FAQs > Ideal Home > Appliances &
Electronics > Furniture > Household items > Solar & Hot Water > Bathrooms > Gardening > Kitchen > Professionals > Flooring > House Construction > Lighting > Service Providers > Other Services > Home > ... > Sales > Colombo District > Colombo 5 > House > Home > ... > Sales > Colombo District > Colombo 5 > House","Byrde Place, Colombo 5","Rs. 94,000,000


















",94000000.0,True,House,3,,,1,9.2 perches,For Urgent Sale,Furnished,25+ years,15 ft.,3.0,,,9.2,"{""Bathrooms/WCs"": ""3"", ""Car parking spaces"": ""1""}","House for sale in Colombo 5 Byrde Place, being sold for land value and price is negotiable. Explore Neighbourhood - Map View Byrde Place, Colombo 5 [View on large map] 2D View Street View Find out how much you can save with our Home Loan Calculator Apply now for a home loan More Details Property prices in Colombo 5 Buy Rent Average Sale Price is Rs. 55,272 Per SQ.FT. PRICE TRENDS → 0.7% Price increased compared to last year Try our new price meter tool to find out the average price of a property in Colombo 5 Try our new price meter tool to find out the average price of a property in Colombo 5 PRICE METER → Contact Advertiser Shehan Gomez 94-7773... Click to view Number 94-7773... Click to view Number Shehan Gomez : 94-777353126 This advertiser has been advertising with us for 3 years Request a call back Please enter your phone number to request the advertiser to call you back Send SEND Important information : This ad has been posted on LankaPropertyWeb.com by the above mentioned advertiser. LankaPropertyWeb.com does not have any connection with this advertiser, nor do we vet the advertisers, guarantee their services, responsible for the accuracy of the ad's content or are responsible for services provided by the advertisers. LankaPropertyWeb.com does not provide any service other than list the advertisements posted by advertisers. You will be contacting the advertiser (owner/agent) of this property directly. We advise you to take precaution when making any payments or signing any agreements and be alert of any possible scams. If making any payments we recommend that you have two permanent & verified methods of contact of the payment receiver such as their landline number and home/business address. Posted/Edited: 19 days ago REPORT THIS AD Find Similar Properties Rs. 79M - 108M Colombo 5 View all View all 4 4 2100 sqft House for sale in Nugegoda Nugegoda Rs. 70M Negotiable 10 5 7000 sqft BEST DEAL - Luxury 5-Bedroom House for Sale in Rajagiriya... Rajagiriya Rs. 300M 10 5 4750 sqft Luxury House for Sale Next to Weli Park, Nugegoda Nugegoda Rs. 180M Negotiable 10 4 2500 sqft Rajagiriya - Kalapaluwawa 04 Bedroom Upstair House... Rajagiriya Rs. 62M Negotiable 10 4 3000 sqft 4 Bedroom house for sales in Nugegoda for Rs. 87.5... Nugegoda Rs. 87.5M Negotiable 3 6 3000 sqft Colonial type House for sale in the Heart of Colombo 7 Colombo 7 Negotiable 10 6 4737 sqft 6 Bedroom house for sales in Colombo 6 for Rs. 300... Colombo 6 Rs. 300M Negotiable 4 5 4400 sqft Luxury Three storey 5 Bedroom House for Sale in Colombo... Colombo 6 Rs. 185M Negotiable 9 4 2800 sqft 4 Bedroom House for Sale in Park Road, Colombo 05 |... Colombo 5 Rs. 120M 6 9+ 3500 sqft 9 Bedroom house for sales in Colombo 5 for Rs. 265... Colombo 5 Rs. 265M Negotiable 10 9+ 4700 sqft Luxury House for Sale in the Heart of Colombo No 20... Colombo 5 Rs. 250M 10 4 5000 sqft FOR SALE: Beautiful Colombo 5 Family Home with Pool Colombo 5 Rs. 250M 7 4 2750 sqft FOR SALE: Excellent 10 Perch Thimbirigasyaya Family... Colombo 5 Rs. 150M Negotiable 4 4 3000 sqft Colombo 5, Devika Gardens. 19.4 p perches with 4 bed... Colombo 5 Rs. 160M ONO 10 7 Luxury 3-Storey House for Sale in Colombo 05 – Prime... Colombo 5 Rs. 90M Negotiable 8 4 3200 sqft House for Sale in Nawala Nawala Rs. 80M 3 5 3250 sqft House for Sale - Nugegoda | LKR 80,000,000 Nugegoda Rs. 80M 10 5 3300 sqft 2 Storey Property for Sale at Gangodawila, Nugegoda... Gangodawila Rs. 80M 10 3 2200 sqft House for sale in Nawala Nawala Rs. 80M 10 4 2800 sqft Nugegoda 4 Bedroom house for sale for Rs. 80 million... Nugegoda Rs. 80M Negotiable 10 8 3500 sqft 8 BR House for Sale in Colombo 6- PDH257 Colombo 6 Rs. 80M 5 4 2352 sqft Architect Designed 4-Bedroom House for Sale – Udahamulla,... Nugegoda Rs. 80M 10 5 4000 sqft ￭ 05BR ￭ Nawala House ￭ For Sale ￭ (NK50170) Nawala Rs. 80M Negotiable VIEW ALL PROPERTIES Within Rs. 79M - 108M (160) VIEW ALL PROPERTIES FOR sale in Colombo 5 (192) VIEW ALL PROPERTIES Within (1311) Next Steps for Buyers Guide to Buying a Property Legal Assistance & Document Preparation Property Valuation Help & Advisory on Buying a Property Get help applying for a Housing Loan Find a House Mover View more There is no place like home Explore everything you need to build and decorate your dream home Visit Website Be the first to know Get instant alerts on newly added Houses for sale in Colombo 5 – your dream property awaits! Subscribe now Create Alert Now Top Searches Houses for sale in Colombo 5 Apartments for sale in Colombo 5 Commercial property for sale in Colombo 5 Bungalows for sale in Colombo 5 Hotels for sale in Colombo 5 Villas for sale in Colombo 5 Studio/Bedsit for sale in Colombo 5 Featured Projects Altair More Details The Elizabeth Colombo 07 More Details Mon Vie More Details Marina Square More Details ASTORIA More Details Aarana Boutique Residencies More Details Property Saved!. Manage Favorite not saved! Try again Favorite removed! Ok Share Save Contact Advertiser Shehan Gomez Check Availability 94-7773... WHATSAPP EMAIL Share this property Email to a friend Messenger Whatsapp Viber X Linkedin Telegram Copy url More Share Options Shehan Gomez Please enter your details Interested in this property or want more details? Fill out the form below, and the advertiser will get in touch with you shortly! SUBMIT CALL CHAT Report this AD Please select a reason Not a property ad Property not available anymore No such property Incorrect contact details Advertiser unresponsive Unrealistic price Image on ad is not that of property Spam Scam/Fake ad Other Submit Please Enter Your Details To view the seller's number, please enter your name, email and contact number. This will help the seller follow up on your inquiry. Show Phone Number Shehan Gomez Shehan Gomez 94-777353126 Call Now Shehan Gomez Shehan Gomez 94-777353126 WhatsApp Find your favourite properties from the top of the page Click on the star icon to view your favourite ads LankaProperty web - Email property to a friend Send Email Please Enter Your Details To contact the advertiser on whatsapp, please enter your name, email and contact number. This will help the seller follow up on your inquiry. WHATSAPP Navigation Home Sales Rentals Land Featured Projects Ideal Home Post your ad Wanted Find Agent Our Services Market Insights House Price Index Invest Land Price Index Businesses for Sale Home Loan Comparison Property Buying Guide Maps News & Guides Become a Member Login All ads Features & Tools Home Loan Calculator Location Guide Trending Properties Price Meter Top Investment Properties Below Market Value Properties Email Alerts Market Outlook Report ROI Calculator Country Sri Lanka Maldives USA About Help Contact Us About Us Terms and Conditions Privacy Policy Careers Events Follow us on Social Media Subscribe to our newsletter You have successfully signed up for our newsletter Subscribe © Copyright LankaPropertyWeb.com, lpw.lk 2026 | All Rights Reserved × Newsletter You have successfully signed up for our newsletter Close Save Properties in Your Account × View saved properties Keep search history across devices See which properties you have contacted Continue with Google OR Login By registering you accept our Terms & Conditions and our privacy policy ."
https://www.lankapropertyweb.com/sale/property_details-5919489.html,5919489,2026-08-10T10:29:55.474841+00:00,BEST DEAL - Luxury 5-Bedroom House for Sale in Rajagiriya | 7000 Sq.Ft. | EXCLUSIVE LISTING,"View all > Houses > Apartments > Commercial > Bungalows > Villas > Studio
/ Bedsit > Warehouse > Featured developments for sale > New Beachfront Projects > Newly
built property for sale > Colonial
Houses for sale > Urgent properties for sale > Luxury
Apartments > Mid-range
Apartments > Bungalows
in Nuwara Eliya > Houses
in Battaramulla area > Commercial property for sale
in
Colombo > Hotels for Sale > Warehouses for sale > Brand
new apartment > Beachfront properties for sale > Beachfront Apartments for sale > Below Market Value properties > Sri Lanka House Price Index > Sri Lanka Land Price Index > Guide for
foreigners
buying property > All property for Rent > Houses > Apartments > Commercial > Bungalows > Annexes > Hostels > Villas > Studio
/ Bedsit > Rooms
/ Boarding Places > View All Featured Properties > Warehouses for rent > Newly built property for rent > Urgent properties to let > Short
term rentals > Office spaces in
Colombo > Co-working places > House Prices > Find All Land for Sale or Lease > Bare
Land > Beachfront
Land > Cultivated
/ Agriculture > Land
with House > Tea
Estate Land > Rubber
Estate Land > Coconut
Estate Land > Paddy
(Rice) Land > Cinnamon
Estate Land > Waterfront
Land > Featured Land Projects > Lands
in Nuwara Eliya > Investment Lands
within 1 hour of Colombo > Lands
for less than 1 lakh a perch in Western Province > Cultivation
lands within 1 hour from Colombo > Land
Prices in Greater Colombo > View All New Projects > Featured Projects > Apartment FinderNew > Featured Land Projects > Condo Directory > Property
Valuations > Legal
Assistance > Document
preparation & submission > Mortgage
Advice > Fees
& taxes payment > Personal
Assistance > Other
Services > Market
Research and Advisory > Property
Buying Advisory > Business
Buying or Selling Advisory > Property
Buying Assistance for Foreigners > Advisory on Investing
in Sri Lanka > House
Construction > Packers &
Movers > Solar Panels > Invest Home > Top Investment
Properties > Luxury
Apartments > Mid-range
Apartments > Lands and
Bungalows
in Nuwara Eliya > Houses in
Battaramulla area > Cultivation
lands > Investment Lands
within 1 hour of Colombo > Commercial
property
for sale in Colombo > Hotels for
Sale > ROI calculator > Trending Properties > Top Investment
properties > House Price Index > Land price
index > Home Loan Rates > Home
Loan Calculator > Home
Loan Comparison > Market Insights > Price Meter > Property Buying Guide > Foreign Buyers'
Guide > Capital
Gains Tax > Sri Lanka House Price Index > Sri Lanka Land Price Index > Membership Benefits > Market Outlook Report > News & Guides > View All Wanted Properties > Houses wanted > Apartments wanted > Land wanted > Commercial Buildings > Rooms wanted > Post Your
Ad > View All Agents / Agents
Directory > Promote your
property > Become an Agent > Residential
sales > Letting
Agents > Commercial
property agents > Land Sales > Buyer
& Seller Assistance > Promote
your property > View All
Businesses for
Sale > Real
Estate > Restaurant > Construction > Agriculture > Tech > Hospitality > Business > Manufacturing > Garment-Textile > Services-BPO > Maps of Sri Lanka > Area Guide > Point of
Interests > Property Buying Guide > Foreign Buyers'
Guide > Capital
Gains Tax > Sri Lanka House Price Index > Sri Lanka Land Price Index > Membership Benefits > News & Guides > About us > Careers > Contact Us > Events > FAQs > Ideal Home > Appliances &
Electronics > Furniture > Household items > Solar & Hot Water > Bathrooms > Gardening > Kitchen > Professionals > Flooring > House Construction > Lighting > Service Providers > Other Services > Home > ... > Sales > Colombo District > Rajagiriya > House > Home > ... > Sales > Colombo District > Rajagiriya > House",Rajagiriya,"Rs. 300,000,000


















",300000000.0,True,House,5,,7000 sq.ft.,3,13.33 perches,Available Now,Furnished,5+ years,28 ft.,5.0,,7000.0,13.33,"{""Bathrooms/WCs"": ""6"", ""Car parking spaces"": ""2""}","EXCLUSIVE LISTING | Luxury 5-Bedroom Residence for Sale in Rajagiriya Exclusively Marketed by Prince Estates Presenting a rare opportunity to own an exceptional luxury residence in one of Rajagiriya’s most prestigious residential neighbourhoods. Architecturally designed and built to the highest standards, this stunning home seamlessly combines elegance, comfort, privacy, and modern convenience. Whether you’re looking for a distinguished family residence or a high-value long-term investment, this property offers an unparalleled lifestyle. Property Highlights ✔️ Exclusive Listing by Prince Estates ✔️ 13.33 Perches of Land ✔️ 7000 Sq.Ft. Built-up Area ✔️ 5 Spacious Bedrooms ✔️ 6 Luxury Bathrooms ✔️ 2 Maid’s Rooms with a Separate Bathroom ✔️ Separate Maid’s Entrance ✔️ 3 Floors ✔️ Fully Equipped Private Gym ✔️ TV Lounge ✔️ Dedicated Home Office ✔️ Centralized Air Conditioning Throughout ✔️ 15kW Solar PV System ✔️ CCTV Security System ✔️ Separate Wet Kitchen ✔️ Parking for 2 Vehicles ✔️ Wide 28-Foot Access Road ✔️ Built in 2021 ✔️ Certificate of Conformity (COC) Available ✔️ Located in a Prime Residential Neighbourhood 💰 Asking Price: LKR 300 Million This remarkable residence is available exclusively through Prince Estates. Private viewings are available strictly by prior appointment."
https://www.lankapropertyweb.com/sale/property_details-5721688.html,5721688,2026-08-10T10:29:58.500024+00:00,3 Bedroom House New Construction in Mount Lavinia for Rs. 23.6 million / Rs. 236 Laks (Construction Cost),"View all > Houses > Apartments > Commercial > Bungalows > Villas > Studio
/ Bedsit > Warehouse > Featured developments for sale > New Beachfront Projects > Newly
built property for sale > Colonial
Houses for sale > Urgent properties for sale > Luxury
Apartments > Mid-range
Apartments > Bungalows
in Nuwara Eliya > Houses
in Battaramulla area > Commercial property for sale
in
Colombo > Hotels for Sale > Warehouses for sale > Brand
new apartment > Beachfront properties for sale > Beachfront Apartments for sale > Below Market Value properties > Sri Lanka House Price Index > Sri Lanka Land Price Index > Guide for
foreigners
buying property > All property for Rent > Houses > Apartments > Commercial > Bungalows > Annexes > Hostels > Villas > Studio
/ Bedsit > Rooms
/ Boarding Places > View All Featured Properties > Warehouses for rent > Newly built property for rent > Urgent properties to let > Short
term rentals > Office spaces in
Colombo > Co-working places > House Prices > Find All Land for Sale or Lease > Bare
Land > Beachfront
Land > Cultivated
/ Agriculture > Land
with House > Tea
Estate Land > Rubber
Estate Land > Coconut
Estate Land > Paddy
(Rice) Land > Cinnamon
Estate Land > Waterfront
Land > Featured Land Projects > Lands
in Nuwara Eliya > Investment Lands
within 1 hour of Colombo > Lands
for less than 1 lakh a perch in Western Province > Cultivation
lands within 1 hour from Colombo > Land
Prices in Greater Colombo > View All New Projects > Featured Projects > Apartment FinderNew > Featured Land Projects > Condo Directory > Property
Valuations > Legal
Assistance > Document
preparation & submission > Mortgage
Advice > Fees
& taxes payment > Personal
Assistance > Other
Services > Market
Research and Advisory > Property
Buying Advisory > Business
Buying or Selling Advisory > Property
Buying Assistance for Foreigners > Advisory on Investing
in Sri Lanka > House
Construction > Packers &
Movers > Solar Panels > Invest Home > Top Investment
Properties > Luxury
Apartments > Mid-range
Apartments > Lands and
Bungalows
in Nuwara Eliya > Houses in
Battaramulla area > Cultivation
lands > Investment Lands
within 1 hour of Colombo > Commercial
property
for sale in Colombo > Hotels for
Sale > ROI calculator > Trending Properties > Top Investment
properties > House Price Index > Land price
index > Home Loan Rates > Home
Loan Calculator > Home
Loan Comparison > Market Insights > Price Meter > Property Buying Guide > Foreign Buyers'
Guide > Capital
Gains Tax > Sri Lanka House Price Index > Sri Lanka Land Price Index > Membership Benefits > Market Outlook Report > News & Guides > View All Wanted Properties > Houses wanted > Apartments wanted > Land wanted > Commercial Buildings > Rooms wanted > Post Your
Ad > View All Agents / Agents
Directory > Promote your
property > Become an Agent > Residential
sales > Letting
Agents > Commercial
property agents > Land Sales > Buyer
& Seller Assistance > Promote
your property > View All
Businesses for
Sale > Real
Estate > Restaurant > Construction > Agriculture > Tech > Hospitality > Business > Manufacturing > Garment-Textile > Services-BPO > Maps of Sri Lanka > Area Guide > Point of
Interests > Property Buying Guide > Foreign Buyers'
Guide > Capital
Gains Tax > Sri Lanka House Price Index > Sri Lanka Land Price Index > Membership Benefits > News & Guides > About us > Careers > Contact Us > Events > FAQs > Ideal Home > Appliances &
Electronics > Furniture > Household items > Solar & Hot Water > Bathrooms > Gardening > Kitchen > Professionals > Flooring > House Construction > Lighting > Service Providers > Other Services > Home > ... > Sales > Colombo District > Mount Lavinia > House > Home > ... > Sales > Colombo District > Mount Lavinia > House","With or Without Land, Mount Lavinia",Rs. 23.6 m,23600000.0,True,House,3,2 Bathrooms,2000 sq.ft.,2,7 perches,Available soon,Unfurnished,1 year,,3.0,2.0,2000.0,7.0,"{""Bathrooms/WCs"": ""2"", ""Car parking spaces"": ""1""}","Super Luxury House with 3 Bedrooms 2 Bathrooms Private Pool with outdoor entertainment area Reinforced concrete structure - 25 years warranty Selected Bathroom Fittings - 5 years warranty Construction Duration 7 Months + Rain Construction Cost Rs.23,632,000/- Cant find a land to build? We can help you. Call or Whats App 3 Decades + Experience in the Build Environment Call or WhatsApp for more info"
https://www.lankapropertyweb.com/sale/property_details-5718518.html,5718518,2026-08-10T10:30:01.162631+00:00,"Super Luxury 6 Br House CONSTRUCTION IN Battaramulla OR SRI LANKA/ Rs. 44.5 million / Rs. 445 Laks / 134,000 USD","View all > Houses > Apartments > Commercial > Bungalows > Villas > Studio
/ Bedsit > Warehouse > Featured developments for sale > New Beachfront Projects > Newly
built property for sale > Colonial
Houses for sale > Urgent properties for sale > Luxury
Apartments > Mid-range
Apartments > Bungalows
in Nuwara Eliya > Houses
in Battaramulla area > Commercial property for sale
in
Colombo > Hotels for Sale > Warehouses for sale > Brand
new apartment > Beachfront properties for sale > Beachfront Apartments for sale > Below Market Value properties > Sri Lanka House Price Index > Sri Lanka Land Price Index > Guide for
foreigners
buying property > All property for Rent > Houses > Apartments > Commercial > Bungalows > Annexes > Hostels > Villas > Studio
/ Bedsit > Rooms
/ Boarding Places > View All Featured Properties > Warehouses for rent > Newly built property for rent > Urgent properties to let > Short
term rentals > Office spaces in
Colombo > Co-working places > House Prices > Find All Land for Sale or Lease > Bare
Land > Beachfront
Land > Cultivated
/ Agriculture > Land
with House > Tea
Estate Land > Rubber
Estate Land > Coconut
Estate Land > Paddy
(Rice) Land > Cinnamon
Estate Land > Waterfront
Land > Featured Land Projects > Lands
in Nuwara Eliya > Investment Lands
within 1 hour of Colombo > Lands
for less than 1 lakh a perch in Western Province > Cultivation
lands within 1 hour from Colombo > Land
Prices in Greater Colombo > View All New Projects > Featured Projects > Apartment FinderNew > Featured Land Projects > Condo Directory > Property
Valuations > Legal
Assistance > Document
preparation & submission > Mortgage
Advice > Fees
& taxes payment > Personal
Assistance > Other
Services > Market
Research and Advisory > Property
Buying Advisory > Business
Buying or Selling Advisory > Property
Buying Assistance for Foreigners > Advisory on Investing
in Sri Lanka > House
Construction > Packers &
Movers > Solar Panels > Invest Home > Top Investment
Properties > Luxury
Apartments > Mid-range
Apartments > Lands and
Bungalows
in Nuwara Eliya > Houses in
Battaramulla area > Cultivation
lands > Investment Lands
within 1 hour of Colombo > Commercial
property
for sale in Colombo > Hotels for
Sale > ROI calculator > Trending Properties > Top Investment
properties > House Price Index > Land price
index > Home Loan Rates > Home
Loan Calculator > Home
Loan Comparison > Market Insights > Price Meter > Property Buying Guide > Foreign Buyers'
Guide > Capital
Gains Tax > Sri Lanka House Price Index > Sri Lanka Land Price Index > Membership Benefits > Market Outlook Report > News & Guides > View All Wanted Properties > Houses wanted > Apartments wanted > Land wanted > Commercial Buildings > Rooms wanted > Post Your
Ad > View All Agents / Agents
Directory > Promote your
property > Become an Agent > Residential
sales > Letting
Agents > Commercial
property agents > Land Sales > Buyer
& Seller Assistance > Promote
your property > View All
Businesses for
Sale > Real
Estate > Restaurant > Construction > Agriculture > Tech > Hospitality > Business > Manufacturing > Garment-Textile > Services-BPO > Maps of Sri Lanka > Area Guide > Point of
Interests > Property Buying Guide > Foreign Buyers'
Guide > Capital
Gains Tax > Sri Lanka House Price Index > Sri Lanka Land Price Index > Membership Benefits > News & Guides > About us > Careers > Contact Us > Events > FAQs > Ideal Home > Appliances &
Electronics > Furniture > Household items > Solar & Hot Water > Bathrooms > Gardening > Kitchen > Professionals > Flooring > House Construction > Lighting > Service Providers > Other Services > Home > ... > Sales > Colombo District > Battaramulla > House > Home > ... > Sales > Colombo District > Battaramulla > House","With or Without Land, Battaramulla",Rs. 44.5 m,44500000.0,True,House,6,,3775 sq.ft.,2,30 perches,Available soon,Unfurnished,1 year,,6.0,,3775.0,30.0,"{""Bathrooms/WCs"": ""5"", ""Car parking spaces"": ""2""}",3775 SQ.FT Construction on your land - Rs. 44.5 million / Rs. 445 Laks This stunning super luxury home boasts 6 spacious bedrooms and 5 modern bathrooms. You'll have one parking space for 5 of your vehicles and can furnish the home to your liking. Don't miss the opportunity to build this luxurious villa in a prime location. Hurry and request more information today! New Development Construction Duration 10 months Construction included in the price Already own a land - Get quote to build on your land (Call or WhatsApp) 33 years of excellence in the build environment Call or WhatsApp for more info Can be customized Watch Video Below Call or WhatsApp for more info
https://www.lankapropertyweb.com/sale/property_details-5931268.html,5931268,2026-08-10T10:30:04.894888+00:00,6 Bedroom house for sales in Colombo 6 for Rs. 300 million (Negotiable),"View all > Houses > Apartments > Commercial > Bungalows > Villas > Studio
/ Bedsit > Warehouse > Featured developments for sale > New Beachfront Projects > Newly
built property for sale > Colonial
Houses for sale > Urgent properties for sale > Luxury
Apartments > Mid-range
Apartments > Bungalows
in Nuwara Eliya > Houses
in Battaramulla area > Commercial property for sale
in
Colombo > Hotels for Sale > Warehouses for sale > Brand
new apartment > Beachfront properties for sale > Beachfront Apartments for sale > Below Market Value properties > Sri Lanka House Price Index > Sri Lanka Land Price Index > Guide for
foreigners
buying property > All property for Rent > Houses > Apartments > Commercial > Bungalows > Annexes > Hostels > Villas > Studio
/ Bedsit > Rooms
/ Boarding Places > View All Featured Properties > Warehouses for rent > Newly built property for rent > Urgent properties to let > Short
term rentals > Office spaces in
Colombo > Co-working places > House Prices > Find All Land for Sale or Lease > Bare
Land > Beachfront
Land > Cultivated
/ Agriculture > Land
with House > Tea
Estate Land > Rubber
Estate Land > Coconut
Estate Land > Paddy
(Rice) Land > Cinnamon
Estate Land > Waterfront
Land > Featured Land Projects > Lands
in Nuwara Eliya > Investment Lands
within 1 hour of Colombo > Lands
for less than 1 lakh a perch in Western Province > Cultivation
lands within 1 hour from Colombo > Land
Prices in Greater Colombo > View All New Projects > Featured Projects > Apartment FinderNew > Featured Land Projects > Condo Directory > Property
Valuations > Legal
Assistance > Document
preparation & submission > Mortgage
Advice > Fees
& taxes payment > Personal
Assistance > Other
Services > Market
Research and Advisory > Property
Buying Advisory > Business
Buying or Selling Advisory > Property
Buying Assistance for Foreigners > Advisory on Investing
in Sri Lanka > House
Construction > Packers &
Movers > Solar Panels > Invest Home > Top Investment
Properties > Luxury
Apartments > Mid-range
Apartments > Lands and
Bungalows
in Nuwara Eliya > Houses in
Battaramulla area > Cultivation
lands > Investment Lands
within 1 hour of Colombo > Commercial
property
for sale in Colombo > Hotels for
Sale > ROI calculator > Trending Properties > Top Investment
properties > House Price Index > Land price
index > Home Loan Rates > Home
Loan Calculator > Home
Loan Comparison > Market Insights > Price Meter > Property Buying Guide > Foreign Buyers'
Guide > Capital
Gains Tax > Sri Lanka House Price Index > Sri Lanka Land Price Index > Membership Benefits > Market Outlook Report > News & Guides > View All Wanted Properties > Houses wanted > Apartments wanted > Land wanted > Commercial Buildings > Rooms wanted > Post Your
Ad > View All Agents / Agents
Directory > Promote your
property > Become an Agent > Residential
sales > Letting
Agents > Commercial
property agents > Land Sales > Buyer
& Seller Assistance > Promote
your property > View All
Businesses for
Sale > Real
Estate > Restaurant > Construction > Agriculture > Tech > Hospitality > Business > Manufacturing > Garment-Textile > Services-BPO > Maps of Sri Lanka > Area Guide > Point of
Interests > Property Buying Guide > Foreign Buyers'
Guide > Capital
Gains Tax > Sri Lanka House Price Index > Sri Lanka Land Price Index > Membership Benefits > News & Guides > About us > Careers > Contact Us > Events > FAQs > Ideal Home > Appliances &
Electronics > Furniture > Household items > Solar & Hot Water > Bathrooms > Gardening > Kitchen > Professionals > Flooring > House Construction > Lighting > Service Providers > Other Services > Home > ... > Sales > Colombo District > Colombo 6 > House > Home > ... > Sales > Colombo District > Colombo 6 > House","Suvisuddharama Road, Colombo 6",Rs. 300 m,300000000.0,True,House,6,,4737 sq.ft.,3,7.55 perches,For Urgent Sale,Semi-furnished,,,6.0,,4737.0,7.55,"{""Bathrooms/WCs"": ""4"", ""Car parking spaces"": ""2""}","Luxury 3-Storey Residence for Sale – Prime Havelock Town Location Price: LKR 300 Million Experience luxury living in this exceptional 3-storey residence, thoughtfully designed to offer space, comfort, and contemporary elegance. Situated on 7.55 perches with a generous 4,737 sq. ft. of living space, this home is ideal for large families, luxury living, or as a premium investment opportunity. Property Features 3-storey luxury residence 7.55 perches of land 4,737 sq. ft. of built-up area 6 spacious bedrooms 4 modern bathrooms Maid's room with attached bathroom Bright and spacious living and dining areas Modern kitchen 2-car garage Expansive rooftop terrace with panoramic views, perfect for entertaining or relaxing Prime Location Located just 2 minutes from Havelock City Mall, the property offers convenient access to shopping, restaurants, supermarkets, schools, hospitals, and other essential amenities while being situated in one of Colombo's most desirable residential neighborhoods. This elegant home combines luxury, functionality, and an unbeatable location, making it an outstanding choice for discerning homeowners and investors alike. Price: LKR 300 Million For more information or to arrange a private viewing, contact us today."
https://www.lankapropertyweb.com/sale/property_details-5881143.html,5881143,2026-08-10T10:30:07.941313+00:00,Malabe Town Centre Large 04 Bed Room House in a Very Good Residential Area for Immediate Sale,"View all > Houses > Apartments > Commercial > Bungalows > Villas > Studio
/ Bedsit > Warehouse > Featured developments for sale > New Beachfront Projects > Newly
built property for sale > Colonial
Houses for sale > Urgent properties for sale > Luxury
Apartments > Mid-range
Apartments > Bungalows
in Nuwara Eliya > Houses
in Battaramulla area > Commercial property for sale
in
Colombo > Hotels for Sale > Warehouses for sale > Brand
new apartment > Beachfront properties for sale > Beachfront Apartments for sale > Below Market Value properties > Sri Lanka House Price Index > Sri Lanka Land Price Index > Guide for
foreigners
buying property > All property for Rent > Houses > Apartments > Commercial > Bungalows > Annexes > Hostels > Villas > Studio
/ Bedsit > Rooms
/ Boarding Places > View All Featured Properties > Warehouses for rent > Newly built property for rent > Urgent properties to let > Short
term rentals > Office spaces in
Colombo > Co-working places > House Prices > Find All Land for Sale or Lease > Bare
Land > Beachfront
Land > Cultivated
/ Agriculture > Land
with House > Tea
Estate Land > Rubber
Estate Land > Coconut
Estate Land > Paddy
(Rice) Land > Cinnamon
Estate Land > Waterfront
Land > Featured Land Projects > Lands
in Nuwara Eliya > Investment Lands
within 1 hour of Colombo > Lands
for less than 1 lakh a perch in Western Province > Cultivation
lands within 1 hour from Colombo > Land
Prices in Greater Colombo > View All New Projects > Featured Projects > Apartment FinderNew > Featured Land Projects > Condo Directory > Property
Valuations > Legal
Assistance > Document
preparation & submission > Mortgage
Advice > Fees
& taxes payment > Personal
Assistance > Other
Services > Market
Research and Advisory > Property
Buying Advisory > Business
Buying or Selling Advisory > Property
Buying Assistance for Foreigners > Advisory on Investing
in Sri Lanka > House
Construction > Packers &
Movers > Solar Panels > Invest Home > Top Investment
Properties > Luxury
Apartments > Mid-range
Apartments > Lands and
Bungalows
in Nuwara Eliya > Houses in
Battaramulla area > Cultivation
lands > Investment Lands
within 1 hour of Colombo > Commercial
property
for sale in Colombo > Hotels for
Sale > ROI calculator > Trending Properties > Top Investment
properties > House Price Index > Land price
index > Home Loan Rates > Home
Loan Calculator > Home
Loan Comparison > Market Insights > Price Meter > Property Buying Guide > Foreign Buyers'
Guide > Capital
Gains Tax > Sri Lanka House Price Index > Sri Lanka Land Price Index > Membership Benefits > Market Outlook Report > News & Guides > View All Wanted Properties > Houses wanted > Apartments wanted > Land wanted > Commercial Buildings > Rooms wanted > Post Your
Ad > View All Agents / Agents
Directory > Promote your
property > Become an Agent > Residential
sales > Letting
Agents > Commercial
property agents > Land Sales > Buyer
& Seller Assistance > Promote
your property > View All
Businesses for
Sale > Real
Estate > Restaurant > Construction > Agriculture > Tech > Hospitality > Business > Manufacturing > Garment-Textile > Services-BPO > Maps of Sri Lanka > Area Guide > Point of
Interests > Property Buying Guide > Foreign Buyers'
Guide > Capital
Gains Tax > Sri Lanka House Price Index > Sri Lanka Land Price Index > Membership Benefits > News & Guides > About us > Careers > Contact Us > Events > FAQs > Ideal Home > Appliances &
Electronics > Furniture > Household items > Solar & Hot Water > Bathrooms > Gardening > Kitchen > Professionals > Flooring > House Construction > Lighting > Service Providers > Other Services > Home > ... > Sales > Colombo District > Malabe > House > Home > ... > Sales > Colombo District > Malabe > House","Udawatta Road, Malabe","Rs. 45,000,000





",45000000.0,True,House,4,,3300 sq.ft.,,10 perches,Available Now,,,,4.0,,3300.0,10.0,"{""Bathrooms/WCs"": ""3""}",Malabe Town Centre Large 04 Bed Room House in a Very Good Residential Area for Immediate Sale 10 Perches 3300 sq.ft 02 Storied House 04 Bed Rooms 03 Washrooms Pantry Wet Kitchen Store Room Maid's Toilet Double Car Garage 200m from Malabe bus Terminal Excellent Residential Area Price - Rs. 45 Million (Negotiable)
https://www.lankapropertyweb.com/sale/property_details-5928738.html,5928738,2026-08-10T10:30:10.188882+00:00,House for sale in Angoda,"View all > Houses > Apartments > Commercial > Bungalows > Villas > Studio
/ Bedsit > Warehouse > Featured developments for sale > New Beachfront Projects > Newly
built property for sale > Colonial
Houses for sale > Urgent properties for sale > Luxury
Apartments > Mid-range
Apartments > Bungalows
in Nuwara Eliya > Houses
in Battaramulla area > Commercial property for sale
in
Colombo > Hotels for Sale > Warehouses for sale > Brand
new apartment > Beachfront properties for sale > Beachfront Apartments for sale > Below Market Value properties > Sri Lanka House Price Index > Sri Lanka Land Price Index > Guide for
foreigners
buying property > All property for Rent > Houses > Apartments > Commercial > Bungalows > Annexes > Hostels > Villas > Studio
/ Bedsit > Rooms
/ Boarding Places > View All Featured Properties > Warehouses for rent > Newly built property for rent > Urgent properties to let > Short
term rentals > Office spaces in
Colombo > Co-working places > House Prices > Find All Land for Sale or Lease > Bare
Land > Beachfront
Land > Cultivated
/ Agriculture > Land
with House > Tea
Estate Land > Rubber
Estate Land > Coconut
Estate Land > Paddy
(Rice) Land > Cinnamon
Estate Land > Waterfront
Land > Featured Land Projects > Lands
in Nuwara Eliya > Investment Lands
within 1 hour of Colombo > Lands
for less than 1 lakh a perch in Western Province > Cultivation
lands within 1 hour from Colombo > Land
Prices in Greater Colombo > View All New Projects > Featured Projects > Apartment FinderNew > Featured Land Projects > Condo Directory > Property
Valuations > Legal
Assistance > Document
preparation & submission > Mortgage
Advice > Fees
& taxes payment > Personal
Assistance > Other
Services > Market
Research and Advisory > Property
Buying Advisory > Business
Buying or Selling Advisory > Property
Buying Assistance for Foreigners > Advisory on Investing
in Sri Lanka > House
Construction > Packers &
Movers > Solar Panels > Invest Home > Top Investment
Properties > Luxury
Apartments > Mid-range
Apartments > Lands and
Bungalows
in Nuwara Eliya > Houses in
Battaramulla area > Cultivation
lands > Investment Lands
within 1 hour of Colombo > Commercial
property
for sale in Colombo > Hotels for
Sale > ROI calculator > Trending Properties > Top Investment
properties > House Price Index > Land price
index > Home Loan Rates > Home
Loan Calculator > Home
Loan Comparison > Market Insights > Price Meter > Property Buying Guide > Foreign Buyers'
Guide > Capital
Gains Tax > Sri Lanka House Price Index > Sri Lanka Land Price Index > Membership Benefits > Market Outlook Report > News & Guides > View All Wanted Properties > Houses wanted > Apartments wanted > Land wanted > Commercial Buildings > Rooms wanted > Post Your
Ad > View All Agents / Agents
Directory > Promote your
property > Become an Agent > Residential
sales > Letting
Agents > Commercial
property agents > Land Sales > Buyer
& Seller Assistance > Promote
your property > View All
Businesses for
Sale > Real
Estate > Restaurant > Construction > Agriculture > Tech > Hospitality > Business > Manufacturing > Garment-Textile > Services-BPO > Maps of Sri Lanka > Area Guide > Point of
Interests > Property Buying Guide > Foreign Buyers'
Guide > Capital
Gains Tax > Sri Lanka House Price Index > Sri Lanka Land Price Index > Membership Benefits > News & Guides > About us > Careers > Contact Us > Events > FAQs > Ideal Home > Appliances &
Electronics > Furniture > Household items > Solar & Hot Water > Bathrooms > Gardening > Kitchen > Professionals > Flooring > House Construction > Lighting > Service Providers > Other Services > Home > ... > Sales > Colombo District > Angoda > House > Home > ... > Sales > Colombo District > Angoda > House","Siri Perakum Mawatha, Angoda","Rs. 29,000,000


















",29000000.0,True,House,3,2 bathrooms,1200 sq.ft.,3,8 perches,Available Now,Furnished,11+ years,13 ft.,3.0,2.0,1200.0,8.0,"{""Bathrooms/WCs"": ""2"", ""Car parking spaces"": ""2""}","3 bedrooms - 2 with AC Study/Office room Dressing room with 10- foot-high wardrobes TV area Laundry Room Kitchen with teak cupboards 2 bathrooms -1 with a bathtub A large roofed balcony and an open balcony 2 car -space -garage 5KW solor CCTV Property Features AC ROOMS HOT WATER MAINLINE WATER GARAGE Explore Neighbourhood - Map View Siri Perakum Mawatha, Angoda [View on large map] 2D View Street View Find out how much you can save with our Home Loan Calculator Buy this property for only Rs. 223,520 /month By obtaining a Home Loan through our banking partners *For a 20-year term with a 12% fixed interest rate, using the equated balance payment method. By obtaining a Home Loan through our banking partners *For a 20-year term with a 12% fixed interest rate, using the equated balance payment method. More Details Property prices in Angoda Buy Average Sale Price is Rs. 14,211 Per SQ.FT. PRICE TRENDS → 43.9% Price increased compared to last year Try our new price meter tool to find out the average price of a property in Angoda Try our new price meter tool to find out the average price of a property in Angoda PRICE METER → Contact Advertiser Susantha Costa Owner 94-7694... Click to view Number 94-7694... Click to view Number Susantha Costa : 94-769459345 Request a call back Please enter your phone number to request the advertiser to call you back Send SEND Important information : This ad has been posted on LankaPropertyWeb.com by the above mentioned advertiser. LankaPropertyWeb.com does not have any connection with this advertiser, nor do we vet the advertisers, guarantee their services, responsible for the accuracy of the ad's content or are responsible for services provided by the advertisers. LankaPropertyWeb.com does not provide any service other than list the advertisements posted by advertisers. You will be contacting the advertiser (owner/agent) of this property directly. We advise you to take precaution when making any payments or signing any agreements and be alert of any possible scams. If making any payments we recommend that you have two permanent & verified methods of contact of the payment receiver such as their landline number and home/business address. Posted/Edited: 3 days ago REPORT THIS AD Find Similar Properties Angoda View all 9 3 1200 sqft (SH1536) Two Storey House for Sale in kumara mawatha... Angoda Rs. 29M 10 5 3000 sqft (MH441) Brand New Spacious Two Storey House for Sale... Angoda Rs. 47M 9 5 2800 sqft Two Storey House For Sale in Himbutana Road (IDH) Angoda Rs. 37M 8 2 1000 sqft House for Sale Sentino Valley - Angoda Angoda Rs. 27M 10 5 4800 sqft Newly Build Luxury 3 Story House For Sale In Walpola Angoda Rs. 170M ONO 10 5 3500 sqft Ultra Modern 5 Bedroom House Construction in Angoda... Angoda Rs. 40.25M 10 5 3000 sqft House For Sale In Angoda( File No 2205b) Angoda Rs. 75M VIEW ALL PROPERTIES FOR sale in Angoda (11) Next Steps for Buyers Guide to Buying a Property Legal Assistance & Document Preparation Property Valuation Help & Advisory on Buying a Property Get help applying for a Housing Loan Find a House Mover View more There is no place like home Explore everything you need to build and decorate your dream home Visit Website Be the first to know Get instant alerts on newly added Houses for sale in Angoda – your dream property awaits! Subscribe now Create Alert Now Top Searches Houses for sale in Angoda Apartments for sale in Angoda Commercial property for sale in Angoda Bungalows for sale in Angoda Hotels for sale in Angoda Villas for sale in Angoda Studio/Bedsit for sale in Angoda Featured Projects ASTORIA More Details Altair More Details Aarana Boutique Residencies More Details The Elizabeth Colombo 07 More Details Mon Vie More Details Marina Square More Details Property Saved!. Manage Favorite not saved! Try again Favorite removed! Ok Share Save Contact Advertiser Susantha Costa Owner Check Availability 94-7694... WHATSAPP EMAIL Share this property Email to a friend Messenger Whatsapp Viber X Linkedin Telegram Copy url More Share Options Susantha Costa Owner Please enter your details Interested in this property or want more details? Fill out the form below, and the advertiser will get in touch with you shortly! SUBMIT CALL CHAT Report this AD Please select a reason Not a property ad Property not available anymore No such property Incorrect contact details Advertiser unresponsive Unrealistic price Image on ad is not that of property Spam Scam/Fake ad Other Submit Please Enter Your Details To view the seller's number, please enter your name, email and contact number. This will help the seller follow up on your inquiry. Show Phone Number Susantha Costa Owner Susantha Costa 94-769459345 Call Now Susantha Costa Owner Susantha Costa 94-769459345 WhatsApp Find your favourite properties from the top of the page Click on the star icon to view your favourite ads LankaProperty web - Email property to a friend Send Email Please Enter Your Details To contact the advertiser on whatsapp, please enter your name, email and contact number. This will help the seller follow up on your inquiry. WHATSAPP Navigation Home Sales Rentals Land Featured Projects Ideal Home Post your ad Wanted Find Agent Our Services Market Insights House Price Index Invest Land Price Index Businesses for Sale Home Loan Comparison Property Buying Guide Maps News & Guides Become a Member Login All ads Features & Tools Home Loan Calculator Location Guide Trending Properties Price Meter Top Investment Properties Below Market Value Properties Email Alerts Market Outlook Report ROI Calculator Country Sri Lanka Maldives USA About Help Contact Us About Us Terms and Conditions Privacy Policy Careers Events Follow us on Social Media Subscribe to our newsletter You have successfully signed up for our newsletter Subscribe © Copyright LankaPropertyWeb.com, lpw.lk 2026 | All Rights Reserved × Newsletter You have successfully signed up for our newsletter Close Save Properties in Your Account × View saved properties Keep search history across devices See which properties you have contacted Continue with Google OR Login By registering you accept our Terms & Conditions and our privacy policy ."
https://www.lankapropertyweb.com/sale/property_details-5910474.html,5910474,2026-08-10T10:30:13.439019+00:00,Luxury Three storey 5 Bedroom House for Sale in Colombo 6,"View all > Houses > Apartments > Commercial > Bungalows > Villas > Studio
/ Bedsit > Warehouse > Featured developments for sale > New Beachfront Projects > Newly
built property for sale > Colonial
Houses for sale > Urgent properties for sale > Luxury
Apartments > Mid-range
Apartments > Bungalows
in Nuwara Eliya > Houses
in Battaramulla area > Commercial property for sale
in
Colombo > Hotels for Sale > Warehouses for sale > Brand
new apartment > Beachfront properties for sale > Beachfront Apartments for sale > Below Market Value properties > Sri Lanka House Price Index > Sri Lanka Land Price Index > Guide for
foreigners
buying property > All property for Rent > Houses > Apartments > Commercial > Bungalows > Annexes > Hostels > Villas > Studio
/ Bedsit > Rooms
/ Boarding Places > View All Featured Properties > Warehouses for rent > Newly built property for rent > Urgent properties to let > Short
term rentals > Office spaces in
Colombo > Co-working places > House Prices > Find All Land for Sale or Lease > Bare
Land > Beachfront
Land > Cultivated
/ Agriculture > Land
with House > Tea
Estate Land > Rubber
Estate Land > Coconut
Estate Land > Paddy
(Rice) Land > Cinnamon
Estate Land > Waterfront
Land > Featured Land Projects > Lands
in Nuwara Eliya > Investment Lands
within 1 hour of Colombo > Lands
for less than 1 lakh a perch in Western Province > Cultivation
lands within 1 hour from Colombo > Land
Prices in Greater Colombo > View All New Projects > Featured Projects > Apartment FinderNew > Featured Land Projects > Condo Directory > Property
Valuations > Legal
Assistance > Document
preparation & submission > Mortgage
Advice > Fees
& taxes payment > Personal
Assistance > Other
Services > Market
Research and Advisory > Property
Buying Advisory > Business
Buying or Selling Advisory > Property
Buying Assistance for Foreigners > Advisory on Investing
in Sri Lanka > House
Construction > Packers &
Movers > Solar Panels > Invest Home > Top Investment
Properties > Luxury
Apartments > Mid-range
Apartments > Lands and
Bungalows
in Nuwara Eliya > Houses in
Battaramulla area > Cultivation
lands > Investment Lands
within 1 hour of Colombo > Commercial
property
for sale in Colombo > Hotels for
Sale > ROI calculator > Trending Properties > Top Investment
properties > House Price Index > Land price
index > Home Loan Rates > Home
Loan Calculator > Home
Loan Comparison > Market Insights > Price Meter > Property Buying Guide > Foreign Buyers'
Guide > Capital
Gains Tax > Sri Lanka House Price Index > Sri Lanka Land Price Index > Membership Benefits > Market Outlook Report > News & Guides > View All Wanted Properties > Houses wanted > Apartments wanted > Land wanted > Commercial Buildings > Rooms wanted > Post Your
Ad > View All Agents / Agents
Directory > Promote your
property > Become an Agent > Residential
sales > Letting
Agents > Commercial
property agents > Land Sales > Buyer
& Seller Assistance > Promote
your property > View All
Businesses for
Sale > Real
Estate > Restaurant > Construction > Agriculture > Tech > Hospitality > Business > Manufacturing > Garment-Textile > Services-BPO > Maps of Sri Lanka > Area Guide > Point of
Interests > Property Buying Guide > Foreign Buyers'
Guide > Capital
Gains Tax > Sri Lanka House Price Index > Sri Lanka Land Price Index > Membership Benefits > News & Guides > About us > Careers > Contact Us > Events > FAQs > Ideal Home > Appliances &
Electronics > Furniture > Household items > Solar & Hot Water > Bathrooms > Gardening > Kitchen > Professionals > Flooring > House Construction > Lighting > Service Providers > Other Services > Home > ... > Sales > Colombo District > Colombo 6 > House > Home > ... > Sales > Colombo District > Colombo 6 > House","Pamankada Lane, Colombo 6","Rs. 185,000,000
  ",185000000.0,True,House,5,5 Bathrooms,4400 sq.ft.,3,12 perches,Available Now,Semi-furnished,5+ years,,5.0,5.0,4400.0,12.0,"{""Bathrooms/WCs"": ""4"", ""Agent Ref"": ""S233"", ""Car parking spaces"": ""3""}","S233 Luxury 5 Bedroom House for Sale in Colombo 6 Land Extent: 12 Perches Area: 4,400 Sq. Ft. Bedrooms: 5 Bathrooms: 4 Interior Spaces 3 Living areas Dining Area Pantry Main Kitchen Secondary Kitchen Wooden Floating Staircase Fully Tiled Flooring Mahogany doors/windows Solar hot water 4kv solar system Hansgrohe taps/fittings Additional Features Maid’s Room & Toilet Driver’s Toilet Guest Toilet 4-Car Garage Landscaped Garden Highlights Spacious Layout Modern Design Ideal for Family Living Premium Residential Location Expected price 185 million"
https://www.lankapropertyweb.com/sale/property_details-5912056.html,5912056,2026-08-10T10:30:16.643608+00:00,9 Bedroom house for sales in Colombo 5 for Rs. 265 million (Negotiable),"View all > Houses > Apartments > Commercial > Bungalows > Villas > Studio
/ Bedsit > Warehouse > Featured developments for sale > New Beachfront Projects > Newly
built property for sale > Colonial
Houses for sale > Urgent properties for sale > Luxury
Apartments > Mid-range
Apartments > Bungalows
in Nuwara Eliya > Houses
in Battaramulla area > Commercial property for sale
in
Colombo > Hotels for Sale > Warehouses for sale > Brand
new apartment > Beachfront properties for sale > Beachfront Apartments for sale > Below Market Value properties > Sri Lanka House Price Index > Sri Lanka Land Price Index > Guide for
foreigners
buying property > All property for Rent > Houses > Apartments > Commercial > Bungalows > Annexes > Hostels > Villas > Studio
/ Bedsit > Rooms
/ Boarding Places > View All Featured Properties > Warehouses for rent > Newly built property for rent > Urgent properties to let > Short
term rentals > Office spaces in
Colombo > Co-working places > House Prices > Find All Land for Sale or Lease > Bare
Land > Beachfront
Land > Cultivated
/ Agriculture > Land
with House > Tea
Estate Land > Rubber
Estate Land > Coconut
Estate Land > Paddy
(Rice) Land > Cinnamon
Estate Land > Waterfront
Land > Featured Land Projects > Lands
in Nuwara Eliya > Investment Lands
within 1 hour of Colombo > Lands
for less than 1 lakh a perch in Western Province > Cultivation
lands within 1 hour from Colombo > Land
Prices in Greater Colombo > View All New Projects > Featured Projects > Apartment FinderNew > Featured Land Projects > Condo Directory > Property
Valuations > Legal
Assistance > Document
preparation & submission > Mortgage
Advice > Fees
& taxes payment > Personal
Assistance > Other
Services > Market
Research and Advisory > Property
Buying Advisory > Business
Buying or Selling Advisory > Property
Buying Assistance for Foreigners > Advisory on Investing
in Sri Lanka > House
Construction > Packers &
Movers > Solar Panels > Invest Home > Top Investment
Properties > Luxury
Apartments > Mid-range
Apartments > Lands and
Bungalows
in Nuwara Eliya > Houses in
Battaramulla area > Cultivation
lands > Investment Lands
within 1 hour of Colombo > Commercial
property
for sale in Colombo > Hotels for
Sale > ROI calculator > Trending Properties > Top Investment
properties > House Price Index > Land price
index > Home Loan Rates > Home
Loan Calculator > Home
Loan Comparison > Market Insights > Price Meter > Property Buying Guide > Foreign Buyers'
Guide > Capital
Gains Tax > Sri Lanka House Price Index > Sri Lanka Land Price Index > Membership Benefits > Market Outlook Report > News & Guides > View All Wanted Properties > Houses wanted > Apartments wanted > Land wanted > Commercial Buildings > Rooms wanted > Post Your
Ad > View All Agents / Agents
Directory > Promote your
property > Become an Agent > Residential
sales > Letting
Agents > Commercial
property agents > Land Sales > Buyer
& Seller Assistance > Promote
your property > View All
Businesses for
Sale > Real
Estate > Restaurant > Construction > Agriculture > Tech > Hospitality > Business > Manufacturing > Garment-Textile > Services-BPO > Maps of Sri Lanka > Area Guide > Point of
Interests > Property Buying Guide > Foreign Buyers'
Guide > Capital
Gains Tax > Sri Lanka House Price Index > Sri Lanka Land Price Index > Membership Benefits > News & Guides > About us > Careers > Contact Us > Events > FAQs > Ideal Home > Appliances &
Electronics > Furniture > Household items > Solar & Hot Water > Bathrooms > Gardening > Kitchen > Professionals > Flooring > House Construction > Lighting > Service Providers > Other Services > Home > ... > Sales > Colombo District > Colombo 5 > House > Home > ... > Sales > Colombo District > Colombo 5 > House","Edmonton Road, Colombo 5",Rs. 265 m,265000000.0,True,House,9,05 Bathrooms,3500 sq.ft.,2,15.4 perches,For Urgent Sale,Unfurnished,25+ years,,9.0,5.0,3500.0,15.4,"{""Bathrooms/WCs"": ""5"", ""Car parking spaces"": ""2""}","🏡 Prime Property for Sale – Edmonton Road, Kirulapone An exceptional opportunity to own a valuable property in one of Kirulapone’s most sought-after residential and commercial locations. Situated just 50 meters from High Level Road, this spacious two-storey property is ideal for residential use, office operations, staff accommodation, educational institutes, or commercial ventures. 📍 Location: Edmonton Road, Kirulapone 📐 Land Extent: 15.4 Perches 🏠 Two-Storey Building ✨ Property Features: ✔ 09 Spacious Rooms ✔ 05 Bathrooms ✔ Three-Phase Electricity ✔ Main Line Water Supply ✔ Excellent Accessibility 💼 Ideal For: • Corporate Office Premises • Training & Educational Institutes • Medical or Consultation Centre • Staff Accommodation • Guest House or Hostel • Residential or Mixed-Use Development 🌟 Prime Location Advantages: 🚶 Only 50m to High Level Road 🏦 Close to HNB Bank 🛒 Near Keells Supermarket 🎓 Close to NSBM and Other Educational Institutions 🚌 Easy Access to Public Transport 🏥 Near Hospitals, Banks, Restaurants & Essential Amenities 💎 Investment Potential Properties in this prime Kirulapone location are highly sought after due to their excellent connectivity, commercial value, and residential appeal. Whether for business operations, redevelopment, or long-term investment, this property offers outstanding potential. 📞 Contact now for further details and viewing arrangements."
https://www.lankapropertyweb.com/sale/property_details-5934271.html,5934271,2026-08-10T10:30:20.050662+00:00,Luxury Two-Storey House for Sale in Kelaniya,"View all > Houses > Apartments > Commercial > Bungalows > Villas > Studio
/ Bedsit > Warehouse > Featured developments for sale > New Beachfront Projects > Newly
built property for sale > Colonial
Houses for sale > Urgent properties for sale > Luxury
Apartments > Mid-range
Apartments > Bungalows
in Nuwara Eliya > Houses
in Battaramulla area > Commercial property for sale
in
Colombo > Hotels for Sale > Warehouses for sale > Brand
new apartment > Beachfront properties for sale > Beachfront Apartments for sale > Below Market Value properties > Sri Lanka House Price Index > Sri Lanka Land Price Index > Guide for
foreigners
buying property > All property for Rent > Houses > Apartments > Commercial > Bungalows > Annexes > Hostels > Villas > Studio
/ Bedsit > Rooms
/ Boarding Places > View All Featured Properties > Warehouses for rent > Newly built property for rent > Urgent properties to let > Short
term rentals > Office spaces in
Colombo > Co-working places > House Prices > Find All Land for Sale or Lease > Bare
Land > Beachfront
Land > Cultivated
/ Agriculture > Land
with House > Tea
Estate Land > Rubber
Estate Land > Coconut
Estate Land > Paddy
(Rice) Land > Cinnamon
Estate Land > Waterfront
Land > Featured Land Projects > Lands
in Nuwara Eliya > Investment Lands
within 1 hour of Colombo > Lands
for less than 1 lakh a perch in Western Province > Cultivation
lands within 1 hour from Colombo > Land
Prices in Greater Colombo > View All New Projects > Featured Projects > Apartment FinderNew > Featured Land Projects > Condo Directory > Property
Valuations > Legal
Assistance > Document
preparation & submission > Mortgage
Advice > Fees
& taxes payment > Personal
Assistance > Other
Services > Market
Research and Advisory > Property
Buying Advisory > Business
Buying or Selling Advisory > Property
Buying Assistance for Foreigners > Advisory on Investing
in Sri Lanka > House
Construction > Packers &
Movers > Solar Panels > Invest Home > Top Investment
Properties > Luxury
Apartments > Mid-range
Apartments > Lands and
Bungalows
in Nuwara Eliya > Houses in
Battaramulla area > Cultivation
lands > Investment Lands
within 1 hour of Colombo > Commercial
property
for sale in Colombo > Hotels for
Sale > ROI calculator > Trending Properties > Top Investment
properties > House Price Index > Land price
index > Home Loan Rates > Home
Loan Calculator > Home
Loan Comparison > Market Insights > Price Meter > Property Buying Guide > Foreign Buyers'
Guide > Capital
Gains Tax > Sri Lanka House Price Index > Sri Lanka Land Price Index > Membership Benefits > Market Outlook Report > News & Guides > View All Wanted Properties > Houses wanted > Apartments wanted > Land wanted > Commercial Buildings > Rooms wanted > Post Your
Ad > View All Agents / Agents
Directory > Promote your
property > Become an Agent > Residential
sales > Letting
Agents > Commercial
property agents > Land Sales > Buyer
& Seller Assistance > Promote
your property > View All
Businesses for
Sale > Real
Estate > Restaurant > Construction > Agriculture > Tech > Hospitality > Business > Manufacturing > Garment-Textile > Services-BPO > Maps of Sri Lanka > Area Guide > Point of
Interests > Property Buying Guide > Foreign Buyers'
Guide > Capital
Gains Tax > Sri Lanka House Price Index > Sri Lanka Land Price Index > Membership Benefits > News & Guides > About us > Careers > Contact Us > Events > FAQs > Ideal Home > Appliances &
Electronics > Furniture > Household items > Solar & Hot Water > Bathrooms > Gardening > Kitchen > Professionals > Flooring > House Construction > Lighting > Service Providers > Other Services > Home > ... > Sales > Gampaha District > Kelaniya > House > Home > ... > Sales > Gampaha District > Kelaniya > House",Kelaniya,"Rs. 80,000,000


















",80000000.0,True,House,4,,5200 sq.ft.,,23.25 perches,For Urgent Sale,,,,4.0,,5200.0,23.25,"{""Bathrooms/WCs"": ""4""}","Experience elegant living in this beautifully designed luxury residence located in a highly sought-after residential area of Kelaniya. Situated on 23.25 perches of land, this spacious 5,200 sq. ft. two-storey home offers exceptional comfort, convenience, and modern amenities. Property Highlights ✅ 5,200 Sq. Ft. Luxury Residence ✅ 23.25 Perches of Valuable Land ✅ 4 Spacious Bedrooms ✅ 4 Modern Bathrooms ✅ Large Family TV Lounge ✅ Well-Appointed Pantry & Kitchen Area ✅ Two-Car Garage ✅ Driver's Room & Staff Quarters ✅ Solar-Powered Hot Water System ✅ Standby Generator ✅ State-of-the-Art CCTV Security System ✅ Fully Enclosed with Secure Boundary Wall ✅ Beautifully Landscaped Front & Rear Gardens Prime Location 📍 Only 2 Minutes to Kandy Road 📍 Just 450m to Airport Expressway Entrance 📍 Walking Distance to Banks, Supermarkets, Restaurants, and Other Essential Amenities This exceptional property combines luxury, security, and convenience, making it an ideal family home or long-term investment opportunity in one of Kelaniya's most desirable locations. 💰 Asking Price: LKR 80 Million (Negotiable) 📞 Contact: Call or WhatsApp Direct buyers only. No brokers or third-party advertisers, please."
https://www.lankapropertyweb.com/sale/property_details-5877594.html,5877594,2026-08-10T10:30:23.650333+00:00,Modern Luxury Architect Designed House for Sale in Jayanthipura Battaramulla,"View all > Houses > Apartments > Commercial > Bungalows > Villas > Studio
/ Bedsit > Warehouse > Featured developments for sale > New Beachfront Projects > Newly
built property for sale > Colonial
Houses for sale > Urgent properties for sale > Luxury
Apartments > Mid-range
Apartments > Bungalows
in Nuwara Eliya > Houses
in Battaramulla area > Commercial property for sale
in
Colombo > Hotels for Sale > Warehouses for sale > Brand
new apartment > Beachfront properties for sale > Beachfront Apartments for sale > Below Market Value properties > Sri Lanka House Price Index > Sri Lanka Land Price Index > Guide for
foreigners
buying property > All property for Rent > Houses > Apartments > Commercial > Bungalows > Annexes > Hostels > Villas > Studio
/ Bedsit > Rooms
/ Boarding Places > View All Featured Properties > Warehouses for rent > Newly built property for rent > Urgent properties to let > Short
term rentals > Office spaces in
Colombo > Co-working places > House Prices > Find All Land for Sale or Lease > Bare
Land > Beachfront
Land > Cultivated
/ Agriculture > Land
with House > Tea
Estate Land > Rubber
Estate Land > Coconut
Estate Land > Paddy
(Rice) Land > Cinnamon
Estate Land > Waterfront
Land > Featured Land Projects > Lands
in Nuwara Eliya > Investment Lands
within 1 hour of Colombo > Lands
for less than 1 lakh a perch in Western Province > Cultivation
lands within 1 hour from Colombo > Land
Prices in Greater Colombo > View All New Projects > Featured Projects > Apartment FinderNew > Featured Land Projects > Condo Directory > Property
Valuations > Legal
Assistance > Document
preparation & submission > Mortgage
Advice > Fees
& taxes payment > Personal
Assistance > Other
Services > Market
Research and Advisory > Property
Buying Advisory > Business
Buying or Selling Advisory > Property
Buying Assistance for Foreigners > Advisory on Investing
in Sri Lanka > House
Construction > Packers &
Movers > Solar Panels > Invest Home > Top Investment
Properties > Luxury
Apartments > Mid-range
Apartments > Lands and
Bungalows
in Nuwara Eliya > Houses in
Battaramulla area > Cultivation
lands > Investment Lands
within 1 hour of Colombo > Commercial
property
for sale in Colombo > Hotels for
Sale > ROI calculator > Trending Properties > Top Investment
properties > House Price Index > Land price
index > Home Loan Rates > Home
Loan Calculator > Home
Loan Comparison > Market Insights > Price Meter > Property Buying Guide > Foreign Buyers'
Guide > Capital
Gains Tax > Sri Lanka House Price Index > Sri Lanka Land Price Index > Membership Benefits > Market Outlook Report > News & Guides > View All Wanted Properties > Houses wanted > Apartments wanted > Land wanted > Commercial Buildings > Rooms wanted > Post Your
Ad > View All Agents / Agents
Directory > Promote your
property > Become an Agent > Residential
sales > Letting
Agents > Commercial
property agents > Land Sales > Buyer
& Seller Assistance > Promote
your property > View All
Businesses for
Sale > Real
Estate > Restaurant > Construction > Agriculture > Tech > Hospitality > Business > Manufacturing > Garment-Textile > Services-BPO > Maps of Sri Lanka > Area Guide > Point of
Interests > Property Buying Guide > Foreign Buyers'
Guide > Capital
Gains Tax > Sri Lanka House Price Index > Sri Lanka Land Price Index > Membership Benefits > News & Guides > About us > Careers > Contact Us > Events > FAQs > Ideal Home > Appliances &
Electronics > Furniture > Household items > Solar & Hot Water > Bathrooms > Gardening > Kitchen > Professionals > Flooring > House Construction > Lighting > Service Providers > Other Services > Home > ... > Sales > Colombo District > Battaramulla > House > Home > ... > Sales > Colombo District > Battaramulla > House","Jayanthipura Main Road, Sri Jayawardenepura Kotte, Sri Lanka, Battaramulla","Rs. 450,000,000
  ",450000000.0,True,House,6,,8132 sq.ft.,3,18.8 perches,Available Now,Semi-furnished,1 year,40 ft.,6.0,,8132.0,18.8,"{""Bathrooms/WCs"": ""7"", ""Car parking spaces"": ""5""}","🏡 Luxury Architect Designed House for Sale in Jayanthipura Battaramulla | 19 Perches | 8000+ Sqft A stunning architecturally designed modern luxury residence located in the prestigious and highly residential area of Jayanthipura, Battaramulla. This exceptional property offers spacious living areas, premium finishes, landscaped outdoor spaces, and high-end facilities, making it ideal for luxury family living, embassy residence, or high-value investment. This property is one of the finest luxury homes available in Battaramulla in 2026. 📍 Location Jayanthipura Main Road Battaramulla – one of the most prestigious residential neighborhoods in Colombo suburbs. ✔ Peaceful residential environment ✔ Close to government institutions ✔ Easy access to Colombo, Rajagiriya, and Parliament area 📐 Property Details Land Extent: 19 Perches Total Floor Area: 8000+ Sq Ft Access Road: 40 ft wide road Architecturally designed modern luxury residence built to high architectural standards. Key Features 🛏 Bedrooms: 6 spacious bedrooms 🛁 Bathrooms: 7 modern bathrooms 🛋 Large living space opening to a beautiful sculpture courtyard 🌇 Rooftop terrace with lounge area 🌳 Spacious landscaped garden 🍽 Fully equipped modern kitchen ❄ Fully air-conditioned house 💡 High-standard European lighting and bathroom fittings 🚗 Parking space for 5 vehicles 👨‍🔧 Servant & driver quarters with facilities 🪑 Semi-furnished property Approvals ✔ UDA Approved ✔ Certificate of Conformity (COC) available Price 💰 LKR 450 Million (LKR 450,000,000) 🤝 Price Negotiable Ideal For ✔ Luxury residential living ✔ Embassy or executive residence ✔ High-end property investment"
https://www.lankapropertyweb.com/sale/property_details-5923454.html,5923454,2026-08-10T10:30:26.806642+00:00,Gampaha Town House For Sale,"View all > Houses > Apartments > Commercial > Bungalows > Villas > Studio
/ Bedsit > Warehouse > Featured developments for sale > New Beachfront Projects > Newly
built property for sale > Colonial
Houses for sale > Urgent properties for sale > Luxury
Apartments > Mid-range
Apartments > Bungalows
in Nuwara Eliya > Houses
in Battaramulla area > Commercial property for sale
in
Colombo > Hotels for Sale > Warehouses for sale > Brand
new apartment > Beachfront properties for sale > Beachfront Apartments for sale > Below Market Value properties > Sri Lanka House Price Index > Sri Lanka Land Price Index > Guide for
foreigners
buying property > All property for Rent > Houses > Apartments > Commercial > Bungalows > Annexes > Hostels > Villas > Studio
/ Bedsit > Rooms
/ Boarding Places > View All Featured Properties > Warehouses for rent > Newly built property for rent > Urgent properties to let > Short
term rentals > Office spaces in
Colombo > Co-working places > House Prices > Find All Land for Sale or Lease > Bare
Land > Beachfront
Land > Cultivated
/ Agriculture > Land
with House > Tea
Estate Land > Rubber
Estate Land > Coconut
Estate Land > Paddy
(Rice) Land > Cinnamon
Estate Land > Waterfront
Land > Featured Land Projects > Lands
in Nuwara Eliya > Investment Lands
within 1 hour of Colombo > Lands
for less than 1 lakh a perch in Western Province > Cultivation
lands within 1 hour from Colombo > Land
Prices in Greater Colombo > View All New Projects > Featured Projects > Apartment FinderNew > Featured Land Projects > Condo Directory > Property
Valuations > Legal
Assistance > Document
preparation & submission > Mortgage
Advice > Fees
& taxes payment > Personal
Assistance > Other
Services > Market
Research and Advisory > Property
Buying Advisory > Business
Buying or Selling Advisory > Property
Buying Assistance for Foreigners > Advisory on Investing
in Sri Lanka > House
Construction > Packers &
Movers > Solar Panels > Invest Home > Top Investment
Properties > Luxury
Apartments > Mid-range
Apartments > Lands and
Bungalows
in Nuwara Eliya > Houses in
Battaramulla area > Cultivation
lands > Investment Lands
within 1 hour of Colombo > Commercial
property
for sale in Colombo > Hotels for
Sale > ROI calculator > Trending Properties > Top Investment
properties > House Price Index > Land price
index > Home Loan Rates > Home
Loan Calculator > Home
Loan Comparison > Market Insights > Price Meter > Property Buying Guide > Foreign Buyers'
Guide > Capital
Gains Tax > Sri Lanka House Price Index > Sri Lanka Land Price Index > Membership Benefits > Market Outlook Report > News & Guides > View All Wanted Properties > Houses wanted > Apartments wanted > Land wanted > Commercial Buildings > Rooms wanted > Post Your
Ad > View All Agents / Agents
Directory > Promote your
property > Become an Agent > Residential
sales > Letting
Agents > Commercial
property agents > Land Sales > Buyer
& Seller Assistance > Promote
your property > View All
Businesses for
Sale > Real
Estate > Restaurant > Construction > Agriculture > Tech > Hospitality > Business > Manufacturing > Garment-Textile > Services-BPO > Maps of Sri Lanka > Area Guide > Point of
Interests > Property Buying Guide > Foreign Buyers'
Guide > Capital
Gains Tax > Sri Lanka House Price Index > Sri Lanka Land Price Index > Membership Benefits > News & Guides > About us > Careers > Contact Us > Events > FAQs > Ideal Home > Appliances &
Electronics > Furniture > Household items > Solar & Hot Water > Bathrooms > Gardening > Kitchen > Professionals > Flooring > House Construction > Lighting > Service Providers > Other Services > Home > ... > Sales > Gampaha District > Gampaha > House > Home > ... > Sales > Gampaha District > Gampaha > House","Sri Gnavimala Mawatha, Gampaha","Rs. 44,800,000
  ",44800000.0,True,House,4,,2900 sq.ft.,2,10 perches,Available Now,Unfurnished,,10 ft.,4.0,,2900.0,10.0,"{""Bathrooms/WCs"": ""2"", ""Car parking spaces"": ""2"", ""Primary USP"": ""18""}","A house located in Good neighbour Hood Property Features MAINLINE WATER GARAGE GATED COMMUNITY MAID'S TOILET OVERHEAD WATER STORAGE Explore Neighbourhood - Map View Sri Gnavimala Mawatha, Gampaha [View on large map] 2D View Street View Find out how much you can save with our Home Loan Calculator Buy this property for only Rs. 345,300 /month By obtaining a Home Loan through our banking partners *For a 20-year term with a 12% fixed interest rate, using the equated balance payment method. By obtaining a Home Loan through our banking partners *For a 20-year term with a 12% fixed interest rate, using the equated balance payment method. More Details Property prices in Gampaha Buy Average Sale Price is Rs. 13,782 Per SQ.FT. PRICE TRENDS → 12.3% Price increased compared to last year Try our new price meter tool to find out the average price of a property in Gampaha Try our new price meter tool to find out the average price of a property in Gampaha PRICE METER → Contact Advertiser KOSALA NAWARATNE 94-7784... Click to view Number 94-7784... Click to view Number KOSALA NAWARATNE : 94-778461590 This advertiser has been advertising with us for 8 years Request a call back Please enter your phone number to request the advertiser to call you back Send SEND Important information : This ad has been posted on LankaPropertyWeb.com by the above mentioned advertiser. LankaPropertyWeb.com does not have any connection with this advertiser, nor do we vet the advertisers, guarantee their services, responsible for the accuracy of the ad's content or are responsible for services provided by the advertisers. LankaPropertyWeb.com does not provide any service other than list the advertisements posted by advertisers. You will be contacting the advertiser (owner/agent) of this property directly. We advise you to take precaution when making any payments or signing any agreements and be alert of any possible scams. If making any payments we recommend that you have two permanent & verified methods of contact of the payment receiver such as their landline number and home/business address. Posted/Edited: 2 days ago REPORT THIS AD Find Similar Properties Rs. 31M - 58M Rs. 10K - 20K PSF 2000 - 3000 sqft Gampaha View all View all View all View all 6 6 2600 sqft (OS570)✨ Modern Spacious Brand-New House for Sale... Gampaha Rs. 26M 9 4 1850 sqft Affordable Modern Home for Sale in Thihariya Thihariya Rs. 19M Negotiable 10 8 5500 sqft Gampaha - Asgiriya Two Storey House for Sale (SSPH-390) Gampaha Rs. 58M Negotiable 9 8 3035 sqft Twin Luxury House on 29.5 Perches in Gampaha Weliveriya... Gampaha Rs. 33M 10 4 1816 sqft 4 Bedroom Luxury house Construction in Gampaha / Rs.... Gampaha Rs. 19.8M 10 4 1816 sqft 4 Bedroom House Construction in Ganemulla for Rs. 19.8... Ganemulla Rs. 19.8M 5 4 3200 sqft A Valuable Two Storied House for Sale Moragod... Gampaha Rs. 35M Negotiable 10 2 1100 sqft (BH02) Brand New House for Sale in Ganemulla Ganemulla Rs. 12.3M 8 4 2200 sqft (HH332) Two Storey House for Sale in Amunugoda, Gampaha Gampaha Rs. 35M 10 3 2000 sqft 3 Bedroom house Construction in Gampaha for Rs. 23.6... Miriswatta Rs. 23.63M 10 3 2000 sqft 3 Bedroom Luxury House Construction in Gampaha / Rs.... Gampaha Rs. 23.63M 10 6 2100 sqft (BH196) Two Storey House for Sale in Gampaha Miriswatte Gampaha Rs. 32M 10 4 2200 sqft (MH349) Furnished Luxury Two Storey House for Sale... Gampaha Rs. 35M 7 3 2500 sqft Bemmulla | Gampaha | 3Bedroom | Lakefront estate |... Gampaha Rs. 56M 5 3 2500 sqft (KH845) Two Storey House for Sale in Gampaha Gampaha Rs. 37.5M 10 4 1816 sqft 4 Bedroom Luxury house Construction in Gampaha / Rs.... Gampaha Rs. 19.8M 10 2 1100 sqft (KH726) House for Sale in Udugampola Gampaha Rs. 15.5M 8 4 2200 sqft (HH332) Two Storey House for Sale in Amunugoda, Gampaha Gampaha Rs. 35M 9 4 3150 sqft 4 Bedroom Luxury House in Gampaha / Rs. 31.1 million... Gampaha Rs. 31.19M 10 3 2000 sqft 3 Bedroom Luxury House Construction in Gampaha / Rs.... Gampaha Rs. 23.63M 10 6 2100 sqft (BH196) Two Storey House for Sale in Gampaha Miriswatte Gampaha Rs. 32M 10 4 2200 sqft (MH349) Furnished Luxury Two Storey House for Sale... Gampaha Rs. 35M 10 6 2100 sqft (BH196) Two Storey House for Sale in Gampaha Miriswatte Gampaha Rs. 32M 8 4 1825 sqft Valuable Residential & Agricultural Property for... Gampaha Rs. 32.5M 10 6 2700 sqft Fully Furnished Two-Storey House for Sale – Gampaha... Gampaha Rs. 32.5M 9 8 3035 sqft Twin Luxury House on 29.5 Perches in Gampaha Weliveriya... Gampaha Rs. 33M 10 5 2300 sqft Brand New Two-Storey House for Sale in Weliweriya. Weliweriya Rs. 34.5M 10 5 2932 sqft Super Luxury 5 Bedroom house construction in Ganemulla... Ganemulla Rs. 34.65M 5 4 3200 sqft A Valuable Two Storied House for Sale Moragod... Gampaha Rs. 35M Negotiable 3 4 2850 sqft Complete House for Sale at Vishaka Road, Gampaha. Gampaha Rs. 35M VIEW ALL PROPERTIES Within Rs. 31M - 58M (23) VIEW ALL PROPERTIES FOR sale in Gampaha (38) VIEW ALL PROPERTIES Within 2,000 - 3,000 sq.ft. (25) VIEW ALL PROPERTIES Within Rs. 10K - 20K PSF (33) Next Steps for Buyers Guide to Buying a Property Legal Assistance & Document Preparation Property Valuation Help & Advisory on Buying a Property Get help applying for a Housing Loan Find a House Mover View more There is no place like home Explore everything you need to build and decorate your dream home Visit Website Be the first to know Get instant alerts on newly added Houses for sale in Gampaha – your dream property awaits! Subscribe now Create Alert Now Top Searches Houses for sale in Gampaha Apartments for sale in Gampaha Commercial property for sale in Gampaha Bungalows for sale in Gampaha Hotels for sale in Gampaha Villas for sale in Gampaha Studio/Bedsit for sale in Gampaha Featured Projects ASTORIA More Details Altair More Details Aarana Boutique Residencies More Details The Elizabeth Colombo 07 More Details Mon Vie More Details Marina Square More Details Property Saved!. Manage Favorite not saved! Try again Favorite removed! Ok Share Save Contact Advertiser KOSALA NAWARATNE Check Availability 94-7784... WHATSAPP EMAIL Share this property Email to a friend Messenger Whatsapp Viber X Linkedin Telegram Copy url More Share Options KOSALA NAWARATNE Please enter your details Interested in this property or want more details? Fill out the form below, and the advertiser will get in touch with you shortly! SUBMIT CALL CHAT Report this AD Please select a reason Not a property ad Property not available anymore No such property Incorrect contact details Advertiser unresponsive Unrealistic price Image on ad is not that of property Spam Scam/Fake ad Other Submit Please Enter Your Details To view the seller's number, please enter your name, email and contact number. This will help the seller follow up on your inquiry. Show Phone Number KOSALA NAWARATNE KOSALA NAWARATNE 94-778461590 Call Now KOSALA NAWARATNE KOSALA NAWARATNE 94-778461590 WhatsApp Find your favourite properties from the top of the page Click on the star icon to view your favourite ads LankaProperty web - Email property to a friend Send Email Please Enter Your Details To contact the advertiser on whatsapp, please enter your name, email and contact number. This will help the seller follow up on your inquiry. WHATSAPP Navigation Home Sales Rentals Land Featured Projects Ideal Home Post your ad Wanted Find Agent Our Services Market Insights House Price Index Invest Land Price Index Businesses for Sale Home Loan Comparison Property Buying Guide Maps News & Guides Become a Member Login All ads Features & Tools Home Loan Calculator Location Guide Trending Properties Price Meter Top Investment Properties Below Market Value Properties Email Alerts Market Outlook Report ROI Calculator Country Sri Lanka Maldives USA About Help Contact Us About Us Terms and Conditions Privacy Policy Careers Events Follow us on Social Media Subscribe to our newsletter You have successfully signed up for our newsletter Subscribe © Copyright LankaPropertyWeb.com, lpw.lk 2026 | All Rights Reserved × Newsletter You have successfully signed up for our newsletter Close Save Properties in Your Account × View saved properties Keep search history across devices See which properties you have contacted Continue with Google OR Login By registering you accept our Terms & Conditions and our privacy policy ."
https://www.lankapropertyweb.com/sale/property_details-5930468.html,5930468,2026-08-10T10:30:29.704222+00:00,🏡 Newly Renovated Two-Storey 4-Bedroom House for Sale in Malabe,"View all > Houses > Apartments > Commercial > Bungalows > Villas > Studio
/ Bedsit > Warehouse > Featured developments for sale > New Beachfront Projects > Newly
built property for sale > Colonial
Houses for sale > Urgent properties for sale > Luxury
Apartments > Mid-range
Apartments > Bungalows
in Nuwara Eliya > Houses
in Battaramulla area > Commercial property for sale
in
Colombo > Hotels for Sale > Warehouses for sale > Brand
new apartment > Beachfront properties for sale > Beachfront Apartments for sale > Below Market Value properties > Sri Lanka House Price Index > Sri Lanka Land Price Index > Guide for
foreigners
buying property > All property for Rent > Houses > Apartments > Commercial > Bungalows > Annexes > Hostels > Villas > Studio
/ Bedsit > Rooms
/ Boarding Places > View All Featured Properties > Warehouses for rent > Newly built property for rent > Urgent properties to let > Short
term rentals > Office spaces in
Colombo > Co-working places > House Prices > Find All Land for Sale or Lease > Bare
Land > Beachfront
Land > Cultivated
/ Agriculture > Land
with House > Tea
Estate Land > Rubber
Estate Land > Coconut
Estate Land > Paddy
(Rice) Land > Cinnamon
Estate Land > Waterfront
Land > Featured Land Projects > Lands
in Nuwara Eliya > Investment Lands
within 1 hour of Colombo > Lands
for less than 1 lakh a perch in Western Province > Cultivation
lands within 1 hour from Colombo > Land
Prices in Greater Colombo > View All New Projects > Featured Projects > Apartment FinderNew > Featured Land Projects > Condo Directory > Property
Valuations > Legal
Assistance > Document
preparation & submission > Mortgage
Advice > Fees
& taxes payment > Personal
Assistance > Other
Services > Market
Research and Advisory > Property
Buying Advisory > Business
Buying or Selling Advisory > Property
Buying Assistance for Foreigners > Advisory on Investing
in Sri Lanka > House
Construction > Packers &
Movers > Solar Panels > Invest Home > Top Investment
Properties > Luxury
Apartments > Mid-range
Apartments > Lands and
Bungalows
in Nuwara Eliya > Houses in
Battaramulla area > Cultivation
lands > Investment Lands
within 1 hour of Colombo > Commercial
property
for sale in Colombo > Hotels for
Sale > ROI calculator > Trending Properties > Top Investment
properties > House Price Index > Land price
index > Home Loan Rates > Home
Loan Calculator > Home
Loan Comparison > Market Insights > Price Meter > Property Buying Guide > Foreign Buyers'
Guide > Capital
Gains Tax > Sri Lanka House Price Index > Sri Lanka Land Price Index > Membership Benefits > Market Outlook Report > News & Guides > View All Wanted Properties > Houses wanted > Apartments wanted > Land wanted > Commercial Buildings > Rooms wanted > Post Your
Ad > View All Agents / Agents
Directory > Promote your
property > Become an Agent > Residential
sales > Letting
Agents > Commercial
property agents > Land Sales > Buyer
& Seller Assistance > Promote
your property > View All
Businesses for
Sale > Real
Estate > Restaurant > Construction > Agriculture > Tech > Hospitality > Business > Manufacturing > Garment-Textile > Services-BPO > Maps of Sri Lanka > Area Guide > Point of
Interests > Property Buying Guide > Foreign Buyers'
Guide > Capital
Gains Tax > Sri Lanka House Price Index > Sri Lanka Land Price Index > Membership Benefits > News & Guides > About us > Careers > Contact Us > Events > FAQs > Ideal Home > Appliances &
Electronics > Furniture > Household items > Solar & Hot Water > Bathrooms > Gardening > Kitchen > Professionals > Flooring > House Construction > Lighting > Service Providers > Other Services > Home > ... > Sales > Colombo District > Malabe > House > Home > ... > Sales > Colombo District > Malabe > House",Malabe,"Rs. 46,000,000


















",46000000.0,True,House,4,,,,7 perches,Available Now,,,,4.0,,,7.0,"{""Bathrooms/WCs"": ""3""}","A beautifully renovated, spacious family home located in a peaceful and highly residential neighborhood in Mihindu Mawatha, Malabe. Designed for comfortable modern living, this property offers generous indoor and outdoor spaces with excellent accessibility. 📍 Property Details 🔷Location: Mihindu Mawatha, Malabe 🔷Land Extent: 7 Perches 🔷House Size: 2,681 Sq. Ft. 🔷Distance: Only 100m to the main road and less than 1km to Malabe Town ✨ Property Features ✔️4 spacious bedrooms ✔️Master bedroom with attached bathroom ✔️3 modern bathrooms ✔️Large living, TV, and dining areas ✔️Spacious kitchen with pantry ✔️Air-conditioned study room (can also be used as a bedroom) ✔️Parking space for 2 vehicles ✔️Beautiful front and rear gardens ✔️Two private balconies ✔️Rooftop terrace with a storeroom Situated in a safe and peaceful neighborhood with excellent road access and ample roadside parking for guests, making it ideal for family gatherings and entertaining. 🛋️ Furniture Option: Available for sale with or without furniture, depending on the buyer's preference. 💰 Price: Negotiable after inspection. 📞 Important Information Direct buyers can enjoy a discount equivalent to the broker's commission. Brokers are kindly requested not to negotiate the price over the phone without first viewing the property. Please arrange a viewing with your buyers before discussing the price. Contact us today for more information or to schedule a private viewing."
https://www.lankapropertyweb.com/sale/property_details-5931280.html,5931280,2026-08-10T10:30:33.542605+00:00,Architect Designed Modern Luxury House for Sale in Malabe,"View all > Houses > Apartments > Commercial > Bungalows > Villas > Studio
/ Bedsit > Warehouse > Featured developments for sale > New Beachfront Projects > Newly
built property for sale > Colonial
Houses for sale > Urgent properties for sale > Luxury
Apartments > Mid-range
Apartments > Bungalows
in Nuwara Eliya > Houses
in Battaramulla area > Commercial property for sale
in
Colombo > Hotels for Sale > Warehouses for sale > Brand
new apartment > Beachfront properties for sale > Beachfront Apartments for sale > Below Market Value properties > Sri Lanka House Price Index > Sri Lanka Land Price Index > Guide for
foreigners
buying property > All property for Rent > Houses > Apartments > Commercial > Bungalows > Annexes > Hostels > Villas > Studio
/ Bedsit > Rooms
/ Boarding Places > View All Featured Properties > Warehouses for rent > Newly built property for rent > Urgent properties to let > Short
term rentals > Office spaces in
Colombo > Co-working places > House Prices > Find All Land for Sale or Lease > Bare
Land > Beachfront
Land > Cultivated
/ Agriculture > Land
with House > Tea
Estate Land > Rubber
Estate Land > Coconut
Estate Land > Paddy
(Rice) Land > Cinnamon
Estate Land > Waterfront
Land > Featured Land Projects > Lands
in Nuwara Eliya > Investment Lands
within 1 hour of Colombo > Lands
for less than 1 lakh a perch in Western Province > Cultivation
lands within 1 hour from Colombo > Land
Prices in Greater Colombo > View All New Projects > Featured Projects > Apartment FinderNew > Featured Land Projects > Condo Directory > Property
Valuations > Legal
Assistance > Document
preparation & submission > Mortgage
Advice > Fees
& taxes payment > Personal
Assistance > Other
Services > Market
Research and Advisory > Property
Buying Advisory > Business
Buying or Selling Advisory > Property
Buying Assistance for Foreigners > Advisory on Investing
in Sri Lanka > House
Construction > Packers &
Movers > Solar Panels > Invest Home > Top Investment
Properties > Luxury
Apartments > Mid-range
Apartments > Lands and
Bungalows
in Nuwara Eliya > Houses in
Battaramulla area > Cultivation
lands > Investment Lands
within 1 hour of Colombo > Commercial
property
for sale in Colombo > Hotels for
Sale > ROI calculator > Trending Properties > Top Investment
properties > House Price Index > Land price
index > Home Loan Rates > Home
Loan Calculator > Home
Loan Comparison > Market Insights > Price Meter > Property Buying Guide > Foreign Buyers'
Guide > Capital
Gains Tax > Sri Lanka House Price Index > Sri Lanka Land Price Index > Membership Benefits > Market Outlook Report > News & Guides > View All Wanted Properties > Houses wanted > Apartments wanted > Land wanted > Commercial Buildings > Rooms wanted > Post Your
Ad > View All Agents / Agents
Directory > Promote your
property > Become an Agent > Residential
sales > Letting
Agents > Commercial
property agents > Land Sales > Buyer
& Seller Assistance > Promote
your property > View All
Businesses for
Sale > Real
Estate > Restaurant > Construction > Agriculture > Tech > Hospitality > Business > Manufacturing > Garment-Textile > Services-BPO > Maps of Sri Lanka > Area Guide > Point of
Interests > Property Buying Guide > Foreign Buyers'
Guide > Capital
Gains Tax > Sri Lanka House Price Index > Sri Lanka Land Price Index > Membership Benefits > News & Guides > About us > Careers > Contact Us > Events > FAQs > Ideal Home > Appliances &
Electronics > Furniture > Household items > Solar & Hot Water > Bathrooms > Gardening > Kitchen > Professionals > Flooring > House Construction > Lighting > Service Providers > Other Services > Home > ... > Sales > Colombo District > Malabe > House > Home > ... > Sales > Colombo District > Malabe > House","Gonawatta Road, Malabe","Rs. 67,500,000





",67500000.0,True,House,5,3 Bathrooms,4000 sq.ft.,2,16 perches,For Urgent Sale,Unfurnished,7+ years,20 ft.,5.0,3.0,4000.0,16.0,"{""Bathrooms/WCs"": ""4"", ""Car parking spaces"": ""4""}","An exceptional architect-designed family home, built in 2018 as the owner's private residence with high-quality materials and no compromises on construction standards. Situated on 16 perches in a peaceful residential neighbourhood, this beautifully crafted home offers generous living spaces, premium finishes, abundant natural light, and excellent ventilation. Ideally located just 1 km from Malabe Town, 100 meters from Pothuarawa Road, with 20-foot-wide carpeted road access, this home provides the perfect balance of privacy and convenience. With approximately 4,000 sq. ft. of internal living space plus a 2,000 sq. ft. fully tiled rooftop terrace, this property is ideal for families looking for a spacious, well-built, and elegant home. Property Highlights * 16 Perches * Approx. 4,000 sq. ft. internal floor area * Approx. 2,000 sq. ft. fully tiled rooftop terrace * 4 Spacious Bedrooms * 1 Servant's Room * 3 Bathrooms * 1 Servant's Bathroom * Double garage with remote-controlled electric roller door * Parking for 4 vehicles (2 inside the garage and 2 within the premises) Ground Floor * Spacious formal living room * Large dining area * Modern kitchen * One bedroom * One common bathroom * Servant's room * Servant bathroom First Floor * Three exceptionally spacious bedrooms * Master bedroom with ensuite bathroom * One additional common bathroom * Comfortable family TV lounge * Large roofed outdoor terrace Second Floor * A 2,000 sq. ft. fully tiled rooftop terrace with provisions for a powder room, offering endless possibilities for a rooftop entertainment area, garden, gym, or future expansion. Premium Construction & Finishes * Architect-designed and purpose-built as a private family residence * Constructed entirely with solid brick walls * Premium solid teak doors and windows throughout * Elegant floor-to-ceiling doors and windows * Tempered glass windows with premium-quality fittings for all windows * Large windows and decorative latticework providing outstanding natural light and cross-ventilation * Front garden, two side courtyards, and rear garden creating bright, airy interiors throughout the home * Exceptionally spacious rooms with a practical, family-friendly layout Excellent Location * 1 km to Malabe Town * 100 meters to Pothuarawa Road * 3 km to Pelawatta Junction * 3.5 km to Athurugiriya Expressway Interchange * 3.5 km to CINEC Campus * 4 km to SLIIT * 3 minutes to Keells Akuregoda * 4.2 kms to Hemas Thalawathugoda * Close to leading international schools, supermarkets, hospitals, banks, restaurants, and all essential amenities Legal Status * Clear deed (Already had a loan taken on the house from Commercial Bank which was settled few years back) This is a rare opportunity to own a thoughtfully designed, architect-crafted home offering superior construction quality, premium finishes, generous living spaces, and an excellent location in one of Malabe's most sought-after residential areas. Asking Price: LKR 67,500,000 (Negotiable) For further information or to arrange a private viewing, please contact the owner. Link to Extra Pics: https://drive.google.com/drive/folders/1cZEI1kdFoCCM5D3lOTtpzLT0xn8m26HA?usp=sharing"
https://www.lankapropertyweb.com/sale/property_details-5920371.html,5920371,2026-08-10T10:30:37.285301+00:00,Colonial type House for sale in the Heart of Colombo 7,"View all > Houses > Apartments > Commercial > Bungalows > Villas > Studio
/ Bedsit > Warehouse > Featured developments for sale > New Beachfront Projects > Newly
built property for sale > Colonial
Houses for sale > Urgent properties for sale > Luxury
Apartments > Mid-range
Apartments > Bungalows
in Nuwara Eliya > Houses
in Battaramulla area > Commercial property for sale
in
Colombo > Hotels for Sale > Warehouses for sale > Brand
new apartment > Beachfront properties for sale > Beachfront Apartments for sale > Below Market Value properties > Sri Lanka House Price Index > Sri Lanka Land Price Index > Guide for
foreigners
buying property > All property for Rent > Houses > Apartments > Commercial > Bungalows > Annexes > Hostels > Villas > Studio
/ Bedsit > Rooms
/ Boarding Places > View All Featured Properties > Warehouses for rent > Newly built property for rent > Urgent properties to let > Short
term rentals > Office spaces in
Colombo > Co-working places > House Prices > Find All Land for Sale or Lease > Bare
Land > Beachfront
Land > Cultivated
/ Agriculture > Land
with House > Tea
Estate Land > Rubber
Estate Land > Coconut
Estate Land > Paddy
(Rice) Land > Cinnamon
Estate Land > Waterfront
Land > Featured Land Projects > Lands
in Nuwara Eliya > Investment Lands
within 1 hour of Colombo > Lands
for less than 1 lakh a perch in Western Province > Cultivation
lands within 1 hour from Colombo > Land
Prices in Greater Colombo > View All New Projects > Featured Projects > Apartment FinderNew > Featured Land Projects > Condo Directory > Property
Valuations > Legal
Assistance > Document
preparation & submission > Mortgage
Advice > Fees
& taxes payment > Personal
Assistance > Other
Services > Market
Research and Advisory > Property
Buying Advisory > Business
Buying or Selling Advisory > Property
Buying Assistance for Foreigners > Advisory on Investing
in Sri Lanka > House
Construction > Packers &
Movers > Solar Panels > Invest Home > Top Investment
Properties > Luxury
Apartments > Mid-range
Apartments > Lands and
Bungalows
in Nuwara Eliya > Houses in
Battaramulla area > Cultivation
lands > Investment Lands
within 1 hour of Colombo > Commercial
property
for sale in Colombo > Hotels for
Sale > ROI calculator > Trending Properties > Top Investment
properties > House Price Index > Land price
index > Home Loan Rates > Home
Loan Calculator > Home
Loan Comparison > Market Insights > Price Meter > Property Buying Guide > Foreign Buyers'
Guide > Capital
Gains Tax > Sri Lanka House Price Index > Sri Lanka Land Price Index > Membership Benefits > Market Outlook Report > News & Guides > View All Wanted Properties > Houses wanted > Apartments wanted > Land wanted > Commercial Buildings > Rooms wanted > Post Your
Ad > View All Agents / Agents
Directory > Promote your
property > Become an Agent > Residential
sales > Letting
Agents > Commercial
property agents > Land Sales > Buyer
& Seller Assistance > Promote
your property > View All
Businesses for
Sale > Real
Estate > Restaurant > Construction > Agriculture > Tech > Hospitality > Business > Manufacturing > Garment-Textile > Services-BPO > Maps of Sri Lanka > Area Guide > Point of
Interests > Property Buying Guide > Foreign Buyers'
Guide > Capital
Gains Tax > Sri Lanka House Price Index > Sri Lanka Land Price Index > Membership Benefits > News & Guides > About us > Careers > Contact Us > Events > FAQs > Ideal Home > Appliances &
Electronics > Furniture > Household items > Solar & Hot Water > Bathrooms > Gardening > Kitchen > Professionals > Flooring > House Construction > Lighting > Service Providers > Other Services > Home > ... > Sales > Colombo District > Colombo 7 > House > Home > ... > Sales > Colombo District > Colombo 7 > House",Colombo 7,Rs. 28 M,28000000.0,True,House,6,,3000 sq.ft.,2,77 perches,Available Now,Unfurnished,25+ years,40 ft.,6.0,,3000.0,77.0,"{""Bathrooms/WCs"": ""6"", ""Car parking spaces"": ""10""}","Colonial type House for sale in the Heart of Colombo 7 📍 Location: Rosmead Place Land Extent: 77 Perches Price: Rs. 28 Million per Perch (Negotiable) An exclusive property situated in one of Colombo’s most prestigious and highly sought-after neighborhoods, ideal for luxury residential or high-end development. We are directly dealing with the property owner.Contact us for more details .Thank you."
https://www.lankapropertyweb.com/sale/property_details-5928428.html,5928428,2026-08-10T10:30:40.385913+00:00,Spacious Two-Storey House for Sale in Pitakotte,"View all > Houses > Apartments > Commercial > Bungalows > Villas > Studio
/ Bedsit > Warehouse > Featured developments for sale > New Beachfront Projects > Newly
built property for sale > Colonial
Houses for sale > Urgent properties for sale > Luxury
Apartments > Mid-range
Apartments > Bungalows
in Nuwara Eliya > Houses
in Battaramulla area > Commercial property for sale
in
Colombo > Hotels for Sale > Warehouses for sale > Brand
new apartment > Beachfront properties for sale > Beachfront Apartments for sale > Below Market Value properties > Sri Lanka House Price Index > Sri Lanka Land Price Index > Guide for
foreigners
buying property > All property for Rent > Houses > Apartments > Commercial > Bungalows > Annexes > Hostels > Villas > Studio
/ Bedsit > Rooms
/ Boarding Places > View All Featured Properties > Warehouses for rent > Newly built property for rent > Urgent properties to let > Short
term rentals > Office spaces in
Colombo > Co-working places > House Prices > Find All Land for Sale or Lease > Bare
Land > Beachfront
Land > Cultivated
/ Agriculture > Land
with House > Tea
Estate Land > Rubber
Estate Land > Coconut
Estate Land > Paddy
(Rice) Land > Cinnamon
Estate Land > Waterfront
Land > Featured Land Projects > Lands
in Nuwara Eliya > Investment Lands
within 1 hour of Colombo > Lands
for less than 1 lakh a perch in Western Province > Cultivation
lands within 1 hour from Colombo > Land
Prices in Greater Colombo > View All New Projects > Featured Projects > Apartment FinderNew > Featured Land Projects > Condo Directory > Property
Valuations > Legal
Assistance > Document
preparation & submission > Mortgage
Advice > Fees
& taxes payment > Personal
Assistance > Other
Services > Market
Research and Advisory > Property
Buying Advisory > Business
Buying or Selling Advisory > Property
Buying Assistance for Foreigners > Advisory on Investing
in Sri Lanka > House
Construction > Packers &
Movers > Solar Panels > Invest Home > Top Investment
Properties > Luxury
Apartments > Mid-range
Apartments > Lands and
Bungalows
in Nuwara Eliya > Houses in
Battaramulla area > Cultivation
lands > Investment Lands
within 1 hour of Colombo > Commercial
property
for sale in Colombo > Hotels for
Sale > ROI calculator > Trending Properties > Top Investment
properties > House Price Index > Land price
index > Home Loan Rates > Home
Loan Calculator > Home
Loan Comparison > Market Insights > Price Meter > Property Buying Guide > Foreign Buyers'
Guide > Capital
Gains Tax > Sri Lanka House Price Index > Sri Lanka Land Price Index > Membership Benefits > Market Outlook Report > News & Guides > View All Wanted Properties > Houses wanted > Apartments wanted > Land wanted > Commercial Buildings > Rooms wanted > Post Your
Ad > View All Agents / Agents
Directory > Promote your
property > Become an Agent > Residential
sales > Letting
Agents > Commercial
property agents > Land Sales > Buyer
& Seller Assistance > Promote
your property > View All
Businesses for
Sale > Real
Estate > Restaurant > Construction > Agriculture > Tech > Hospitality > Business > Manufacturing > Garment-Textile > Services-BPO > Maps of Sri Lanka > Area Guide > Point of
Interests > Property Buying Guide > Foreign Buyers'
Guide > Capital
Gains Tax > Sri Lanka House Price Index > Sri Lanka Land Price Index > Membership Benefits > News & Guides > About us > Careers > Contact Us > Events > FAQs > Ideal Home > Appliances &
Electronics > Furniture > Household items > Solar & Hot Water > Bathrooms > Gardening > Kitchen > Professionals > Flooring > House Construction > Lighting > Service Providers > Other Services > Home > ... > Sales > Colombo District > Pita Kotte > House > Home > ... > Sales > Colombo District > Pita Kotte > House",Pita Kotte,"Rs. 60,000,000


















",60000000.0,True,House,4,,3000 sq.ft.,2,9 perches,Available Now,,,,4.0,,3000.0,9.0,"{""Bathrooms/WCs"": ""3"", ""Car parking spaces"": ""1""}","Spacious Two-Storey House for Sale in Pitakotte Prime Residential Location | Ideal Family Home | Excellent Investment Opportunity A well-maintained and spacious two-storey house situated in the highly sought-after residential area of Pitakotte. This property offers comfortable living spaces, convenient access to essential amenities, and a peaceful environment perfect for family living. Property Highlights ✅ Spacious two-storey house ✅ Built on 9 perches of land ✅ Multiple bedrooms and bathrooms ✅ Large living and dining area ✅ Kitchen with pantry ✅ Balcony and rooftop space ✅ Garden area ✅ Parking spaces Location Advantages 📍 Easy access via well-developed roads 📍 Quiet and peaceful residential neighborhood 📍 Close to leading schools, supermarkets, banks, hospitals, and government institutions 📍 Convenient access to Colombo and surrounding suburbs Additional Benefits ✔ All essential utilities and infrastructure available ✔ Municipal waste collection service available ✔ Clear title with no legal or financial encumbrances ✔ Ideal for large families, professionals, or investment purposes Contact For inspections and further details, please contact: Nandana Genuine Buyers Only"
https://www.lankapropertyweb.com/sale/property_details-5872490.html,5872490,2026-08-10T10:30:43.767036+00:00,Modern Two Story House for Sale in Piliyandala Madapatha,"View all > Houses > Apartments > Commercial > Bungalows > Villas > Studio
/ Bedsit > Warehouse > Featured developments for sale > New Beachfront Projects > Newly
built property for sale > Colonial
Houses for sale > Urgent properties for sale > Luxury
Apartments > Mid-range
Apartments > Bungalows
in Nuwara Eliya > Houses
in Battaramulla area > Commercial property for sale
in
Colombo > Hotels for Sale > Warehouses for sale > Brand
new apartment > Beachfront properties for sale > Beachfront Apartments for sale > Below Market Value properties > Sri Lanka House Price Index > Sri Lanka Land Price Index > Guide for
foreigners
buying property > All property for Rent > Houses > Apartments > Commercial > Bungalows > Annexes > Hostels > Villas > Studio
/ Bedsit > Rooms
/ Boarding Places > View All Featured Properties > Warehouses for rent > Newly built property for rent > Urgent properties to let > Short
term rentals > Office spaces in
Colombo > Co-working places > House Prices > Find All Land for Sale or Lease > Bare
Land > Beachfront
Land > Cultivated
/ Agriculture > Land
with House > Tea
Estate Land > Rubber
Estate Land > Coconut
Estate Land > Paddy
(Rice) Land > Cinnamon
Estate Land > Waterfront
Land > Featured Land Projects > Lands
in Nuwara Eliya > Investment Lands
within 1 hour of Colombo > Lands
for less than 1 lakh a perch in Western Province > Cultivation
lands within 1 hour from Colombo > Land
Prices in Greater Colombo > View All New Projects > Featured Projects > Apartment FinderNew > Featured Land Projects > Condo Directory > Property
Valuations > Legal
Assistance > Document
preparation & submission > Mortgage
Advice > Fees
& taxes payment > Personal
Assistance > Other
Services > Market
Research and Advisory > Property
Buying Advisory > Business
Buying or Selling Advisory > Property
Buying Assistance for Foreigners > Advisory on Investing
in Sri Lanka > House
Construction > Packers &
Movers > Solar Panels > Invest Home > Top Investment
Properties > Luxury
Apartments > Mid-range
Apartments > Lands and
Bungalows
in Nuwara Eliya > Houses in
Battaramulla area > Cultivation
lands > Investment Lands
within 1 hour of Colombo > Commercial
property
for sale in Colombo > Hotels for
Sale > ROI calculator > Trending Properties > Top Investment
properties > House Price Index > Land price
index > Home Loan Rates > Home
Loan Calculator > Home
Loan Comparison > Market Insights > Price Meter > Property Buying Guide > Foreign Buyers'
Guide > Capital
Gains Tax > Sri Lanka House Price Index > Sri Lanka Land Price Index > Membership Benefits > Market Outlook Report > News & Guides > View All Wanted Properties > Houses wanted > Apartments wanted > Land wanted > Commercial Buildings > Rooms wanted > Post Your
Ad > View All Agents / Agents
Directory > Promote your
property > Become an Agent > Residential
sales > Letting
Agents > Commercial
property agents > Land Sales > Buyer
& Seller Assistance > Promote
your property > View All
Businesses for
Sale > Real
Estate > Restaurant > Construction > Agriculture > Tech > Hospitality > Business > Manufacturing > Garment-Textile > Services-BPO > Maps of Sri Lanka > Area Guide > Point of
Interests > Property Buying Guide > Foreign Buyers'
Guide > Capital
Gains Tax > Sri Lanka House Price Index > Sri Lanka Land Price Index > Membership Benefits > News & Guides > About us > Careers > Contact Us > Events > FAQs > Ideal Home > Appliances &
Electronics > Furniture > Household items > Solar & Hot Water > Bathrooms > Gardening > Kitchen > Professionals > Flooring > House Construction > Lighting > Service Providers > Other Services > Home > ... > Sales > Colombo District > Piliyandala > House > Home > ... > Sales > Colombo District > Piliyandala > House","Madapatha Road, Piliyandala",Rs. 70M,70000000.0,True,House,6,,4500 sq.ft.,,11.8 perches,Available Now,,,,6.0,,4500.0,11.8,"{""Bathrooms/WCs"": ""2"", ""Car parking spaces"": ""4""}","Modern two storey house for sale, Architecturally and astrologically constructed using high quality materials. ⭕Can also be used as two separate units - Seperate Entrance & Seperate Electricity and Water ♦️11.8 p ♦️Pipe water & Electricity ♦️Surrounding wall - No Blind walls ♦️6 Bed rooms ♦️A/C provisions for the master bedrooms ♦️2 modern bathrooms with Solar hot water ♦️2 Modern kitchens with treated teak pantry cupboards & ELBA Exhaust Hood ♦️Large roof top area with a superior view ♦️Servant rooms and Bathrooms ♦️Brick walls, Jak wood doors and windows ♦️Fully tiled floor ♦️Parking area for 4 vehicles ♦️Carpeted wide road network ♦️5 minutes drive to Piliyandala, Kesbawa & Galle Road ♦️10 minutes drive for highway entrance (Price can be negotiable after inspection) ඉහළ ප්‍රමිතියෙන් යුතු අමුද්‍රව්‍ය යොදා වාස්තු විද්‍යානුකූලව ඉදිකළ නවීනතම දෙමහල් නිවස විකිණීමට. ⭕වෙන් වෙන් ඒකක දෙකක් වශයෙන්ද භාවිතා කළ හැක - වෙන් වෙන් වශයෙන් වූ පිවිසුම් සහ නල ජලය, විදුලිය 📌පිළියන්දල - මඩපාත ♦️පර්චස් 11.8 ♦️නළ ජලය සහ විදුලිය ♦️නිවස වටා ඉදි කළ තාප්පය - Blind wall නොමැත ♦️කාමර 6 ♦️ප්‍රධාන නිදන කාමර සඳහා වායු සමීකරණ සවි කිරීමේ පහසුකම ♦️නවීන පහසුකම් සහිත නාන කාමර 2 (සෝලා උණු වතුර) ♦️අංග සම්පූර්ණ මුළුතැන්ගෙවල් 2 (පදම් කළ තේක්ක පැන්ට්‍රි කබඩ්, Elba Exhaust Hood ♦️ඉඩ පහසුකම් සහිත Roof top එක ♦️සේවක කාමර සහ නාන කාමර ♦️ගඩොලින් නිමවූ බිත්ති. දොර ජනෙල් කොස් ලීයෙන් නිමවා ඇත. ♦️වාහන 4ක් පමණ නැවැත්වීමේ පහසුකම ♦️කාපට් යෙදූ පුළුල් මාර්ග පද්ධතිය ♦️පිළියන්දලට, කැස්බෑවට, ගාලු පාරට මිනිත්තු 5 ♦️අධිවේගී පිවිසුමට මිනිත්තු 10 (නිවස පරීක්ෂා කිරීමෙන් පසු මිල ගණන් සාකච්ඡා කළ හැක)"
https://www.lankapropertyweb.com/sale/property_details-5916513.html,5916513,2026-08-10T10:30:46.492118+00:00,House for sale in Colombo 15,"View all > Houses > Apartments > Commercial > Bungalows > Villas > Studio
/ Bedsit > Warehouse > Featured developments for sale > New Beachfront Projects > Newly
built property for sale > Colonial
Houses for sale > Urgent properties for sale > Luxury
Apartments > Mid-range
Apartments > Bungalows
in Nuwara Eliya > Houses
in Battaramulla area > Commercial property for sale
in
Colombo > Hotels for Sale > Warehouses for sale > Brand
new apartment > Beachfront properties for sale > Beachfront Apartments for sale > Below Market Value properties > Sri Lanka House Price Index > Sri Lanka Land Price Index > Guide for
foreigners
buying property > All property for Rent > Houses > Apartments > Commercial > Bungalows > Annexes > Hostels > Villas > Studio
/ Bedsit > Rooms
/ Boarding Places > View All Featured Properties > Warehouses for rent > Newly built property for rent > Urgent properties to let > Short
term rentals > Office spaces in
Colombo > Co-working places > House Prices > Find All Land for Sale or Lease > Bare
Land > Beachfront
Land > Cultivated
/ Agriculture > Land
with House > Tea
Estate Land > Rubber
Estate Land > Coconut
Estate Land > Paddy
(Rice) Land > Cinnamon
Estate Land > Waterfront
Land > Featured Land Projects > Lands
in Nuwara Eliya > Investment Lands
within 1 hour of Colombo > Lands
for less than 1 lakh a perch in Western Province > Cultivation
lands within 1 hour from Colombo > Land
Prices in Greater Colombo > View All New Projects > Featured Projects > Apartment FinderNew > Featured Land Projects > Condo Directory > Property
Valuations > Legal
Assistance > Document
preparation & submission > Mortgage
Advice > Fees
& taxes payment > Personal
Assistance > Other
Services > Market
Research and Advisory > Property
Buying Advisory > Business
Buying or Selling Advisory > Property
Buying Assistance for Foreigners > Advisory on Investing
in Sri Lanka > House
Construction > Packers &
Movers > Solar Panels > Invest Home > Top Investment
Properties > Luxury
Apartments > Mid-range
Apartments > Lands and
Bungalows
in Nuwara Eliya > Houses in
Battaramulla area > Cultivation
lands > Investment Lands
within 1 hour of Colombo > Commercial
property
for sale in Colombo > Hotels for
Sale > ROI calculator > Trending Properties > Top Investment
properties > House Price Index > Land price
index > Home Loan Rates > Home
Loan Calculator > Home
Loan Comparison > Market Insights > Price Meter > Property Buying Guide > Foreign Buyers'
Guide > Capital
Gains Tax > Sri Lanka House Price Index > Sri Lanka Land Price Index > Membership Benefits > Market Outlook Report > News & Guides > View All Wanted Properties > Houses wanted > Apartments wanted > Land wanted > Commercial Buildings > Rooms wanted > Post Your
Ad > View All Agents / Agents
Directory > Promote your
property > Become an Agent > Residential
sales > Letting
Agents > Commercial
property agents > Land Sales > Buyer
& Seller Assistance > Promote
your property > View All
Businesses for
Sale > Real
Estate > Restaurant > Construction > Agriculture > Tech > Hospitality > Business > Manufacturing > Garment-Textile > Services-BPO > Maps of Sri Lanka > Area Guide > Point of
Interests > Property Buying Guide > Foreign Buyers'
Guide > Capital
Gains Tax > Sri Lanka House Price Index > Sri Lanka Land Price Index > Membership Benefits > News & Guides > About us > Careers > Contact Us > Events > FAQs > Ideal Home > Appliances &
Electronics > Furniture > Household items > Solar & Hot Water > Bathrooms > Gardening > Kitchen > Professionals > Flooring > House Construction > Lighting > Service Providers > Other Services > Home > ... > Sales > Colombo District > Colombo 15 > House > Home > ... > Sales > Colombo District > Colombo 15 > House","Fergusons road , Colombo 15","Rs. 59,000,000


















",59000000.0,True,House,4,2 bathrooms,3500 sq.ft.,2,7.2 perches,For Urgent Sale,Unfurnished,24+ years,12 ft.,4.0,2.0,3500.0,7.2,"{""Bathrooms/WCs"": ""2"", ""Car parking spaces"": ""1""}","URGENT SALE!!! ♦️7.2 perches. ♦️A Jhon keels housing scheme project. ♦️4 bedrooms ♦️ 2 bathrooms ♦️Gated community. Master bedroom with a TV lounge. Ground floor: A garage for 1 vehicle, Hall, 1 bedroom, dinning area and a kitchen with pantry cupboard & a bathroom. 1st floor : 3 bedrooms (one with a Tv lounge) 1 common bathroom. 1 small storeroom. Very friendly neighbours. ♦️24/7 security available. Pleasant residential area. Ideal for a decent family. 200m to Keels supermarket, cargils supermarket 500m to Dominos pizza, Pizzahut & banks. 5mins to Crowisland beach. 10 mins to Wattala town. 15 mins to Pettah. Can be negotiated after inspection"
https://www.lankapropertyweb.com/sale/property_details-5787939.html,5787939,2026-08-10T10:30:49.569102+00:00,4 Bedroom house for sales in Nugegoda for Rs. 87.5 million (negotiable),"View all > Houses > Apartments > Commercial > Bungalows > Villas > Studio
/ Bedsit > Warehouse > Featured developments for sale > New Beachfront Projects > Newly
built property for sale > Colonial
Houses for sale > Urgent properties for sale > Luxury
Apartments > Mid-range
Apartments > Bungalows
in Nuwara Eliya > Houses
in Battaramulla area > Commercial property for sale
in
Colombo > Hotels for Sale > Warehouses for sale > Brand
new apartment > Beachfront properties for sale > Beachfront Apartments for sale > Below Market Value properties > Sri Lanka House Price Index > Sri Lanka Land Price Index > Guide for
foreigners
buying property > All property for Rent > Houses > Apartments > Commercial > Bungalows > Annexes > Hostels > Villas > Studio
/ Bedsit > Rooms
/ Boarding Places > View All Featured Properties > Warehouses for rent > Newly built property for rent > Urgent properties to let > Short
term rentals > Office spaces in
Colombo > Co-working places > House Prices > Find All Land for Sale or Lease > Bare
Land > Beachfront
Land > Cultivated
/ Agriculture > Land
with House > Tea
Estate Land > Rubber
Estate Land > Coconut
Estate Land > Paddy
(Rice) Land > Cinnamon
Estate Land > Waterfront
Land > Featured Land Projects > Lands
in Nuwara Eliya > Investment Lands
within 1 hour of Colombo > Lands
for less than 1 lakh a perch in Western Province > Cultivation
lands within 1 hour from Colombo > Land
Prices in Greater Colombo > View All New Projects > Featured Projects > Apartment FinderNew > Featured Land Projects > Condo Directory > Property
Valuations > Legal
Assistance > Document
preparation & submission > Mortgage
Advice > Fees
& taxes payment > Personal
Assistance > Other
Services > Market
Research and Advisory > Property
Buying Advisory > Business
Buying or Selling Advisory > Property
Buying Assistance for Foreigners > Advisory on Investing
in Sri Lanka > House
Construction > Packers &
Movers > Solar Panels > Invest Home > Top Investment
Properties > Luxury
Apartments > Mid-range
Apartments > Lands and
Bungalows
in Nuwara Eliya > Houses in
Battaramulla area > Cultivation
lands > Investment Lands
within 1 hour of Colombo > Commercial
property
for sale in Colombo > Hotels for
Sale > ROI calculator > Trending Properties > Top Investment
properties > House Price Index > Land price
index > Home Loan Rates > Home
Loan Calculator > Home
Loan Comparison > Market Insights > Price Meter > Property Buying Guide > Foreign Buyers'
Guide > Capital
Gains Tax > Sri Lanka House Price Index > Sri Lanka Land Price Index > Membership Benefits > Market Outlook Report > News & Guides > View All Wanted Properties > Houses wanted > Apartments wanted > Land wanted > Commercial Buildings > Rooms wanted > Post Your
Ad > View All Agents / Agents
Directory > Promote your
property > Become an Agent > Residential
sales > Letting
Agents > Commercial
property agents > Land Sales > Buyer
& Seller Assistance > Promote
your property > View All
Businesses for
Sale > Real
Estate > Restaurant > Construction > Agriculture > Tech > Hospitality > Business > Manufacturing > Garment-Textile > Services-BPO > Maps of Sri Lanka > Area Guide > Point of
Interests > Property Buying Guide > Foreign Buyers'
Guide > Capital
Gains Tax > Sri Lanka House Price Index > Sri Lanka Land Price Index > Membership Benefits > News & Guides > About us > Careers > Contact Us > Events > FAQs > Ideal Home > Appliances &
Electronics > Furniture > Household items > Solar & Hot Water > Bathrooms > Gardening > Kitchen > Professionals > Flooring > House Construction > Lighting > Service Providers > Other Services > Home > ... > Sales > Colombo District > Nugegoda > House > Home > ... > Sales > Colombo District > Nugegoda > House",Nugegoda,Rs. 87.5 m,87500000.0,True,House,4,,3000 sq.ft.,2,16.4 perches,Price reduced,Unfurnished,15+ years,,4.0,,3000.0,16.4,"{""Bathrooms/WCs"": ""3"", ""Car parking spaces"": ""5""}","🏡 WELL-MAINTAINED MODERN BUNGALOW FOR SALE – NUGEGODA Old Kesbewa Road | 16.4 Perches | 3,000 Sqft | Rs. 87.5 Million Prime Residential Location – <200m to Bus Stand, Railway Station & Town Property Overview Modern two-story bungalow built in 2002 on 16.4 perches. Approx. 3,000 sqft of living space with premium amenities. Located in a quiet residential pocket yet walking distance to Nugegoda town center. Key Features - Land: 16.4 perches | Built: 2002 | Floor Area: ∼3,000 sqft - Bedrooms: 4 Total – 3 upstairs, 1 downstairs - Bathrooms: 3 Total – 2 upstairs, 1 downstairs - Master Bedroom: Upstairs with attached bathroom - Other: Downstairs bedroom, separate servants' quarters + bathroom - AC: All bedrooms fully air-conditioned - Hot Water: All bathrooms with hot water - Water System: Sump + overhead tank with pressure pump for upstairs Layout Ground Floor: Porch, visitors’ lounge, dining area, second dining area, pantry, kitchen pantry, laundry room, storage under staircase First Floor: 3 bedrooms including master with attached bath, 2 bedrooms with common bath Location Advantages ✔️ <200m to Nugegoda Main Bus Stand, Railway Station & Town ✔️ Prime residential area on Old Kesbewa Road ✔️ Close to schools, supermarkets, banks, hospitals ✔️ Easy access to High-Level Road & Colombo Expected Price: LKR 85700,000 _Negotiable upon inspection_ Inspections by prior appointment only. Contact: Mahesh"
https://www.lankapropertyweb.com/sale/property_details-5931661.html,5931661,2026-08-10T10:30:52.263873+00:00,Newly Built Luxury 2-Storey House for Sale – Prime Kelaniya Location,"View all > Houses > Apartments > Commercial > Bungalows > Villas > Studio
/ Bedsit > Warehouse > Featured developments for sale > New Beachfront Projects > Newly
built property for sale > Colonial
Houses for sale > Urgent properties for sale > Luxury
Apartments > Mid-range
Apartments > Bungalows
in Nuwara Eliya > Houses
in Battaramulla area > Commercial property for sale
in
Colombo > Hotels for Sale > Warehouses for sale > Brand
new apartment > Beachfront properties for sale > Beachfront Apartments for sale > Below Market Value properties > Sri Lanka House Price Index > Sri Lanka Land Price Index > Guide for
foreigners
buying property > All property for Rent > Houses > Apartments > Commercial > Bungalows > Annexes > Hostels > Villas > Studio
/ Bedsit > Rooms
/ Boarding Places > View All Featured Properties > Warehouses for rent > Newly built property for rent > Urgent properties to let > Short
term rentals > Office spaces in
Colombo > Co-working places > House Prices > Find All Land for Sale or Lease > Bare
Land > Beachfront
Land > Cultivated
/ Agriculture > Land
with House > Tea
Estate Land > Rubber
Estate Land > Coconut
Estate Land > Paddy
(Rice) Land > Cinnamon
Estate Land > Waterfront
Land > Featured Land Projects > Lands
in Nuwara Eliya > Investment Lands
within 1 hour of Colombo > Lands
for less than 1 lakh a perch in Western Province > Cultivation
lands within 1 hour from Colombo > Land
Prices in Greater Colombo > View All New Projects > Featured Projects > Apartment FinderNew > Featured Land Projects > Condo Directory > Property
Valuations > Legal
Assistance > Document
preparation & submission > Mortgage
Advice > Fees
& taxes payment > Personal
Assistance > Other
Services > Market
Research and Advisory > Property
Buying Advisory > Business
Buying or Selling Advisory > Property
Buying Assistance for Foreigners > Advisory on Investing
in Sri Lanka > House
Construction > Packers &
Movers > Solar Panels > Invest Home > Top Investment
Properties > Luxury
Apartments > Mid-range
Apartments > Lands and
Bungalows
in Nuwara Eliya > Houses in
Battaramulla area > Cultivation
lands > Investment Lands
within 1 hour of Colombo > Commercial
property
for sale in Colombo > Hotels for
Sale > ROI calculator > Trending Properties > Top Investment
properties > House Price Index > Land price
index > Home Loan Rates > Home
Loan Calculator > Home
Loan Comparison > Market Insights > Price Meter > Property Buying Guide > Foreign Buyers'
Guide > Capital
Gains Tax > Sri Lanka House Price Index > Sri Lanka Land Price Index > Membership Benefits > Market Outlook Report > News & Guides > View All Wanted Properties > Houses wanted > Apartments wanted > Land wanted > Commercial Buildings > Rooms wanted > Post Your
Ad > View All Agents / Agents
Directory > Promote your
property > Become an Agent > Residential
sales > Letting
Agents > Commercial
property agents > Land Sales > Buyer
& Seller Assistance > Promote
your property > View All
Businesses for
Sale > Real
Estate > Restaurant > Construction > Agriculture > Tech > Hospitality > Business > Manufacturing > Garment-Textile > Services-BPO > Maps of Sri Lanka > Area Guide > Point of
Interests > Property Buying Guide > Foreign Buyers'
Guide > Capital
Gains Tax > Sri Lanka House Price Index > Sri Lanka Land Price Index > Membership Benefits > News & Guides > About us > Careers > Contact Us > Events > FAQs > Ideal Home > Appliances &
Electronics > Furniture > Household items > Solar & Hot Water > Bathrooms > Gardening > Kitchen > Professionals > Flooring > House Construction > Lighting > Service Providers > Other Services > Home > ... > Sales > Gampaha District > Kelaniya > House > Home > ... > Sales > Gampaha District > Kelaniya > House",Kelaniya,"Rs. 38,500,000





",38500000.0,True,House,5,,,,15.6 perches,Available Now,,,,5.0,,,15.6,"{""Bathrooms/WCs"": ""2""}","Own this beautifully designed, newly completed two-storey home situated on 15.6 perches in one of Kelaniya's most sought-after residential neighborhoods. Conveniently located adjoining the Polhena Playground, this spacious family home offers modern living with excellent connectivity and premium features. 📍 Prime Location 🔹Adjoining Polhena Playground 🔹2 km to Kelaniya University 🔹2 km to Kelaniya Raja Maha Vihara 🔹2.5 km to the Expressway Entrance 🔹3 km to Kiribathgoda Town 🏠 Property Features 🔹Newly Built & Fully Completed 2-Storey House 🔹15.6 Perch Land 🔹5 Spacious Bedrooms 🔹Dedicated Study Room for Kids 🔹2 Modern Bathrooms 🔹Large Living & Dining Area 🔹Modern Pantry Kitchen 🔹Spacious Balconies with Excellent Views 🔹Separate Servant's Room & Bathroom 🔹Solar Power System with 3kVA Battery Backup This elegant home is perfect for families looking for a peaceful, spacious, and energy-efficient lifestyle in a highly convenient location. 💰 Asking Price: Rs. 38.5 Million (Negotiable) Contact the owner directly for more information or to arrange a viewing"
https://www.lankapropertyweb.com/sale/property_details-5839414.html,5839414,2026-08-10T10:30:55.927884+00:00,Architect-designed house for sale in Kiribathgoda,"View all > Houses > Apartments > Commercial > Bungalows > Villas > Studio
/ Bedsit > Warehouse > Featured developments for sale > New Beachfront Projects > Newly
built property for sale > Colonial
Houses for sale > Urgent properties for sale > Luxury
Apartments > Mid-range
Apartments > Bungalows
in Nuwara Eliya > Houses
in Battaramulla area > Commercial property for sale
in
Colombo > Hotels for Sale > Warehouses for sale > Brand
new apartment > Beachfront properties for sale > Beachfront Apartments for sale > Below Market Value properties > Sri Lanka House Price Index > Sri Lanka Land Price Index > Guide for
foreigners
buying property > All property for Rent > Houses > Apartments > Commercial > Bungalows > Annexes > Hostels > Villas > Studio
/ Bedsit > Rooms
/ Boarding Places > View All Featured Properties > Warehouses for rent > Newly built property for rent > Urgent properties to let > Short
term rentals > Office spaces in
Colombo > Co-working places > House Prices > Find All Land for Sale or Lease > Bare
Land > Beachfront
Land > Cultivated
/ Agriculture > Land
with House > Tea
Estate Land > Rubber
Estate Land > Coconut
Estate Land > Paddy
(Rice) Land > Cinnamon
Estate Land > Waterfront
Land > Featured Land Projects > Lands
in Nuwara Eliya > Investment Lands
within 1 hour of Colombo > Lands
for less than 1 lakh a perch in Western Province > Cultivation
lands within 1 hour from Colombo > Land
Prices in Greater Colombo > View All New Projects > Featured Projects > Apartment FinderNew > Featured Land Projects > Condo Directory > Property
Valuations > Legal
Assistance > Document
preparation & submission > Mortgage
Advice > Fees
& taxes payment > Personal
Assistance > Other
Services > Market
Research and Advisory > Property
Buying Advisory > Business
Buying or Selling Advisory > Property
Buying Assistance for Foreigners > Advisory on Investing
in Sri Lanka > House
Construction > Packers &
Movers > Solar Panels > Invest Home > Top Investment
Properties > Luxury
Apartments > Mid-range
Apartments > Lands and
Bungalows
in Nuwara Eliya > Houses in
Battaramulla area > Cultivation
lands > Investment Lands
within 1 hour of Colombo > Commercial
property
for sale in Colombo > Hotels for
Sale > ROI calculator > Trending Properties > Top Investment
properties > House Price Index > Land price
index > Home Loan Rates > Home
Loan Calculator > Home
Loan Comparison > Market Insights > Price Meter > Property Buying Guide > Foreign Buyers'
Guide > Capital
Gains Tax > Sri Lanka House Price Index > Sri Lanka Land Price Index > Membership Benefits > Market Outlook Report > News & Guides > View All Wanted Properties > Houses wanted > Apartments wanted > Land wanted > Commercial Buildings > Rooms wanted > Post Your
Ad > View All Agents / Agents
Directory > Promote your
property > Become an Agent > Residential
sales > Letting
Agents > Commercial
property agents > Land Sales > Buyer
& Seller Assistance > Promote
your property > View All
Businesses for
Sale > Real
Estate > Restaurant > Construction > Agriculture > Tech > Hospitality > Business > Manufacturing > Garment-Textile > Services-BPO > Maps of Sri Lanka > Area Guide > Point of
Interests > Property Buying Guide > Foreign Buyers'
Guide > Capital
Gains Tax > Sri Lanka House Price Index > Sri Lanka Land Price Index > Membership Benefits > News & Guides > About us > Careers > Contact Us > Events > FAQs > Ideal Home > Appliances &
Electronics > Furniture > Household items > Solar & Hot Water > Bathrooms > Gardening > Kitchen > Professionals > Flooring > House Construction > Lighting > Service Providers > Other Services > Home > ... > Sales > Gampaha District > Kiribathgoda > House > Home > ... > Sales > Gampaha District > Kiribathgoda > House",Kiribathgoda,"Rs. 30,000,000
  ",30000000.0,True,House,4,,2300 sq.ft.,2,12 perches,Available Now,Semi-furnished,25+ years,15 ft.,4.0,,2300.0,12.0,"{""Bathrooms/WCs"": ""2"", ""Car parking spaces"": ""2""}","A beautifully designed two-storey residence on a perfect rectangular 12 perch land complete with 4 bedrooms, bathrooms, living area, spacious verandah, beautiful garden, indoor courtyard, balconies, pantry, kitchen, maids room, outdoor shower and toilet and parking space for two vehicles. The home is situated just 1.5km (5 minutes) away from the Kiribathgoda town in a peaceful and safe neighborhood with well maintained access road and streetlights. Contact for more details and inspection by prior appointment (weekends peferred)"
https://www.lankapropertyweb.com/sale/property_details-5571431.html,5571431,2026-08-10T10:30:59.527105+00:00,FOR SALE: Impressive 37 Perch Nawala Family Home,"View all > Houses > Apartments > Commercial > Bungalows > Villas > Studio
/ Bedsit > Warehouse > Featured developments for sale > New Beachfront Projects > Newly
built property for sale > Colonial
Houses for sale > Urgent properties for sale > Luxury
Apartments > Mid-range
Apartments > Bungalows
in Nuwara Eliya > Houses
in Battaramulla area > Commercial property for sale
in
Colombo > Hotels for Sale > Warehouses for sale > Brand
new apartment > Beachfront properties for sale > Beachfront Apartments for sale > Below Market Value properties > Sri Lanka House Price Index > Sri Lanka Land Price Index > Guide for
foreigners
buying property > All property for Rent > Houses > Apartments > Commercial > Bungalows > Annexes > Hostels > Villas > Studio
/ Bedsit > Rooms
/ Boarding Places > View All Featured Properties > Warehouses for rent > Newly built property for rent > Urgent properties to let > Short
term rentals > Office spaces in
Colombo > Co-working places > House Prices > Find All Land for Sale or Lease > Bare
Land > Beachfront
Land > Cultivated
/ Agriculture > Land
with House > Tea
Estate Land > Rubber
Estate Land > Coconut
Estate Land > Paddy
(Rice) Land > Cinnamon
Estate Land > Waterfront
Land > Featured Land Projects > Lands
in Nuwara Eliya > Investment Lands
within 1 hour of Colombo > Lands
for less than 1 lakh a perch in Western Province > Cultivation
lands within 1 hour from Colombo > Land
Prices in Greater Colombo > View All New Projects > Featured Projects > Apartment FinderNew > Featured Land Projects > Condo Directory > Property
Valuations > Legal
Assistance > Document
preparation & submission > Mortgage
Advice > Fees
& taxes payment > Personal
Assistance > Other
Services > Market
Research and Advisory > Property
Buying Advisory > Business
Buying or Selling Advisory > Property
Buying Assistance for Foreigners > Advisory on Investing
in Sri Lanka > House
Construction > Packers &
Movers > Solar Panels > Invest Home > Top Investment
Properties > Luxury
Apartments > Mid-range
Apartments > Lands and
Bungalows
in Nuwara Eliya > Houses in
Battaramulla area > Cultivation
lands > Investment Lands
within 1 hour of Colombo > Commercial
property
for sale in Colombo > Hotels for
Sale > ROI calculator > Trending Properties > Top Investment
properties > House Price Index > Land price
index > Home Loan Rates > Home
Loan Calculator > Home
Loan Comparison > Market Insights > Price Meter > Property Buying Guide > Foreign Buyers'
Guide > Capital
Gains Tax > Sri Lanka House Price Index > Sri Lanka Land Price Index > Membership Benefits > Market Outlook Report > News & Guides > View All Wanted Properties > Houses wanted > Apartments wanted > Land wanted > Commercial Buildings > Rooms wanted > Post Your
Ad > View All Agents / Agents
Directory > Promote your
property > Become an Agent > Residential
sales > Letting
Agents > Commercial
property agents > Land Sales > Buyer
& Seller Assistance > Promote
your property > View All
Businesses for
Sale > Real
Estate > Restaurant > Construction > Agriculture > Tech > Hospitality > Business > Manufacturing > Garment-Textile > Services-BPO > Maps of Sri Lanka > Area Guide > Point of
Interests > Property Buying Guide > Foreign Buyers'
Guide > Capital
Gains Tax > Sri Lanka House Price Index > Sri Lanka Land Price Index > Membership Benefits > News & Guides > About us > Careers > Contact Us > Events > FAQs > Ideal Home > Appliances &
Electronics > Furniture > Household items > Solar & Hot Water > Bathrooms > Gardening > Kitchen > Professionals > Flooring > House Construction > Lighting > Service Providers > Other Services > Home > ... > Sales > Colombo District > Nawala > House > Home > ... > Sales > Colombo District > Nawala > House","Koswatta Road, Sri Jayawardenepura Kotte, Sri Lanka, Nawala","Rs. 220,000,000


















",220000000.0,True,House,4,3 Bathrooms,4500 sq.ft.,3,37 perches,Available Now,Unfurnished,10+ years,20 ft.,4.0,3.0,4500.0,37.0,"{""Bathrooms/WCs"": ""4"", ""Agent Ref"": ""658"", ""Car parking spaces"": ""7""}","British Brokers is proud to offer this excellent family home for immediate sale. Built on 37 perches in a highly residential corner of Koswatta, the property covers c.4500 sq.ft. and includes a separate guest house for visitors. Offered unfurnished, the main house comprises: 4 Bedrooms (All Ensuite), 3 Bathrooms, Sitting Room, Dining Room, Kitchen, Loft Office, Staff Quarters, Large Garden, Garage (2 Vehicles), Driveway with 3 access points. The guest house is a standalone property with Sitting Room, Bathroom and Kitchen. Early viewing is highly recommended."
https://www.lankapropertyweb.com/sale/property_details-5758189.html,5758189,2026-08-10T10:31:02.139542+00:00,FOR SALE: Great Thalawathagoda 16 Perch Home with Pool,"View all > Houses > Apartments > Commercial > Bungalows > Villas > Studio
/ Bedsit > Warehouse > Featured developments for sale > New Beachfront Projects > Newly
built property for sale > Colonial
Houses for sale > Urgent properties for sale > Luxury
Apartments > Mid-range
Apartments > Bungalows
in Nuwara Eliya > Houses
in Battaramulla area > Commercial property for sale
in
Colombo > Hotels for Sale > Warehouses for sale > Brand
new apartment > Beachfront properties for sale > Beachfront Apartments for sale > Below Market Value properties > Sri Lanka House Price Index > Sri Lanka Land Price Index > Guide for
foreigners
buying property > All property for Rent > Houses > Apartments > Commercial > Bungalows > Annexes > Hostels > Villas > Studio
/ Bedsit > Rooms
/ Boarding Places > View All Featured Properties > Warehouses for rent > Newly built property for rent > Urgent properties to let > Short
term rentals > Office spaces in
Colombo > Co-working places > House Prices > Find All Land for Sale or Lease > Bare
Land > Beachfront
Land > Cultivated
/ Agriculture > Land
with House > Tea
Estate Land > Rubber
Estate Land > Coconut
Estate Land > Paddy
(Rice) Land > Cinnamon
Estate Land > Waterfront
Land > Featured Land Projects > Lands
in Nuwara Eliya > Investment Lands
within 1 hour of Colombo > Lands
for less than 1 lakh a perch in Western Province > Cultivation
lands within 1 hour from Colombo > Land
Prices in Greater Colombo > View All New Projects > Featured Projects > Apartment FinderNew > Featured Land Projects > Condo Directory > Property
Valuations > Legal
Assistance > Document
preparation & submission > Mortgage
Advice > Fees
& taxes payment > Personal
Assistance > Other
Services > Market
Research and Advisory > Property
Buying Advisory > Business
Buying or Selling Advisory > Property
Buying Assistance for Foreigners > Advisory on Investing
in Sri Lanka > House
Construction > Packers &
Movers > Solar Panels > Invest Home > Top Investment
Properties > Luxury
Apartments > Mid-range
Apartments > Lands and
Bungalows
in Nuwara Eliya > Houses in
Battaramulla area > Cultivation
lands > Investment Lands
within 1 hour of Colombo > Commercial
property
for sale in Colombo > Hotels for
Sale > ROI calculator > Trending Properties > Top Investment
properties > House Price Index > Land price
index > Home Loan Rates > Home
Loan Calculator > Home
Loan Comparison > Market Insights > Price Meter > Property Buying Guide > Foreign Buyers'
Guide > Capital
Gains Tax > Sri Lanka House Price Index > Sri Lanka Land Price Index > Membership Benefits > Market Outlook Report > News & Guides > View All Wanted Properties > Houses wanted > Apartments wanted > Land wanted > Commercial Buildings > Rooms wanted > Post Your
Ad > View All Agents / Agents
Directory > Promote your
property > Become an Agent > Residential
sales > Letting
Agents > Commercial
property agents > Land Sales > Buyer
& Seller Assistance > Promote
your property > View All
Businesses for
Sale > Real
Estate > Restaurant > Construction > Agriculture > Tech > Hospitality > Business > Manufacturing > Garment-Textile > Services-BPO > Maps of Sri Lanka > Area Guide > Point of
Interests > Property Buying Guide > Foreign Buyers'
Guide > Capital
Gains Tax > Sri Lanka House Price Index > Sri Lanka Land Price Index > Membership Benefits > News & Guides > About us > Careers > Contact Us > Events > FAQs > Ideal Home > Appliances &
Electronics > Furniture > Household items > Solar & Hot Water > Bathrooms > Gardening > Kitchen > Professionals > Flooring > House Construction > Lighting > Service Providers > Other Services > Home > ... > Sales > Colombo District > Thalawathugoda > House > Home > ... > Sales > Colombo District > Thalawathugoda > House",Thalawathugoda,"Rs. 70,000,000


















",70000000.0,True,House,4,3 Bathrooms,3500 sq.ft.,2,16 perches,Available Now,Unfurnished,8+ years,20 ft.,4.0,3.0,3500.0,16.0,"{""Bathrooms/WCs"": ""3"", ""Agent Ref"": ""729"", ""Car parking spaces"": ""2""}","Located in on a peaceful Thalawathagoda side road, this attractive family home is offered for immediate sale. Covering 16+ perches, the property comprises: 4 Bedrooms (2 Ensuite), 3 Bathrooms, Open-plan Kitchen, Landscaped Garden, 20 ft Swimming Pool, Spacious Sitting & Dining Room with Kumbuk Flooring, Family/TV Area, Staff Quarters, and Car Parking (2 Vehicles). Call now to arrange a viewing. Link to Extra Pics: https://www.britbrokers.com/single-property.php?pid=729&bt=S&did=1"
https://www.lankapropertyweb.com/sale/property_details-5841180.html,5841180,2026-08-10T10:31:04.679131+00:00,FOR SALE: Superb 28.5 Perch Rajagiriya Home,"View all > Houses > Apartments > Commercial > Bungalows > Villas > Studio
/ Bedsit > Warehouse > Featured developments for sale > New Beachfront Projects > Newly
built property for sale > Colonial
Houses for sale > Urgent properties for sale > Luxury
Apartments > Mid-range
Apartments > Bungalows
in Nuwara Eliya > Houses
in Battaramulla area > Commercial property for sale
in
Colombo > Hotels for Sale > Warehouses for sale > Brand
new apartment > Beachfront properties for sale > Beachfront Apartments for sale > Below Market Value properties > Sri Lanka House Price Index > Sri Lanka Land Price Index > Guide for
foreigners
buying property > All property for Rent > Houses > Apartments > Commercial > Bungalows > Annexes > Hostels > Villas > Studio
/ Bedsit > Rooms
/ Boarding Places > View All Featured Properties > Warehouses for rent > Newly built property for rent > Urgent properties to let > Short
term rentals > Office spaces in
Colombo > Co-working places > House Prices > Find All Land for Sale or Lease > Bare
Land > Beachfront
Land > Cultivated
/ Agriculture > Land
with House > Tea
Estate Land > Rubber
Estate Land > Coconut
Estate Land > Paddy
(Rice) Land > Cinnamon
Estate Land > Waterfront
Land > Featured Land Projects > Lands
in Nuwara Eliya > Investment Lands
within 1 hour of Colombo > Lands
for less than 1 lakh a perch in Western Province > Cultivation
lands within 1 hour from Colombo > Land
Prices in Greater Colombo > View All New Projects > Featured Projects > Apartment FinderNew > Featured Land Projects > Condo Directory > Property
Valuations > Legal
Assistance > Document
preparation & submission > Mortgage
Advice > Fees
& taxes payment > Personal
Assistance > Other
Services > Market
Research and Advisory > Property
Buying Advisory > Business
Buying or Selling Advisory > Property
Buying Assistance for Foreigners > Advisory on Investing
in Sri Lanka > House
Construction > Packers &
Movers > Solar Panels > Invest Home > Top Investment
Properties > Luxury
Apartments > Mid-range
Apartments > Lands and
Bungalows
in Nuwara Eliya > Houses in
Battaramulla area > Cultivation
lands > Investment Lands
within 1 hour of Colombo > Commercial
property
for sale in Colombo > Hotels for
Sale > ROI calculator > Trending Properties > Top Investment
properties > House Price Index > Land price
index > Home Loan Rates > Home
Loan Calculator > Home
Loan Comparison > Market Insights > Price Meter > Property Buying Guide > Foreign Buyers'
Guide > Capital
Gains Tax > Sri Lanka House Price Index > Sri Lanka Land Price Index > Membership Benefits > Market Outlook Report > News & Guides > View All Wanted Properties > Houses wanted > Apartments wanted > Land wanted > Commercial Buildings > Rooms wanted > Post Your
Ad > View All Agents / Agents
Directory > Promote your
property > Become an Agent > Residential
sales > Letting
Agents > Commercial
property agents > Land Sales > Buyer
& Seller Assistance > Promote
your property > View All
Businesses for
Sale > Real
Estate > Restaurant > Construction > Agriculture > Tech > Hospitality > Business > Manufacturing > Garment-Textile > Services-BPO > Maps of Sri Lanka > Area Guide > Point of
Interests > Property Buying Guide > Foreign Buyers'
Guide > Capital
Gains Tax > Sri Lanka House Price Index > Sri Lanka Land Price Index > Membership Benefits > News & Guides > About us > Careers > Contact Us > Events > FAQs > Ideal Home > Appliances &
Electronics > Furniture > Household items > Solar & Hot Water > Bathrooms > Gardening > Kitchen > Professionals > Flooring > House Construction > Lighting > Service Providers > Other Services > Home > ... > Sales > Colombo District > Rajagiriya > House > Home > ... > Sales > Colombo District > Rajagiriya > House",Rajagiriya Road,"Rs. 125,000,000





",125000000.0,True,House,4,,2600 sq.ft.,2,28.5 perches,Available Now,Semi-furnished,20+ years,30 ft.,4.0,,2600.0,28.5,"{""Bathrooms/WCs"": ""3"", ""Agent Ref"": ""764"", ""Car parking spaces"": ""6""}","British Brokers is delighted to offer for sale this spacious family home off Rajagiriya Road, Rajagiriya. Covering 28.5 perches (including the 3.5 perch drive leading exclusively to the property) the two storied 2600 sq ft house comprises: 4 Air-conditioned Bedrooms (All Ensuite), Sitting & Dining Room, TV Lounge/Family Room, Laundry Room & Balcony, Store Room, Kitchen, Staff & Driver’s Quarters, Garden, and Car Parking (2 Garaged, 5/6 in Garden Area). Benefiting from Full Solar Coverage, the property is approximately 25 years old and in need of some updates. But it is well-constructed, solid and in excellent condition. Call now to arrange a viewing."
https://www.lankapropertyweb.com/sale/property_details-5918654.html,5918654,2026-08-10T10:31:08.599460+00:00,Beautiful Family Home for Sale – Prime Location & Great Value,"View all > Houses > Apartments > Commercial > Bungalows > Villas > Studio
/ Bedsit > Warehouse > Featured developments for sale > New Beachfront Projects > Newly
built property for sale > Colonial
Houses for sale > Urgent properties for sale > Luxury
Apartments > Mid-range
Apartments > Bungalows
in Nuwara Eliya > Houses
in Battaramulla area > Commercial property for sale
in
Colombo > Hotels for Sale > Warehouses for sale > Brand
new apartment > Beachfront properties for sale > Beachfront Apartments for sale > Below Market Value properties > Sri Lanka House Price Index > Sri Lanka Land Price Index > Guide for
foreigners
buying property > All property for Rent > Houses > Apartments > Commercial > Bungalows > Annexes > Hostels > Villas > Studio
/ Bedsit > Rooms
/ Boarding Places > View All Featured Properties > Warehouses for rent > Newly built property for rent > Urgent properties to let > Short
term rentals > Office spaces in
Colombo > Co-working places > House Prices > Find All Land for Sale or Lease > Bare
Land > Beachfront
Land > Cultivated
/ Agriculture > Land
with House > Tea
Estate Land > Rubber
Estate Land > Coconut
Estate Land > Paddy
(Rice) Land > Cinnamon
Estate Land > Waterfront
Land > Featured Land Projects > Lands
in Nuwara Eliya > Investment Lands
within 1 hour of Colombo > Lands
for less than 1 lakh a perch in Western Province > Cultivation
lands within 1 hour from Colombo > Land
Prices in Greater Colombo > View All New Projects > Featured Projects > Apartment FinderNew > Featured Land Projects > Condo Directory > Property
Valuations > Legal
Assistance > Document
preparation & submission > Mortgage
Advice > Fees
& taxes payment > Personal
Assistance > Other
Services > Market
Research and Advisory > Property
Buying Advisory > Business
Buying or Selling Advisory > Property
Buying Assistance for Foreigners > Advisory on Investing
in Sri Lanka > House
Construction > Packers &
Movers > Solar Panels > Invest Home > Top Investment
Properties > Luxury
Apartments > Mid-range
Apartments > Lands and
Bungalows
in Nuwara Eliya > Houses in
Battaramulla area > Cultivation
lands > Investment Lands
within 1 hour of Colombo > Commercial
property
for sale in Colombo > Hotels for
Sale > ROI calculator > Trending Properties > Top Investment
properties > House Price Index > Land price
index > Home Loan Rates > Home
Loan Calculator > Home
Loan Comparison > Market Insights > Price Meter > Property Buying Guide > Foreign Buyers'
Guide > Capital
Gains Tax > Sri Lanka House Price Index > Sri Lanka Land Price Index > Membership Benefits > Market Outlook Report > News & Guides > View All Wanted Properties > Houses wanted > Apartments wanted > Land wanted > Commercial Buildings > Rooms wanted > Post Your
Ad > View All Agents / Agents
Directory > Promote your
property > Become an Agent > Residential
sales > Letting
Agents > Commercial
property agents > Land Sales > Buyer
& Seller Assistance > Promote
your property > View All
Businesses for
Sale > Real
Estate > Restaurant > Construction > Agriculture > Tech > Hospitality > Business > Manufacturing > Garment-Textile > Services-BPO > Maps of Sri Lanka > Area Guide > Point of
Interests > Property Buying Guide > Foreign Buyers'
Guide > Capital
Gains Tax > Sri Lanka House Price Index > Sri Lanka Land Price Index > Membership Benefits > News & Guides > About us > Careers > Contact Us > Events > FAQs > Ideal Home > Appliances &
Electronics > Furniture > Household items > Solar & Hot Water > Bathrooms > Gardening > Kitchen > Professionals > Flooring > House Construction > Lighting > Service Providers > Other Services > Home > ... > Sales > Colombo District > Moratuwa > House > Home > ... > Sales > Colombo District > Moratuwa > House","C.P.de Silva Mw, Kaldemulla, Moratuwa","Rs. 26,000,000





",26000000.0,True,House,4,,,1,8.5 perches,For Urgent Sale,Unfurnished,25+ years,10 ft.,4.0,,,8.5,"{""Bathrooms/WCs"": ""4"", ""Car parking spaces"": ""1""}","Two storey house at C.P.de Silva Mw, Kaldemulla, Moratuwa. 700m to Galle Road & 1.5km to Angulana Train Station Home& Garden Ground Floor – Living Room, 2 Bedrooms, Kitchen, Bathroom, Dining room, External room ( Annex), Outdoor bathroom First floor – One bedroom with living room, bathroom, kitchen and an annex room with attached bathroom First floor – One bedroom with living room, bathroom, kitchen and an annex room with attached bathroom 2 SLT landlines with fibre line (Ground & 1st floor) Price is negotiable"
https://www.lankapropertyweb.com/sale/property_details-5876572.html,5876572,2026-08-10T10:31:11.748272+00:00,FOR SALE: Superb 25.5 Perch Nugegoda Home,"View all > Houses > Apartments > Commercial > Bungalows > Villas > Studio
/ Bedsit > Warehouse > Featured developments for sale > New Beachfront Projects > Newly
built property for sale > Colonial
Houses for sale > Urgent properties for sale > Luxury
Apartments > Mid-range
Apartments > Bungalows
in Nuwara Eliya > Houses
in Battaramulla area > Commercial property for sale
in
Colombo > Hotels for Sale > Warehouses for sale > Brand
new apartment > Beachfront properties for sale > Beachfront Apartments for sale > Below Market Value properties > Sri Lanka House Price Index > Sri Lanka Land Price Index > Guide for
foreigners
buying property > All property for Rent > Houses > Apartments > Commercial > Bungalows > Annexes > Hostels > Villas > Studio
/ Bedsit > Rooms
/ Boarding Places > View All Featured Properties > Warehouses for rent > Newly built property for rent > Urgent properties to let > Short
term rentals > Office spaces in
Colombo > Co-working places > House Prices > Find All Land for Sale or Lease > Bare
Land > Beachfront
Land > Cultivated
/ Agriculture > Land
with House > Tea
Estate Land > Rubber
Estate Land > Coconut
Estate Land > Paddy
(Rice) Land > Cinnamon
Estate Land > Waterfront
Land > Featured Land Projects > Lands
in Nuwara Eliya > Investment Lands
within 1 hour of Colombo > Lands
for less than 1 lakh a perch in Western Province > Cultivation
lands within 1 hour from Colombo > Land
Prices in Greater Colombo > View All New Projects > Featured Projects > Apartment FinderNew > Featured Land Projects > Condo Directory > Property
Valuations > Legal
Assistance > Document
preparation & submission > Mortgage
Advice > Fees
& taxes payment > Personal
Assistance > Other
Services > Market
Research and Advisory > Property
Buying Advisory > Business
Buying or Selling Advisory > Property
Buying Assistance for Foreigners > Advisory on Investing
in Sri Lanka > House
Construction > Packers &
Movers > Solar Panels > Invest Home > Top Investment
Properties > Luxury
Apartments > Mid-range
Apartments > Lands and
Bungalows
in Nuwara Eliya > Houses in
Battaramulla area > Cultivation
lands > Investment Lands
within 1 hour of Colombo > Commercial
property
for sale in Colombo > Hotels for
Sale > ROI calculator > Trending Properties > Top Investment
properties > House Price Index > Land price
index > Home Loan Rates > Home
Loan Calculator > Home
Loan Comparison > Market Insights > Price Meter > Property Buying Guide > Foreign Buyers'
Guide > Capital
Gains Tax > Sri Lanka House Price Index > Sri Lanka Land Price Index > Membership Benefits > Market Outlook Report > News & Guides > View All Wanted Properties > Houses wanted > Apartments wanted > Land wanted > Commercial Buildings > Rooms wanted > Post Your
Ad > View All Agents / Agents
Directory > Promote your
property > Become an Agent > Residential
sales > Letting
Agents > Commercial
property agents > Land Sales > Buyer
& Seller Assistance > Promote
your property > View All
Businesses for
Sale > Real
Estate > Restaurant > Construction > Agriculture > Tech > Hospitality > Business > Manufacturing > Garment-Textile > Services-BPO > Maps of Sri Lanka > Area Guide > Point of
Interests > Property Buying Guide > Foreign Buyers'
Guide > Capital
Gains Tax > Sri Lanka House Price Index > Sri Lanka Land Price Index > Membership Benefits > News & Guides > About us > Careers > Contact Us > Events > FAQs > Ideal Home > Appliances &
Electronics > Furniture > Household items > Solar & Hot Water > Bathrooms > Gardening > Kitchen > Professionals > Flooring > House Construction > Lighting > Service Providers > Other Services > Home > ... > Sales > Colombo District > Nugegoda > House > Home > ... > Sales > Colombo District > Nugegoda > House","Old Kesbewa Road, Nugegoda","Rs. 130,000,000





",130000000.0,True,House,4,3 Bathrooms,3000 sq.ft.,2,25.5 perches,Available Now,Unfurnished,25+ years,20 ft.,4.0,3.0,3000.0,25.5,"{""Bathrooms/WCs"": ""3"", ""Agent Ref"": ""782"", ""Car parking spaces"": ""4""}","Located down a delightful 20ft wide residential side street, this wonderful 25.5 perch property is available for immediate sale. Sold for land value, the property includes a solid, 30-year-old family home. In need of renovation, the property includes: 4 Bedrooms (Two Ensuite), 3 Bathrooms, Courtyard, Open-plan Kitchen, Sitting Room, Staff Quarters, and Front & Rear Gardens. Quiet and peaceful, the rectangle-shaped property is ripe for development and represents an excellent investment opportunity. Call now to arrange a viewing. Link to Extra Pics: https://www.britbrokers.com/single-property.php?pid=782&bt=S&did=1"
https://www.lankapropertyweb.com/sale/property_details-5927502.html,5927502,2026-08-10T10:31:14.571468+00:00,Luxury House for Sale in the Heart of Colombo 8,"View all > Houses > Apartments > Commercial > Bungalows > Villas > Studio
/ Bedsit > Warehouse > Featured developments for sale > New Beachfront Projects > Newly
built property for sale > Colonial
Houses for sale > Urgent properties for sale > Luxury
Apartments > Mid-range
Apartments > Bungalows
in Nuwara Eliya > Houses
in Battaramulla area > Commercial property for sale
in
Colombo > Hotels for Sale > Warehouses for sale > Brand
new apartment > Beachfront properties for sale > Beachfront Apartments for sale > Below Market Value properties > Sri Lanka House Price Index > Sri Lanka Land Price Index > Guide for
foreigners
buying property > All property for Rent > Houses > Apartments > Commercial > Bungalows > Annexes > Hostels > Villas > Studio
/ Bedsit > Rooms
/ Boarding Places > View All Featured Properties > Warehouses for rent > Newly built property for rent > Urgent properties to let > Short
term rentals > Office spaces in
Colombo > Co-working places > House Prices > Find All Land for Sale or Lease > Bare
Land > Beachfront
Land > Cultivated
/ Agriculture > Land
with House > Tea
Estate Land > Rubber
Estate Land > Coconut
Estate Land > Paddy
(Rice) Land > Cinnamon
Estate Land > Waterfront
Land > Featured Land Projects > Lands
in Nuwara Eliya > Investment Lands
within 1 hour of Colombo > Lands
for less than 1 lakh a perch in Western Province > Cultivation
lands within 1 hour from Colombo > Land
Prices in Greater Colombo > View All New Projects > Featured Projects > Apartment FinderNew > Featured Land Projects > Condo Directory > Property
Valuations > Legal
Assistance > Document
preparation & submission > Mortgage
Advice > Fees
& taxes payment > Personal
Assistance > Other
Services > Market
Research and Advisory > Property
Buying Advisory > Business
Buying or Selling Advisory > Property
Buying Assistance for Foreigners > Advisory on Investing
in Sri Lanka > House
Construction > Packers &
Movers > Solar Panels > Invest Home > Top Investment
Properties > Luxury
Apartments > Mid-range
Apartments > Lands and
Bungalows
in Nuwara Eliya > Houses in
Battaramulla area > Cultivation
lands > Investment Lands
within 1 hour of Colombo > Commercial
property
for sale in Colombo > Hotels for
Sale > ROI calculator > Trending Properties > Top Investment
properties > House Price Index > Land price
index > Home Loan Rates > Home
Loan Calculator > Home
Loan Comparison > Market Insights > Price Meter > Property Buying Guide > Foreign Buyers'
Guide > Capital
Gains Tax > Sri Lanka House Price Index > Sri Lanka Land Price Index > Membership Benefits > Market Outlook Report > News & Guides > View All Wanted Properties > Houses wanted > Apartments wanted > Land wanted > Commercial Buildings > Rooms wanted > Post Your
Ad > View All Agents / Agents
Directory > Promote your
property > Become an Agent > Residential
sales > Letting
Agents > Commercial
property agents > Land Sales > Buyer
& Seller Assistance > Promote
your property > View All
Businesses for
Sale > Real
Estate > Restaurant > Construction > Agriculture > Tech > Hospitality > Business > Manufacturing > Garment-Textile > Services-BPO > Maps of Sri Lanka > Area Guide > Point of
Interests > Property Buying Guide > Foreign Buyers'
Guide > Capital
Gains Tax > Sri Lanka House Price Index > Sri Lanka Land Price Index > Membership Benefits > News & Guides > About us > Careers > Contact Us > Events > FAQs > Ideal Home > Appliances &
Electronics > Furniture > Household items > Solar & Hot Water > Bathrooms > Gardening > Kitchen > Professionals > Flooring > House Construction > Lighting > Service Providers > Other Services > Home > ... > Sales > Colombo District > Colombo 8 > House > Home > ... > Sales > Colombo District > Colombo 8 > House",Colombo 8,"Rs. 100,000,000
  ",100000000.0,True,House,4,,1950 sq.ft.,,5.75 perches,Available Now,Unfurnished,,,4.0,,1950.0,5.75,"{""Bathrooms/WCs"": ""3"", ""Car parking spaces"": ""1""}","Live in Colombo 8 in a quiet residential area in a respectable neighbourhood. The property is built on 5.75perchase of land. Approved by The Condominium Authority. The property is served with a 30-foot road. Fully independent dwelling with own secured entrance and drive way. Front and rear garden. Walking distance to many leading private and government schools, government and private hospitals, Golf course. Easy access to heart of Colombo. The property enjoys abundant ventilation and natural day light throughout. House Built - Constructed by Tudawe Brothers. Year of construction 2010 on virgin soil, built on columns with nine-inch walls Area 1950 sq. feet Number of bed rooms - three upstairs and one downstairs with LG air conditioning and KDK ceiling fans Wash Rooms/toilets - One en-suite to Master bedroom. One en-suite to downstairs bedroom. One common upstairs. In total 3 wash rooms/toilets. Ground floor - sitting and dining area, kitchen/pantry with ceiling fans. Downstairs bedroom with en-suite wash room/toilet, air conditioning and ceiling fan Garage with fitted cupboards,with door to the main house. Servants room with ceiling fan and fitted cupboards. Servants toilet washroom. Kitchen/Pantry - Fitted kitchen with cooker hood, gas hob, electric oven and ceiling fan. Plumbed for front loading washing machine Power points for refrigerator, microwave, oven and hob, washing machine. Middle floor - Family sitting room with SLT broadband line with ceiling fan Upper floor - Three bed rooms. Master bedroom with en-suite washroom/toilet. Common wash room/toilet for other two bedrooms. All rooms with air conditioning and ceiling fans. Garage - Parking for one car. Roller shutter and iron gate. Housing the sump tank Electrics - Wired for a generator and electricity board 3 phase with underground cabling Separate ring circuits for upstairs and downstairs. 2.5mm wiring for plug points. 1.5 mm wiring for lighting circuits. Master circuit board joining the ring circuits to electricity board supply. Water - Mains water supply serving 5000 litre underground tank and 1500 litre overhead tank fitted with float switch for auto filling. Pressure pump for the water supply. Solar powered hot water system. Well water supply (not tube wells) for watering, washing car etc Drainage - Connected to CMC mains drainage system. No separate septic tank Other - Colorcon roof tiles, insulated lunumidella ceiling, Kumbuk flooring for stairs Fully tiled floors No flooding (house raise above road level) Documents available CMC Approved plans all approval from the CMC including the COC. water board approval, clear title deeds Condominium management authority certificate"
https://www.lankapropertyweb.com/sale/property_details-5904768.html,5904768,2026-08-10T10:31:17.796451+00:00,FOR SALE: Excellent 10 Perch Thimbirigasyaya Family Home,"View all > Houses > Apartments > Commercial > Bungalows > Villas > Studio
/ Bedsit > Warehouse > Featured developments for sale > New Beachfront Projects > Newly
built property for sale > Colonial
Houses for sale > Urgent properties for sale > Luxury
Apartments > Mid-range
Apartments > Bungalows
in Nuwara Eliya > Houses
in Battaramulla area > Commercial property for sale
in
Colombo > Hotels for Sale > Warehouses for sale > Brand
new apartment > Beachfront properties for sale > Beachfront Apartments for sale > Below Market Value properties > Sri Lanka House Price Index > Sri Lanka Land Price Index > Guide for
foreigners
buying property > All property for Rent > Houses > Apartments > Commercial > Bungalows > Annexes > Hostels > Villas > Studio
/ Bedsit > Rooms
/ Boarding Places > View All Featured Properties > Warehouses for rent > Newly built property for rent > Urgent properties to let > Short
term rentals > Office spaces in
Colombo > Co-working places > House Prices > Find All Land for Sale or Lease > Bare
Land > Beachfront
Land > Cultivated
/ Agriculture > Land
with House > Tea
Estate Land > Rubber
Estate Land > Coconut
Estate Land > Paddy
(Rice) Land > Cinnamon
Estate Land > Waterfront
Land > Featured Land Projects > Lands
in Nuwara Eliya > Investment Lands
within 1 hour of Colombo > Lands
for less than 1 lakh a perch in Western Province > Cultivation
lands within 1 hour from Colombo > Land
Prices in Greater Colombo > View All New Projects > Featured Projects > Apartment FinderNew > Featured Land Projects > Condo Directory > Property
Valuations > Legal
Assistance > Document
preparation & submission > Mortgage
Advice > Fees
& taxes payment > Personal
Assistance > Other
Services > Market
Research and Advisory > Property
Buying Advisory > Business
Buying or Selling Advisory > Property
Buying Assistance for Foreigners > Advisory on Investing
in Sri Lanka > House
Construction > Packers &
Movers > Solar Panels > Invest Home > Top Investment
Properties > Luxury
Apartments > Mid-range
Apartments > Lands and
Bungalows
in Nuwara Eliya > Houses in
Battaramulla area > Cultivation
lands > Investment Lands
within 1 hour of Colombo > Commercial
property
for sale in Colombo > Hotels for
Sale > ROI calculator > Trending Properties > Top Investment
properties > House Price Index > Land price
index > Home Loan Rates > Home
Loan Calculator > Home
Loan Comparison > Market Insights > Price Meter > Property Buying Guide > Foreign Buyers'
Guide > Capital
Gains Tax > Sri Lanka House Price Index > Sri Lanka Land Price Index > Membership Benefits > Market Outlook Report > News & Guides > View All Wanted Properties > Houses wanted > Apartments wanted > Land wanted > Commercial Buildings > Rooms wanted > Post Your
Ad > View All Agents / Agents
Directory > Promote your
property > Become an Agent > Residential
sales > Letting
Agents > Commercial
property agents > Land Sales > Buyer
& Seller Assistance > Promote
your property > View All
Businesses for
Sale > Real
Estate > Restaurant > Construction > Agriculture > Tech > Hospitality > Business > Manufacturing > Garment-Textile > Services-BPO > Maps of Sri Lanka > Area Guide > Point of
Interests > Property Buying Guide > Foreign Buyers'
Guide > Capital
Gains Tax > Sri Lanka House Price Index > Sri Lanka Land Price Index > Membership Benefits > News & Guides > About us > Careers > Contact Us > Events > FAQs > Ideal Home > Appliances &
Electronics > Furniture > Household items > Solar & Hot Water > Bathrooms > Gardening > Kitchen > Professionals > Flooring > House Construction > Lighting > Service Providers > Other Services > Home > ... > Sales > Colombo District > Colombo 5 > House > Home > ... > Sales > Colombo District > Colombo 5 > House","Thimbirigasyaya Road, Colombo 5","Rs. 150,000,000





",150000000.0,True,House,4,3 Bathrooms,2750 sq.ft.,2,10 perches,Available Now,,15+ years,20 ft.,4.0,3.0,2750.0,10.0,"{""Bathrooms/WCs"": ""3"", ""Agent Ref"": ""300"", ""Car parking spaces"": ""2""}","British Brokers is delighted to offer this lovely Thimbirigasyaya family home for sale. Covering 10 perches and 2750 sq.ft. the property includes: 4 Bedrooms (Master Ensuite & Walk-in Wardrobe), 3 Bathrooms, Formal Sitting Room, Dining Room, Kitchen & Pantry, TV Room, Maid’s Bathroom, Garden, and 2 Car Garage. Call NOW to arrange a viewing. Property Features AC ROOMS HOT WATER MAINLINE WATER 3 PHASE ELECTRICITY GARAGE LAWN GARDEN ATTACHED TOILETS MAID'S TOILET OVERHEAD WATER STORAGE Explore Neighbourhood - Map View Thimbirigasyaya Road, Colombo 5 [View on large map] Find out how much you can save with our Home Loan Calculator Apply now for a home loan More Details Property prices in Colombo 5 Buy Rent Average Sale Price is Rs. 55,272 Per SQ.FT. PRICE TRENDS → 0.7% Price increased compared to last year Try our new price meter tool to find out the average price of a property in Colombo 5 Try our new price meter tool to find out the average price of a property in Colombo 5 PRICE METER → Contact Advertiser Platinum Agent British Brokers Agent 94-7736... Click to view Number 94-7736... Click to view Number British Brokers : 94-773603029 This advertiser has been advertising with us for 13 years Request a call back Please enter your phone number to request the advertiser to call you back Send SEND Important information : This ad has been posted on LankaPropertyWeb.com by the above mentioned advertiser. LankaPropertyWeb.com does not have any connection with this advertiser, nor do we vet the advertisers, guarantee their services, responsible for the accuracy of the ad's content or are responsible for services provided by the advertisers. LankaPropertyWeb.com does not provide any service other than list the advertisements posted by advertisers. You will be contacting the advertiser (owner/agent) of this property directly. We advise you to take precaution when making any payments or signing any agreements and be alert of any possible scams. If making any payments we recommend that you have two permanent & verified methods of contact of the payment receiver such as their landline number and home/business address. Posted/Edited: Today REPORT THIS AD Find Similar Properties Rs. 135M - 165M Rs. 50K - 60K PSF Colombo 5 View all View all View all 7 4 5000 sqft 4 Bedroom House for Sale in Colombo 5, S1741 Colombo 5 Rs. 250M 8 7 6000 sqft 7BR House for Sale in Nawala – Koswatte | LKR 300... Nawala Rs. 300M 10 4 5000 sqft FOR SALE: Beautiful Colombo 5 Family Home with Pool Colombo 5 Rs. 250M 4 4 3000 sqft FOR Sale| Nugegoda | 4-Bedrooms | Luxury House Nugegoda Rs. 150M Negotiable 9 4 3000 sqft 4 Bedroom House for Sale in Colombo 5, S1692 Colombo 5 Rs. 150M 8 5 6000 sqft ￭ Rajagiriya ￭ 05BR Luxury House For Sale... Rajagiriya Rs. 300M 10 4 5000 sqft 4-Bedroom Ultra-Modern Three-Story Luxury Residence... Nawala Rs. 250M Negotiable 9 7 6000 sqft House for Sale - Nawala | LKR 300,000,000 Nawala Rs. 300M 9 3 House for sale in Colombo 5 Byrde Place Colombo 5 Rs. 94M 9 4 2800 sqft 4 Bedroom House for Sale in Park Road, Colombo 05 |... Colombo 5 Rs. 120M 6 9+ 3500 sqft 9 Bedroom house for sales in Colombo 5 for Rs. 265... Colombo 5 Rs. 265M Negotiable 10 9+ 4700 sqft Luxury House for Sale in the Heart of Colombo No 20... Colombo 5 Rs. 250M 10 4 5000 sqft FOR SALE: Beautiful Colombo 5 Family Home with Pool Colombo 5 Rs. 250M 4 4 3000 sqft Colombo 5, Devika Gardens. 19.4 p perches with 4 bed... Colombo 5 Rs. 160M ONO 10 7 Luxury 3-Storey House for Sale in Colombo 05 – Prime... Colombo 5 Rs. 90M Negotiable 2 4 3000 sqft House For Sale in Rajagiriya Rajagiriya Rs. 135M 3 3 2455 sqft House for Sale - Nugegoda | LKR 135,000,000 Nugegoda Rs. 135M 10 4 3000 sqft 4 Bedroom house for sale in Rajagiriya for Rs. 135... Rajagiriya Rs. 135M Negotiable 10 4 3750 sqft Two Storey House 4 Rooms Indoor Garden Sale in Havelock... Colombo 6 Rs. 135M Negotiable 7 3 2000 sqft 3 BHK House for Sale in Colombo 5 - PDH260 Colombo 5 Rs. 135M 5 5 6000 sqft Luxury 5BR House for Sale in Kotte | 18.2 Perches |... Ethul Kotte Rs. 135M 10 4 3650 sqft Architect Designed House for sale in Nugegoda Nugegoda Rs. 135M 9 5 5000 sqft House for sale in Rajagiriya Rajagiriya Rs. 135M VIEW ALL PROPERTIES Within Rs. 135M - 165M (139) VIEW ALL PROPERTIES FOR sale in Colombo 5 (192) VIEW ALL PROPERTIES Within Rs. 50K - 60K PSF (138) Next Steps for Buyers Guide to Buying a Property Legal Assistance & Document Preparation Property Valuation Help & Advisory on Buying a Property Get help applying for a Housing Loan Find a House Mover View more There is no place like home Explore everything you need to build and decorate your dream home Visit Website Be the first to know Get instant alerts on newly added Houses for sale in Colombo 5 – your dream property awaits! Subscribe now Create Alert Now Top Searches Houses for sale in Colombo 5 Apartments for sale in Colombo 5 Commercial property for sale in Colombo 5 Bungalows for sale in Colombo 5 Hotels for sale in Colombo 5 Villas for sale in Colombo 5 Studio/Bedsit for sale in Colombo 5 Featured Projects Aarana Boutique Residencies More Details The Elizabeth Colombo 07 More Details Mon Vie More Details Marina Square More Details ASTORIA More Details Altair More Details Property Saved!. Manage Favorite not saved! Try again Favorite removed! Ok Share Save Contact Advertiser Platinum Agent British Brokers Agent View agent's properties Check Availability 94-7736... WHATSAPP EMAIL Share this property Email to a friend Messenger Whatsapp Viber X Linkedin Telegram Copy url More Share Options British Brokers Agent Please enter your details Interested in this property or want more details? Fill out the form below, and the advertiser will get in touch with you shortly! SUBMIT CALL CHAT Report this AD Please select a reason Not a property ad Property not available anymore No such property Incorrect contact details Advertiser unresponsive Unrealistic price Image on ad is not that of property Spam Scam/Fake ad Other Submit Please Enter Your Details To view the seller's number, please enter your name, email and contact number. This will help the seller follow up on your inquiry. Show Phone Number Platinum Agent British Brokers Agent British Brokers 94-773603029 Call Now Platinum Agent British Brokers Agent British Brokers 94-773603029 WhatsApp Find your favourite properties from the top of the page Click on the star icon to view your favourite ads LankaProperty web - Email property to a friend Send Email Please Enter Your Details To contact the advertiser on whatsapp, please enter your name, email and contact number. This will help the seller follow up on your inquiry. WHATSAPP Navigation Home Sales Rentals Land Featured Projects Ideal Home Post your ad Wanted Find Agent Our Services Market Insights House Price Index Invest Land Price Index Businesses for Sale Home Loan Comparison Property Buying Guide Maps News & Guides Become a Member Login All ads Features & Tools Home Loan Calculator Location Guide Trending Properties Price Meter Top Investment Properties Below Market Value Properties Email Alerts Market Outlook Report ROI Calculator Country Sri Lanka Maldives USA About Help Contact Us About Us Terms and Conditions Privacy Policy Careers Events Follow us on Social Media Subscribe to our newsletter You have successfully signed up for our newsletter Subscribe © Copyright LankaPropertyWeb.com, lpw.lk 2026 | All Rights Reserved × Newsletter You have successfully signed up for our newsletter Close Save Properties in Your Account × View saved properties Keep search history across devices See which properties you have contacted Continue with Google OR Login By registering you accept our Terms & Conditions and our privacy policy ."
https://www.lankapropertyweb.com/sale/property_details-5652975.html,5652975,2026-08-10T10:31:20.896122+00:00,FOR SALE: Superb Castle Street Investment Opportunity,"View all > Houses > Apartments > Commercial > Bungalows > Villas > Studio
/ Bedsit > Warehouse > Featured developments for sale > New Beachfront Projects > Newly
built property for sale > Colonial
Houses for sale > Urgent properties for sale > Luxury
Apartments > Mid-range
Apartments > Bungalows
in Nuwara Eliya > Houses
in Battaramulla area > Commercial property for sale
in
Colombo > Hotels for Sale > Warehouses for sale > Brand
new apartment > Beachfront properties for sale > Beachfront Apartments for sale > Below Market Value properties > Sri Lanka House Price Index > Sri Lanka Land Price Index > Guide for
foreigners
buying property > All property for Rent > Houses > Apartments > Commercial > Bungalows > Annexes > Hostels > Villas > Studio
/ Bedsit > Rooms
/ Boarding Places > View All Featured Properties > Warehouses for rent > Newly built property for rent > Urgent properties to let > Short
term rentals > Office spaces in
Colombo > Co-working places > House Prices > Find All Land for Sale or Lease > Bare
Land > Beachfront
Land > Cultivated
/ Agriculture > Land
with House > Tea
Estate Land > Rubber
Estate Land > Coconut
Estate Land > Paddy
(Rice) Land > Cinnamon
Estate Land > Waterfront
Land > Featured Land Projects > Lands
in Nuwara Eliya > Investment Lands
within 1 hour of Colombo > Lands
for less than 1 lakh a perch in Western Province > Cultivation
lands within 1 hour from Colombo > Land
Prices in Greater Colombo > View All New Projects > Featured Projects > Apartment FinderNew > Featured Land Projects > Condo Directory > Property
Valuations > Legal
Assistance > Document
preparation & submission > Mortgage
Advice > Fees
& taxes payment > Personal
Assistance > Other
Services > Market
Research and Advisory > Property
Buying Advisory > Business
Buying or Selling Advisory > Property
Buying Assistance for Foreigners > Advisory on Investing
in Sri Lanka > House
Construction > Packers &
Movers > Solar Panels > Invest Home > Top Investment
Properties > Luxury
Apartments > Mid-range
Apartments > Lands and
Bungalows
in Nuwara Eliya > Houses in
Battaramulla area > Cultivation
lands > Investment Lands
within 1 hour of Colombo > Commercial
property
for sale in Colombo > Hotels for
Sale > ROI calculator > Trending Properties > Top Investment
properties > House Price Index > Land price
index > Home Loan Rates > Home
Loan Calculator > Home
Loan Comparison > Market Insights > Price Meter > Property Buying Guide > Foreign Buyers'
Guide > Capital
Gains Tax > Sri Lanka House Price Index > Sri Lanka Land Price Index > Membership Benefits > Market Outlook Report > News & Guides > View All Wanted Properties > Houses wanted > Apartments wanted > Land wanted > Commercial Buildings > Rooms wanted > Post Your
Ad > View All Agents / Agents
Directory > Promote your
property > Become an Agent > Residential
sales > Letting
Agents > Commercial
property agents > Land Sales > Buyer
& Seller Assistance > Promote
your property > View All
Businesses for
Sale > Real
Estate > Restaurant > Construction > Agriculture > Tech > Hospitality > Business > Manufacturing > Garment-Textile > Services-BPO > Maps of Sri Lanka > Area Guide > Point of
Interests > Property Buying Guide > Foreign Buyers'
Guide > Capital
Gains Tax > Sri Lanka House Price Index > Sri Lanka Land Price Index > Membership Benefits > News & Guides > About us > Careers > Contact Us > Events > FAQs > Ideal Home > Appliances &
Electronics > Furniture > Household items > Solar & Hot Water > Bathrooms > Gardening > Kitchen > Professionals > Flooring > House Construction > Lighting > Service Providers > Other Services > Home > ... > Sales > Colombo District > Colombo 8 > House > Home > ... > Sales > Colombo District > Colombo 8 > House","Castle Street, Colombo 8","Rs. 199,500,000


















",199500000.0,True,House,6,4 Bathrooms,2950 sq.ft.,,14.25 perches,Available Now,Unfurnished,20+ years,30 ft.,6.0,4.0,2950.0,14.25,"{""Bathrooms/WCs"": ""4"", ""Agent Ref"": ""677"", ""Car parking spaces"": ""4""}","British Brokers is delighted to offer for sale this superb Castle Street property. Covering 14.25 perches, the 20 year old 2950 sq.ft. family home is split into two self-contained units. Ideal for a commercial property investment, the 40 foot frontage offers potential parking for 4 vehicles off a busy, main road. The building itself includes 6 Bedrooms (2 Ensuite), 4 Bathrooms, 2 Large Sitting & Dining Rooms, 2 Kitchens, Staff Quarters, Front Garden and Rear Courtyard, Entrance and Exit Gates. With all title documents recently updated - including the CoC - the property is ready for sale. Call now to arrange a viewing. Rs,14m/Perch Link to Extra Pics: http://www.britbrokers.com/single-property.php?pid=677&bt=S&did=1"
https://www.lankapropertyweb.com/sale/property_details-5699946.html,5699946,2026-08-10T10:31:23.304691+00:00,"Colombo 5, Devika Gardens. 19.4 p perches with 4 bed single storey house. Rs. 160 million","View all > Houses > Apartments > Commercial > Bungalows > Villas > Studio
/ Bedsit > Warehouse > Featured developments for sale > New Beachfront Projects > Newly
built property for sale > Colonial
Houses for sale > Urgent properties for sale > Luxury
Apartments > Mid-range
Apartments > Bungalows
in Nuwara Eliya > Houses
in Battaramulla area > Commercial property for sale
in
Colombo > Hotels for Sale > Warehouses for sale > Brand
new apartment > Beachfront properties for sale > Beachfront Apartments for sale > Below Market Value properties > Sri Lanka House Price Index > Sri Lanka Land Price Index > Guide for
foreigners
buying property > All property for Rent > Houses > Apartments > Commercial > Bungalows > Annexes > Hostels > Villas > Studio
/ Bedsit > Rooms
/ Boarding Places > View All Featured Properties > Warehouses for rent > Newly built property for rent > Urgent properties to let > Short
term rentals > Office spaces in
Colombo > Co-working places > House Prices > Find All Land for Sale or Lease > Bare
Land > Beachfront
Land > Cultivated
/ Agriculture > Land
with House > Tea
Estate Land > Rubber
Estate Land > Coconut
Estate Land > Paddy
(Rice) Land > Cinnamon
Estate Land > Waterfront
Land > Featured Land Projects > Lands
in Nuwara Eliya > Investment Lands
within 1 hour of Colombo > Lands
for less than 1 lakh a perch in Western Province > Cultivation
lands within 1 hour from Colombo > Land
Prices in Greater Colombo > View All New Projects > Featured Projects > Apartment FinderNew > Featured Land Projects > Condo Directory > Property
Valuations > Legal
Assistance > Document
preparation & submission > Mortgage
Advice > Fees
& taxes payment > Personal
Assistance > Other
Services > Market
Research and Advisory > Property
Buying Advisory > Business
Buying or Selling Advisory > Property
Buying Assistance for Foreigners > Advisory on Investing
in Sri Lanka > House
Construction > Packers &
Movers > Solar Panels > Invest Home > Top Investment
Properties > Luxury
Apartments > Mid-range
Apartments > Lands and
Bungalows
in Nuwara Eliya > Houses in
Battaramulla area > Cultivation
lands > Investment Lands
within 1 hour of Colombo > Commercial
property
for sale in Colombo > Hotels for
Sale > ROI calculator > Trending Properties > Top Investment
properties > House Price Index > Land price
index > Home Loan Rates > Home
Loan Calculator > Home
Loan Comparison > Market Insights > Price Meter > Property Buying Guide > Foreign Buyers'
Guide > Capital
Gains Tax > Sri Lanka House Price Index > Sri Lanka Land Price Index > Membership Benefits > Market Outlook Report > News & Guides > View All Wanted Properties > Houses wanted > Apartments wanted > Land wanted > Commercial Buildings > Rooms wanted > Post Your
Ad > View All Agents / Agents
Directory > Promote your
property > Become an Agent > Residential
sales > Letting
Agents > Commercial
property agents > Land Sales > Buyer
& Seller Assistance > Promote
your property > View All
Businesses for
Sale > Real
Estate > Restaurant > Construction > Agriculture > Tech > Hospitality > Business > Manufacturing > Garment-Textile > Services-BPO > Maps of Sri Lanka > Area Guide > Point of
Interests > Property Buying Guide > Foreign Buyers'
Guide > Capital
Gains Tax > Sri Lanka House Price Index > Sri Lanka Land Price Index > Membership Benefits > News & Guides > About us > Careers > Contact Us > Events > FAQs > Ideal Home > Appliances &
Electronics > Furniture > Household items > Solar & Hot Water > Bathrooms > Gardening > Kitchen > Professionals > Flooring > House Construction > Lighting > Service Providers > Other Services > Home > ... > Sales > Colombo District > Colombo 5 > House > Home > ... > Sales > Colombo District > Colombo 5 > House","Devika Gardens, Colombo 5",Rs. 160 m,160000000.0,True,House,4,,3000 sq.ft.,1,19.75 perches,For Urgent Sale,Unfurnished,20+ years,,4.0,,3000.0,19.75,"{""Bathrooms/WCs"": ""3"", ""Agent Ref"": ""Rosh"", ""Car parking spaces"": ""3"", ""Primary USP"": ""Residential Area""}","Quiet residential area, off Polhengoda Rd. Close to Lanka Hospitals. Clear title. 4 bedrooms, study room, large living area, 3 toilets, garage, front & rear gardens, maids toilet, pantry, kitchen, store room. Property Features AC ROOMS MAINLINE WATER GARAGE MAID'S TOILET Explore Neighbourhood - Map View Devika Gardens, Colombo 5 [View on large map] Find out how much you can save with our Home Loan Calculator Apply now for a home loan More Details Property prices in Colombo 5 Buy Rent Average Sale Price is Rs. 55,272 Per SQ.FT. PRICE TRENDS → 0.7% Price increased compared to last year Try our new price meter tool to find out the average price of a property in Colombo 5 Try our new price meter tool to find out the average price of a property in Colombo 5 PRICE METER → Contact Advertiser Ferro Trading (Pvt) Ltd Agent 94-7777... Click to view Number 94-7777... Click to view Number Mahen Perera : 94-777762552 This advertiser has been advertising with us for 10 years Request a call back Please enter your phone number to request the advertiser to call you back Send SEND Important information : This ad has been posted on LankaPropertyWeb.com by the above mentioned advertiser. LankaPropertyWeb.com does not have any connection with this advertiser, nor do we vet the advertisers, guarantee their services, responsible for the accuracy of the ad's content or are responsible for services provided by the advertisers. LankaPropertyWeb.com does not provide any service other than list the advertisements posted by advertisers. You will be contacting the advertiser (owner/agent) of this property directly. We advise you to take precaution when making any payments or signing any agreements and be alert of any possible scams. If making any payments we recommend that you have two permanent & verified methods of contact of the payment receiver such as their landline number and home/business address. Posted/Edited: Today REPORT THIS AD Find Similar Properties Rs. 144M - 176M Rs. 50K - 60K PSF 3000 - 4000 sqft Colombo 5 View all View all View all View all 7 4 5000 sqft 4 Bedroom House for Sale in Colombo 5, S1741 Colombo 5 Rs. 250M 8 7 6000 sqft 7BR House for Sale in Nawala – Koswatte | LKR 300... Nawala Rs. 300M 10 4 5000 sqft FOR SALE: Beautiful Colombo 5 Family Home with Pool Colombo 5 Rs. 250M 4 4 3000 sqft FOR Sale| Nugegoda | 4-Bedrooms | Luxury House Nugegoda Rs. 150M Negotiable 9 4 3000 sqft 4 Bedroom House for Sale in Colombo 5, S1692 Colombo 5 Rs. 150M 8 5 6000 sqft ￭ Rajagiriya ￭ 05BR Luxury House For Sale... Rajagiriya Rs. 300M 10 4 5000 sqft 4-Bedroom Ultra-Modern Three-Story Luxury Residence... Nawala Rs. 250M Negotiable 9 7 6000 sqft House for Sale - Nawala | LKR 300,000,000 Nawala Rs. 300M 10 4 3000 sqft 4 Bedroom house for sales in Nugegoda for Rs. 87.5... Nugegoda Rs. 87.5M Negotiable 3 6 3000 sqft Colonial type House for sale in the Heart of Colombo 7 Colombo 7 Negotiable 10 4 3000 sqft Spacious Two-Storey House for Sale in Pitakotte Pita Kotte Rs. 60M 6 9+ 3500 sqft 9 Bedroom house for sales in Colombo 5 for Rs. 265... Colombo 5 Rs. 265M Negotiable 9 5 4000 sqft ￭ Colombo 07 ￭ 05BR House For Sale ￭ (NK11292) Colombo 7 Rs. 400M 10 4 3500 sqft FOR SALE: Exceptional 10 Perch Colombo 7 Home Colombo 7 Rs. 230M Negotiable 10 2 3000 sqft FOR SALE: Fantastic Colombo 03 Residential Property Colombo 3 Rs. 610.5M 10 4 3000 sqft FOR SALE: Superb 25.5 Perch Nugegoda Home Nugegoda Rs. 130M Negotiable 9 3 House for sale in Colombo 5 Byrde Place Colombo 5 Rs. 94M 9 4 2800 sqft 4 Bedroom House for Sale in Park Road, Colombo 05 |... Colombo 5 Rs. 120M 6 9+ 3500 sqft 9 Bedroom house for sales in Colombo 5 for Rs. 265... Colombo 5 Rs. 265M Negotiable 10 9+ 4700 sqft Luxury House for Sale in the Heart of Colombo No 20... Colombo 5 Rs. 250M 10 4 5000 sqft FOR SALE: Beautiful Colombo 5 Family Home with Pool Colombo 5 Rs. 250M 7 4 2750 sqft FOR SALE: Excellent 10 Perch Thimbirigasyaya Family... Colombo 5 Rs. 150M Negotiable 10 7 Luxury 3-Storey House for Sale in Colombo 05 – Prime... Colombo 5 Rs. 90M Negotiable 9 6 2900 sqft Two Storied House for Sale in Colombo 8 - PDH172 Colombo 8 Rs. 145M 9 3 2000 sqft House for sale in Colombo 5 Colombo 5 Rs. 145M ONO 7 6 4000 sqft 8.8 Perch 2 Story 2 Unit House For Sale In Colombo... Colombo 5 Rs. 145M Negotiable 9 4 28005 sqft Rajagiriya Rs. 145M 3 3 2900 sqft House for sale in Havelock, Colombo 5 Colombo 5 Rs. 145M 10 7 7500 sqft House for Sale - Nugegoda | LKR 145,000,000 Nugegoda Rs. 145M 9 4 Ref(P-AYA-856)Luxury 2-Storey House for Sale ... Nawala Rs. 145M Negotiable 1 3 2300 sqft House for Sale in Kotte Pita Kotte Rs. 145M VIEW ALL PROPERTIES Within Rs. 144M - 176M (147) VIEW ALL PROPERTIES FOR sale in Colombo 5 (192) VIEW ALL PROPERTIES Within 3,000 - 4,000 sq.ft. (446) VIEW ALL PROPERTIES Within Rs. 50K - 60K PSF (138) Next Steps for Buyers Guide to Buying a Property Legal Assistance & Document Preparation Property Valuation Help & Advisory on Buying a Property Get help applying for a Housing Loan Find a House Mover View more There is no place like home Explore everything you need to build and decorate your dream home Visit Website Be the first to know Get instant alerts on newly added Houses for sale in Colombo 5 – your dream property awaits! Subscribe now Create Alert Now Top Searches Houses for sale in Colombo 5 Apartments for sale in Colombo 5 Commercial property for sale in Colombo 5 Bungalows for sale in Colombo 5 Hotels for sale in Colombo 5 Villas for sale in Colombo 5 Studio/Bedsit for sale in Colombo 5 Featured Projects Altair More Details Aarana Boutique Residencies More Details The Elizabeth Colombo 07 More Details Mon Vie More Details Marina Square More Details ASTORIA More Details Property Saved!. Manage Favorite not saved! Try again Favorite removed! Ok Share Save Contact Advertiser Ferro Trading (Pvt) Ltd Agent View agent's properties Check Availability 94-7777... WHATSAPP EMAIL Share this property Email to a friend Messenger Whatsapp Viber X Linkedin Telegram Copy url More Share Options Ferro Trading (Pvt) Ltd Agent Please enter your details Interested in this property or want more details? Fill out the form below, and the advertiser will get in touch with you shortly! SUBMIT CALL CHAT Report this AD Please select a reason Not a property ad Property not available anymore No such property Incorrect contact details Advertiser unresponsive Unrealistic price Image on ad is not that of property Spam Scam/Fake ad Other Submit Please Enter Your Details To view the seller's number, please enter your name, email and contact number. This will help the seller follow up on your inquiry. Show Phone Number Ferro Trading (Pvt) Ltd Agent Mahen Perera 94-777762552 Call Now Ferro Trading (Pvt) Ltd Agent Mahen Perera 94-777762552 WhatsApp Find your favourite properties from the top of the page Click on the star icon to view your favourite ads LankaProperty web - Email property to a friend Send Email Please Enter Your Details To contact the advertiser on whatsapp, please enter your name, email and contact number. This will help the seller follow up on your inquiry. WHATSAPP Navigation Home Sales Rentals Land Featured Projects Ideal Home Post your ad Wanted Find Agent Our Services Market Insights House Price Index Invest Land Price Index Businesses for Sale Home Loan Comparison Property Buying Guide Maps News & Guides Become a Member Login All ads Features & Tools Home Loan Calculator Location Guide Trending Properties Price Meter Top Investment Properties Below Market Value Properties Email Alerts Market Outlook Report ROI Calculator Country Sri Lanka Maldives USA About Help Contact Us About Us Terms and Conditions Privacy Policy Careers Events Follow us on Social Media Subscribe to our newsletter You have successfully signed up for our newsletter Subscribe © Copyright LankaPropertyWeb.com, lpw.lk 2026 | All Rights Reserved × Newsletter You have successfully signed up for our newsletter Close Save Properties in Your Account × View saved properties Keep search history across devices See which properties you have contacted Continue with Google OR Login By registering you accept our Terms & Conditions and our privacy policy ."
https://www.lankapropertyweb.com/sale/property_details-5875336.html,5875336,2026-08-10T10:31:25.837558+00:00,FOR SALE: Fantastic Colombo 03 Residential Property,"View all > Houses > Apartments > Commercial > Bungalows > Villas > Studio
/ Bedsit > Warehouse > Featured developments for sale > New Beachfront Projects > Newly
built property for sale > Colonial
Houses for sale > Urgent properties for sale > Luxury
Apartments > Mid-range
Apartments > Bungalows
in Nuwara Eliya > Houses
in Battaramulla area > Commercial property for sale
in
Colombo > Hotels for Sale > Warehouses for sale > Brand
new apartment > Beachfront properties for sale > Beachfront Apartments for sale > Below Market Value properties > Sri Lanka House Price Index > Sri Lanka Land Price Index > Guide for
foreigners
buying property > All property for Rent > Houses > Apartments > Commercial > Bungalows > Annexes > Hostels > Villas > Studio
/ Bedsit > Rooms
/ Boarding Places > View All Featured Properties > Warehouses for rent > Newly built property for rent > Urgent properties to let > Short
term rentals > Office spaces in
Colombo > Co-working places > House Prices > Find All Land for Sale or Lease > Bare
Land > Beachfront
Land > Cultivated
/ Agriculture > Land
with House > Tea
Estate Land > Rubber
Estate Land > Coconut
Estate Land > Paddy
(Rice) Land > Cinnamon
Estate Land > Waterfront
Land > Featured Land Projects > Lands
in Nuwara Eliya > Investment Lands
within 1 hour of Colombo > Lands
for less than 1 lakh a perch in Western Province > Cultivation
lands within 1 hour from Colombo > Land
Prices in Greater Colombo > View All New Projects > Featured Projects > Apartment FinderNew > Featured Land Projects > Condo Directory > Property
Valuations > Legal
Assistance > Document
preparation & submission > Mortgage
Advice > Fees
& taxes payment > Personal
Assistance > Other
Services > Market
Research and Advisory > Property
Buying Advisory > Business
Buying or Selling Advisory > Property
Buying Assistance for Foreigners > Advisory on Investing
in Sri Lanka > House
Construction > Packers &
Movers > Solar Panels > Invest Home > Top Investment
Properties > Luxury
Apartments > Mid-range
Apartments > Lands and
Bungalows
in Nuwara Eliya > Houses in
Battaramulla area > Cultivation
lands > Investment Lands
within 1 hour of Colombo > Commercial
property
for sale in Colombo > Hotels for
Sale > ROI calculator > Trending Properties > Top Investment
properties > House Price Index > Land price
index > Home Loan Rates > Home
Loan Calculator > Home
Loan Comparison > Market Insights > Price Meter > Property Buying Guide > Foreign Buyers'
Guide > Capital
Gains Tax > Sri Lanka House Price Index > Sri Lanka Land Price Index > Membership Benefits > Market Outlook Report > News & Guides > View All Wanted Properties > Houses wanted > Apartments wanted > Land wanted > Commercial Buildings > Rooms wanted > Post Your
Ad > View All Agents / Agents
Directory > Promote your
property > Become an Agent > Residential
sales > Letting
Agents > Commercial
property agents > Land Sales > Buyer
& Seller Assistance > Promote
your property > View All
Businesses for
Sale > Real
Estate > Restaurant > Construction > Agriculture > Tech > Hospitality > Business > Manufacturing > Garment-Textile > Services-BPO > Maps of Sri Lanka > Area Guide > Point of
Interests > Property Buying Guide > Foreign Buyers'
Guide > Capital
Gains Tax > Sri Lanka House Price Index > Sri Lanka Land Price Index > Membership Benefits > News & Guides > About us > Careers > Contact Us > Events > FAQs > Ideal Home > Appliances &
Electronics > Furniture > Household items > Solar & Hot Water > Bathrooms > Gardening > Kitchen > Professionals > Flooring > House Construction > Lighting > Service Providers > Other Services > Home > ... > Sales > Colombo District > Colombo 3 > House > Home > ... > Sales > Colombo District > Colombo 3 > House",Colombo 3,"Rs. 610,500,000


















",610500000.0,True,House,2,,3000 sq.ft.,3,27.75 perches,Available Now,Unfurnished,15+ years,20 ft.,2.0,,3000.0,27.75,"{""Bathrooms/WCs"": ""3"", ""Agent Ref"": ""780"", ""Car parking spaces"": ""2""}","British Brokers is delighted to offer for sale this prime Colombo 03 residential property for immediate sale. Private and spacious, with a land extent of 27.75 perches, the delightful 20-year-old 3000 sq.ft. property needs light modernization but has been well-maintained. The house boasts a wonderful entertainment verandah opening on to a beautiful garden. Light and airy throughout, the property includes: 2 Air-conditioned Bedrooms with Balconies (Both Ensuite and Master with Walk-in Closet), Office opening on to Terrace, Ground Floor Kitchen, First floor Sitting & Dining Room with Open-plan Kitchen, Hallway, Staff Quarters, and Auto Roll-top Garage (2 Vehicles). Call now to arrange a viewing. Price: Rs.22m/perch Link to Extra Pics: https://www.britbrokers.com/single-property.php?pid=780&bt=S&did=1#"
https://www.lankapropertyweb.com/sale/property_details-5751621.html,5751621,2026-08-10T10:31:29.607251+00:00,Brand New 4 Bedroom houses on 9 perches in Thalawathugoda. For Sale. Rs. 45 million,"View all > Houses > Apartments > Commercial > Bungalows > Villas > Studio
/ Bedsit > Warehouse > Featured developments for sale > New Beachfront Projects > Newly
built property for sale > Colonial
Houses for sale > Urgent properties for sale > Luxury
Apartments > Mid-range
Apartments > Bungalows
in Nuwara Eliya > Houses
in Battaramulla area > Commercial property for sale
in
Colombo > Hotels for Sale > Warehouses for sale > Brand
new apartment > Beachfront properties for sale > Beachfront Apartments for sale > Below Market Value properties > Sri Lanka House Price Index > Sri Lanka Land Price Index > Guide for
foreigners
buying property > All property for Rent > Houses > Apartments > Commercial > Bungalows > Annexes > Hostels > Villas > Studio
/ Bedsit > Rooms
/ Boarding Places > View All Featured Properties > Warehouses for rent > Newly built property for rent > Urgent properties to let > Short
term rentals > Office spaces in
Colombo > Co-working places > House Prices > Find All Land for Sale or Lease > Bare
Land > Beachfront
Land > Cultivated
/ Agriculture > Land
with House > Tea
Estate Land > Rubber
Estate Land > Coconut
Estate Land > Paddy
(Rice) Land > Cinnamon
Estate Land > Waterfront
Land > Featured Land Projects > Lands
in Nuwara Eliya > Investment Lands
within 1 hour of Colombo > Lands
for less than 1 lakh a perch in Western Province > Cultivation
lands within 1 hour from Colombo > Land
Prices in Greater Colombo > View All New Projects > Featured Projects > Apartment FinderNew > Featured Land Projects > Condo Directory > Property
Valuations > Legal
Assistance > Document
preparation & submission > Mortgage
Advice > Fees
& taxes payment > Personal
Assistance > Other
Services > Market
Research and Advisory > Property
Buying Advisory > Business
Buying or Selling Advisory > Property
Buying Assistance for Foreigners > Advisory on Investing
in Sri Lanka > House
Construction > Packers &
Movers > Solar Panels > Invest Home > Top Investment
Properties > Luxury
Apartments > Mid-range
Apartments > Lands and
Bungalows
in Nuwara Eliya > Houses in
Battaramulla area > Cultivation
lands > Investment Lands
within 1 hour of Colombo > Commercial
property
for sale in Colombo > Hotels for
Sale > ROI calculator > Trending Properties > Top Investment
properties > House Price Index > Land price
index > Home Loan Rates > Home
Loan Calculator > Home
Loan Comparison > Market Insights > Price Meter > Property Buying Guide > Foreign Buyers'
Guide > Capital
Gains Tax > Sri Lanka House Price Index > Sri Lanka Land Price Index > Membership Benefits > Market Outlook Report > News & Guides > View All Wanted Properties > Houses wanted > Apartments wanted > Land wanted > Commercial Buildings > Rooms wanted > Post Your
Ad > View All Agents / Agents
Directory > Promote your
property > Become an Agent > Residential
sales > Letting
Agents > Commercial
property agents > Land Sales > Buyer
& Seller Assistance > Promote
your property > View All
Businesses for
Sale > Real
Estate > Restaurant > Construction > Agriculture > Tech > Hospitality > Business > Manufacturing > Garment-Textile > Services-BPO > Maps of Sri Lanka > Area Guide > Point of
Interests > Property Buying Guide > Foreign Buyers'
Guide > Capital
Gains Tax > Sri Lanka House Price Index > Sri Lanka Land Price Index > Membership Benefits > News & Guides > About us > Careers > Contact Us > Events > FAQs > Ideal Home > Appliances &
Electronics > Furniture > Household items > Solar & Hot Water > Bathrooms > Gardening > Kitchen > Professionals > Flooring > House Construction > Lighting > Service Providers > Other Services > Home > ... > Sales > Colombo District > Thalawathugoda > House > Home > ... > Sales > Colombo District > Thalawathugoda > House","Pansal Mawatha, Thalawathugoda",Rs. 45 m,45000000.0,True,House,4,,2500 sq.ft.,2,9 perches,Available Now,Unfurnished,1 year,20 ft.,4.0,,2500.0,9.0,"{""Bathrooms/WCs"": ""3"", ""Agent Ref"": ""Mah"", ""Car parking spaces"": ""2"", ""Primary USP"": ""Residential Area""}","5 independent houses on a secluded small development. Quiet residential area. 20 minutes drive to Colombo. 5 minutes from Sri Jayewardenepura Hospital and Madiwela walking track. Property Features BRAND NEW HOT WATER MAINLINE WATER 3 PHASE ELECTRICITY GARAGE LAWN GARDEN ATTACHED TOILETS MAID'S ROOM MAID'S TOILET OVERHEAD WATER STORAGE Explore Neighbourhood - Map View Pansal Mawatha, Thalawathugoda [View on large map] Find out how much you can save with our Home Loan Calculator Buy this property for only Rs. 346,842 /month By obtaining a Home Loan through our banking partners *For a 20-year term with a 12% fixed interest rate, using the equated balance payment method. By obtaining a Home Loan through our banking partners *For a 20-year term with a 12% fixed interest rate, using the equated balance payment method. More Details Property prices in Thalawathugoda Buy Rent 16% This property is 16% less than the market average price Per SQ.FT. Average Sale Price is Rs. 21,633 Per SQ.FT. PRICE TRENDS → 2.3% Price increased compared to last year Try our new price meter tool to find out the average price of a property in Thalawathugoda Try our new price meter tool to find out the average price of a property in Thalawathugoda PRICE METER → Contact Advertiser Ferro Trading (Pvt) Ltd Agent 94-7777... Click to view Number 94-7777... Click to view Number Mahen Perera : 94-777762552 This advertiser has been advertising with us for 10 years Request a call back Please enter your phone number to request the advertiser to call you back Send SEND Important information : This ad has been posted on LankaPropertyWeb.com by the above mentioned advertiser. LankaPropertyWeb.com does not have any connection with this advertiser, nor do we vet the advertisers, guarantee their services, responsible for the accuracy of the ad's content or are responsible for services provided by the advertisers. LankaPropertyWeb.com does not provide any service other than list the advertisements posted by advertisers. You will be contacting the advertiser (owner/agent) of this property directly. We advise you to take precaution when making any payments or signing any agreements and be alert of any possible scams. If making any payments we recommend that you have two permanent & verified methods of contact of the payment receiver such as their landline number and home/business address. Posted/Edited: 46 days ago REPORT THIS AD Find Similar Properties Rs. 31M - 58M Rs. 10K - 20K PSF 2000 - 3000 sqft Thalawathugoda View all View all View all View all 10 4 2500 sqft (MH285) Two Storey House for Sale in Kaduwela Kaduwela Rs. 25M 7 5 3000 sqft 5 Bedroom House for Sale in Authurigiya Athurugiriya Rs. 30M 3 9+ 9500 sqft House for Sale - Maharagama | LKR 95,000,000 Maharagama Rs. 95M 5 10 10000 sqft House For Sale In Battaramulla (file No 2756b/1) Battaramulla Rs. 100M 5 4 3000 sqft Brand New House For Sale In Malabe ( File Number 518a ) Malabe Rs. 30M 8 4 3500 sqft ((PR1480) Luxury Two-Story House for Sale – Athurugiriya... Athurugiriya Rs. 35M 8 4 4000 sqft (SD072)🏡 Modern 4-Bedroom Luxury House in Thalawathugoda... Thalawathugoda Rs. 40M 10 7 6806.25 sqft Furnished 7BR House for Sale in Talahena | LK... Himbutana Rs. 70M 4 4 2100 sqft House for sale in Nugegoda Nugegoda Rs. 70M Negotiable 10 4 2500 sqft Rajagiriya - Kalapaluwawa 04 Bedroom Upstair House... Rajagiriya Rs. 62M Negotiable 10 4 3000 sqft 4 Bedroom house for sales in Nugegoda for Rs. 87.5... Nugegoda Rs. 87.5M Negotiable 10 4 3000 sqft Spacious Two-Storey House for Sale in Pitakotte Pita Kotte Rs. 60M 9 4 2800 sqft 4 Bedroom House for Sale in Park Road, Colombo 05 |... Colombo 5 Rs. 120M 5 5 2603 sqft 🏡 Spacious 5-Bedroom House for Sale – Kotikawatta Kotikawatta Rs. 78M 10 4 2271 sqft 4 Bedroom house Construction in Thalawathugoda for... Thalawathugoda Rs. 24.76M 10 6 2950 sqft FOR SALE: Superb Castle Street Investment Opportunity Colombo 8 Rs. 199.5M 10 4 3500 sqft Ultra Modern 4 Bedroom House Construction in Thalawathugoda... Thalawathugoda Rs. 40.25M 10 4 4400 sqft Architecturally Designed Luxury Garden Residence in... Thalawathugoda Rs. 95M Negotiable 10 4 3500 sqft FOR SALE: Great Thalawathagoda 16 Perch Home with Pool Thalawathugoda Rs. 70M 9 5 3000 sqft Prime Roadfront Property for Sale in Thalawathugoda... Thalawathugoda Rs. 140M 10 4 2218 sqft 🏡 Well-Maintained 4-Bedroom Family Home for Sale... Thalawathugoda Rs. 85M Negotiable 10 6 4819 sqft Three-Storey House with Three Separate Units for Sale... Thalawathugoda Rs. 95M 3 3 2200 sqft House , Kalalgoda in Thalwathugoda For Sale Thalawathugoda Rs. 55M 10 3 1550 sqft (MH478) Brand New Single Storey House for Sal... Athurugiriya Rs. 31.5M 10 3 1550 sqft Brand-New Single-Story Family Home Athurugiriya Athurugiriya Rs. 31.5M Negotiable 5 3 1200 sqft House For Sale In Nugegoda ( File Number 1858a) Nugegoda Rs. 32M 10 4 3600 sqft Spacious 4-Bedroom Two-Story House in Kaduwel... Kaduwela Rs. 32M Negotiable 5 4 3000 sqft (PH777) Two Storey 4BR House for Sale in Maharagama... Maharagama Rs. 32M 10 3 1580 sqft (MH483) Brand New Luxury Single Storey House for Sale... Malabe Rs. 32.5M 10 4 2000 sqft 4 Bedrooms House For Sale in Battaramulla - PDH273 Battaramulla Rs. 32.5M 8 5 2500 sqft (SU337)🏡 Brand New Two-Story House For Sale –... Kottawa Rs. 32.5M VIEW ALL PROPERTIES Within Rs. 31M - 58M (493) VIEW ALL PROPERTIES FOR sale in Thalawathugoda (177) VIEW ALL PROPERTIES Within 2,000 - 3,000 sq.ft. (753) VIEW ALL PROPERTIES Within Rs. 10K - 20K PSF (681) Next Steps for Buyers Guide to Buying a Property Legal Assistance & Document Preparation Property Valuation Help & Advisory on Buying a Property Get help applying for a Housing Loan Find a House Mover View more There is no place like home Explore everything you need to build and decorate your dream home Visit Website Be the first to know Get instant alerts on newly added Houses for sale in Thalawathugoda – your dream property awaits! Subscribe now Create Alert Now Top Searches Houses for sale in Thalawathugoda Apartments for sale in Thalawathugoda Commercial property for sale in Thalawathugoda Bungalows for sale in Thalawathugoda Hotels for sale in Thalawathugoda Villas for sale in Thalawathugoda Studio/Bedsit for sale in Thalawathugoda Featured Projects Altair More Details Aarana Boutique Residencies More Details The Elizabeth Colombo 07 More Details Mon Vie More Details Marina Square More Details ASTORIA More Details Property Saved!. Manage Favorite not saved! Try again Favorite removed! Ok Share Save Contact Advertiser Ferro Trading (Pvt) Ltd Agent View agent's properties Check Availability 94-7777... WHATSAPP EMAIL Share this property Email to a friend Messenger Whatsapp Viber X Linkedin Telegram Copy url More Share Options Ferro Trading (Pvt) Ltd Agent Please enter your details Interested in this property or want more details? Fill out the form below, and the advertiser will get in touch with you shortly! SUBMIT CALL CHAT Report this AD Please select a reason Not a property ad Property not available anymore No such property Incorrect contact details Advertiser unresponsive Unrealistic price Image on ad is not that of property Spam Scam/Fake ad Other Submit Mahen Perera Agent Mahen Perera Hi there 👋, If you need further details about this House for sale in Thalawathugoda, please feel free to message me. 15.45 Enter your message Please Enter Your Details To view the seller's number, please enter your name, email and contact number. This will help the seller follow up on your inquiry. Show Phone Number Ferro Trading (Pvt) Ltd Agent Mahen Perera 94-777762552 Call Now Ferro Trading (Pvt) Ltd Agent Mahen Perera 94-777762552 WhatsApp Find your favourite properties from the top of the page Click on the star icon to view your favourite ads LankaProperty web - Email property to a friend Send Email Please Enter Your Details To contact the advertiser on whatsapp, please enter your name, email and contact number. This will help the seller follow up on your inquiry. WHATSAPP Navigation Home Sales Rentals Land Featured Projects Ideal Home Post your ad Wanted Find Agent Our Services Market Insights House Price Index Invest Land Price Index Businesses for Sale Home Loan Comparison Property Buying Guide Maps News & Guides Become a Member Login All ads Features & Tools Home Loan Calculator Location Guide Trending Properties Price Meter Top Investment Properties Below Market Value Properties Email Alerts Market Outlook Report ROI Calculator Country Sri Lanka Maldives USA About Help Contact Us About Us Terms and Conditions Privacy Policy Careers Events Follow us on Social Media Subscribe to our newsletter You have successfully signed up for our newsletter Subscribe © Copyright LankaPropertyWeb.com, lpw.lk 2026 | All Rights Reserved × Newsletter You have successfully signed up for our newsletter Close Save Properties in Your Account × View saved properties Keep search history across devices See which properties you have contacted Continue with Google OR Login By registering you accept our Terms & Conditions and our privacy policy ."
https://www.lankapropertyweb.com/sale/property_details-5816518.html,5816518,2026-08-10T10:31:32.174823+00:00,FOR SALE: Glorious Nawala Family Home with Pool,"View all > Houses > Apartments > Commercial > Bungalows > Villas > Studio
/ Bedsit > Warehouse > Featured developments for sale > New Beachfront Projects > Newly
built property for sale > Colonial
Houses for sale > Urgent properties for sale > Luxury
Apartments > Mid-range
Apartments > Bungalows
in Nuwara Eliya > Houses
in Battaramulla area > Commercial property for sale
in
Colombo > Hotels for Sale > Warehouses for sale > Brand
new apartment > Beachfront properties for sale > Beachfront Apartments for sale > Below Market Value properties > Sri Lanka House Price Index > Sri Lanka Land Price Index > Guide for
foreigners
buying property > All property for Rent > Houses > Apartments > Commercial > Bungalows > Annexes > Hostels > Villas > Studio
/ Bedsit > Rooms
/ Boarding Places > View All Featured Properties > Warehouses for rent > Newly built property for rent > Urgent properties to let > Short
term rentals > Office spaces in
Colombo > Co-working places > House Prices > Find All Land for Sale or Lease > Bare
Land > Beachfront
Land > Cultivated
/ Agriculture > Land
with House > Tea
Estate Land > Rubber
Estate Land > Coconut
Estate Land > Paddy
(Rice) Land > Cinnamon
Estate Land > Waterfront
Land > Featured Land Projects > Lands
in Nuwara Eliya > Investment Lands
within 1 hour of Colombo > Lands
for less than 1 lakh a perch in Western Province > Cultivation
lands within 1 hour from Colombo > Land
Prices in Greater Colombo > View All New Projects > Featured Projects > Apartment FinderNew > Featured Land Projects > Condo Directory > Property
Valuations > Legal
Assistance > Document
preparation & submission > Mortgage
Advice > Fees
& taxes payment > Personal
Assistance > Other
Services > Market
Research and Advisory > Property
Buying Advisory > Business
Buying or Selling Advisory > Property
Buying Assistance for Foreigners > Advisory on Investing
in Sri Lanka > House
Construction > Packers &
Movers > Solar Panels > Invest Home > Top Investment
Properties > Luxury
Apartments > Mid-range
Apartments > Lands and
Bungalows
in Nuwara Eliya > Houses in
Battaramulla area > Cultivation
lands > Investment Lands
within 1 hour of Colombo > Commercial
property
for sale in Colombo > Hotels for
Sale > ROI calculator > Trending Properties > Top Investment
properties > House Price Index > Land price
index > Home Loan Rates > Home
Loan Calculator > Home
Loan Comparison > Market Insights > Price Meter > Property Buying Guide > Foreign Buyers'
Guide > Capital
Gains Tax > Sri Lanka House Price Index > Sri Lanka Land Price Index > Membership Benefits > Market Outlook Report > News & Guides > View All Wanted Properties > Houses wanted > Apartments wanted > Land wanted > Commercial Buildings > Rooms wanted > Post Your
Ad > View All Agents / Agents
Directory > Promote your
property > Become an Agent > Residential
sales > Letting
Agents > Commercial
property agents > Land Sales > Buyer
& Seller Assistance > Promote
your property > View All
Businesses for
Sale > Real
Estate > Restaurant > Construction > Agriculture > Tech > Hospitality > Business > Manufacturing > Garment-Textile > Services-BPO > Maps of Sri Lanka > Area Guide > Point of
Interests > Property Buying Guide > Foreign Buyers'
Guide > Capital
Gains Tax > Sri Lanka House Price Index > Sri Lanka Land Price Index > Membership Benefits > News & Guides > About us > Careers > Contact Us > Events > FAQs > Ideal Home > Appliances &
Electronics > Furniture > Household items > Solar & Hot Water > Bathrooms > Gardening > Kitchen > Professionals > Flooring > House Construction > Lighting > Service Providers > Other Services > Home > ... > Sales > Colombo District > Nawala > House > Home > ... > Sales > Colombo District > Nawala > House",Nawala,"Rs. 175,000,000





",175000000.0,True,House,4,,5000 sq.ft.,2,20 perches,Available Now,Semi-furnished,15+ years,20 ft.,4.0,,5000.0,20.0,"{""Bathrooms/WCs"": ""4"", ""Agent Ref"": ""542"", ""Car parking spaces"": ""4""}","Looking out over the idyllic Nawala marshlands, this gorgeous 20 perch property is available for immediate sale. Offered semi-furnished and boasting cut cement flooring throughout, the c.5ooo sq.ft. home includes: 4 Large Bedrooms (2 Ensuite, Master with Walk-in Closet), Sitting & Dining Area, TV Area, 2 Guest Bathrooms, Indoor Swimming Pool, Garden, Kitchen, Staff Quarters, and Auto Roll-top Garage (4 Vehicles). The 15 year old property benefits from full solar coverage, representing a great saving on electricity bills. Early viewings are highly recommended."
https://www.lankapropertyweb.com/sale/property_details-5926096.html,5926096,2026-08-10T10:31:35.685014+00:00,Moratuwa Heritage Estate – 52 Perches | Rs.150M,"View all > Houses > Apartments > Commercial > Bungalows > Villas > Studio
/ Bedsit > Warehouse > Featured developments for sale > New Beachfront Projects > Newly
built property for sale > Colonial
Houses for sale > Urgent properties for sale > Luxury
Apartments > Mid-range
Apartments > Bungalows
in Nuwara Eliya > Houses
in Battaramulla area > Commercial property for sale
in
Colombo > Hotels for Sale > Warehouses for sale > Brand
new apartment > Beachfront properties for sale > Beachfront Apartments for sale > Below Market Value properties > Sri Lanka House Price Index > Sri Lanka Land Price Index > Guide for
foreigners
buying property > All property for Rent > Houses > Apartments > Commercial > Bungalows > Annexes > Hostels > Villas > Studio
/ Bedsit > Rooms
/ Boarding Places > View All Featured Properties > Warehouses for rent > Newly built property for rent > Urgent properties to let > Short
term rentals > Office spaces in
Colombo > Co-working places > House Prices > Find All Land for Sale or Lease > Bare
Land > Beachfront
Land > Cultivated
/ Agriculture > Land
with House > Tea
Estate Land > Rubber
Estate Land > Coconut
Estate Land > Paddy
(Rice) Land > Cinnamon
Estate Land > Waterfront
Land > Featured Land Projects > Lands
in Nuwara Eliya > Investment Lands
within 1 hour of Colombo > Lands
for less than 1 lakh a perch in Western Province > Cultivation
lands within 1 hour from Colombo > Land
Prices in Greater Colombo > View All New Projects > Featured Projects > Apartment FinderNew > Featured Land Projects > Condo Directory > Property
Valuations > Legal
Assistance > Document
preparation & submission > Mortgage
Advice > Fees
& taxes payment > Personal
Assistance > Other
Services > Market
Research and Advisory > Property
Buying Advisory > Business
Buying or Selling Advisory > Property
Buying Assistance for Foreigners > Advisory on Investing
in Sri Lanka > House
Construction > Packers &
Movers > Solar Panels > Invest Home > Top Investment
Properties > Luxury
Apartments > Mid-range
Apartments > Lands and
Bungalows
in Nuwara Eliya > Houses in
Battaramulla area > Cultivation
lands > Investment Lands
within 1 hour of Colombo > Commercial
property
for sale in Colombo > Hotels for
Sale > ROI calculator > Trending Properties > Top Investment
properties > House Price Index > Land price
index > Home Loan Rates > Home
Loan Calculator > Home
Loan Comparison > Market Insights > Price Meter > Property Buying Guide > Foreign Buyers'
Guide > Capital
Gains Tax > Sri Lanka House Price Index > Sri Lanka Land Price Index > Membership Benefits > Market Outlook Report > News & Guides > View All Wanted Properties > Houses wanted > Apartments wanted > Land wanted > Commercial Buildings > Rooms wanted > Post Your
Ad > View All Agents / Agents
Directory > Promote your
property > Become an Agent > Residential
sales > Letting
Agents > Commercial
property agents > Land Sales > Buyer
& Seller Assistance > Promote
your property > View All
Businesses for
Sale > Real
Estate > Restaurant > Construction > Agriculture > Tech > Hospitality > Business > Manufacturing > Garment-Textile > Services-BPO > Maps of Sri Lanka > Area Guide > Point of
Interests > Property Buying Guide > Foreign Buyers'
Guide > Capital
Gains Tax > Sri Lanka House Price Index > Sri Lanka Land Price Index > Membership Benefits > News & Guides > About us > Careers > Contact Us > Events > FAQs > Ideal Home > Appliances &
Electronics > Furniture > Household items > Solar & Hot Water > Bathrooms > Gardening > Kitchen > Professionals > Flooring > House Construction > Lighting > Service Providers > Other Services > Home > ... > Sales > Colombo District > Moratuwa > House > Home > ... > Sales > Colombo District > Moratuwa > House","Galle Road, Moratuwa",Rs.150M,150000000.0,True,House,9,,3100 sq.ft.,2,52 perches,Available Now,Unfurnished,25+ years,15 ft.,9.0,,3100.0,52.0,"{""Bathrooms/WCs"": ""4"", ""Car parking spaces"": ""6"", ""Primary USP"": ""beautiful House""}","A rare 100 year old ancestral property for sale in Moratuwa, just 20 km from Colombo. Includes a grand heritage home on 52 perches of prime residential land. Additional adjoining plots available for buyers seeking a larger estate. Ideal for: Expatriates, retirees, boutique villa development, or long term investment. Price: Rs.150 Million Location: Moratuwa, Sri Lanka Contact: +38 (Telephone/WhatsApp)"
https://www.lankapropertyweb.com/sale/property_details-5757214.html,5757214,2026-08-10T10:31:39.195668+00:00,FOR SALE: Delightful Bope Holiday Home,"View all > Houses > Apartments > Commercial > Bungalows > Villas > Studio
/ Bedsit > Warehouse > Featured developments for sale > New Beachfront Projects > Newly
built property for sale > Colonial
Houses for sale > Urgent properties for sale > Luxury
Apartments > Mid-range
Apartments > Bungalows
in Nuwara Eliya > Houses
in Battaramulla area > Commercial property for sale
in
Colombo > Hotels for Sale > Warehouses for sale > Brand
new apartment > Beachfront properties for sale > Beachfront Apartments for sale > Below Market Value properties > Sri Lanka House Price Index > Sri Lanka Land Price Index > Guide for
foreigners
buying property > All property for Rent > Houses > Apartments > Commercial > Bungalows > Annexes > Hostels > Villas > Studio
/ Bedsit > Rooms
/ Boarding Places > View All Featured Properties > Warehouses for rent > Newly built property for rent > Urgent properties to let > Short
term rentals > Office spaces in
Colombo > Co-working places > House Prices > Find All Land for Sale or Lease > Bare
Land > Beachfront
Land > Cultivated
/ Agriculture > Land
with House > Tea
Estate Land > Rubber
Estate Land > Coconut
Estate Land > Paddy
(Rice) Land > Cinnamon
Estate Land > Waterfront
Land > Featured Land Projects > Lands
in Nuwara Eliya > Investment Lands
within 1 hour of Colombo > Lands
for less than 1 lakh a perch in Western Province > Cultivation
lands within 1 hour from Colombo > Land
Prices in Greater Colombo > View All New Projects > Featured Projects > Apartment FinderNew > Featured Land Projects > Condo Directory > Property
Valuations > Legal
Assistance > Document
preparation & submission > Mortgage
Advice > Fees
& taxes payment > Personal
Assistance > Other
Services > Market
Research and Advisory > Property
Buying Advisory > Business
Buying or Selling Advisory > Property
Buying Assistance for Foreigners > Advisory on Investing
in Sri Lanka > House
Construction > Packers &
Movers > Solar Panels > Invest Home > Top Investment
Properties > Luxury
Apartments > Mid-range
Apartments > Lands and
Bungalows
in Nuwara Eliya > Houses in
Battaramulla area > Cultivation
lands > Investment Lands
within 1 hour of Colombo > Commercial
property
for sale in Colombo > Hotels for
Sale > ROI calculator > Trending Properties > Top Investment
properties > House Price Index > Land price
index > Home Loan Rates > Home
Loan Calculator > Home
Loan Comparison > Market Insights > Price Meter > Property Buying Guide > Foreign Buyers'
Guide > Capital
Gains Tax > Sri Lanka House Price Index > Sri Lanka Land Price Index > Membership Benefits > Market Outlook Report > News & Guides > View All Wanted Properties > Houses wanted > Apartments wanted > Land wanted > Commercial Buildings > Rooms wanted > Post Your
Ad > View All Agents / Agents
Directory > Promote your
property > Become an Agent > Residential
sales > Letting
Agents > Commercial
property agents > Land Sales > Buyer
& Seller Assistance > Promote
your property > View All
Businesses for
Sale > Real
Estate > Restaurant > Construction > Agriculture > Tech > Hospitality > Business > Manufacturing > Garment-Textile > Services-BPO > Maps of Sri Lanka > Area Guide > Point of
Interests > Property Buying Guide > Foreign Buyers'
Guide > Capital
Gains Tax > Sri Lanka House Price Index > Sri Lanka Land Price Index > Membership Benefits > News & Guides > About us > Careers > Contact Us > Events > FAQs > Ideal Home > Appliances &
Electronics > Furniture > Household items > Solar & Hot Water > Bathrooms > Gardening > Kitchen > Professionals > Flooring > House Construction > Lighting > Service Providers > Other Services > Home > ... > Sales > Galle District > Bope > House > Home > ... > Sales > Galle District > Bope > House",Bope,"Rs. 25,000,000





",25000000.0,True,House,3,3 Bathrooms,3000 sq.ft.,2,14 perches,Available Now,Furnished,4+ years,20 ft.,3.0,3.0,3000.0,14.0,"{""Bathrooms/WCs"": ""3"", ""Agent Ref"": ""726"", ""Car parking spaces"": ""3""}","British Brokers is delighted to offer for sale this stylish holiday residence in Gurulana, Ihala Bope. Located just 34km from Colombo, the property covers 14 perches, with 11 perches of front and rear garden. The home was constructed in 2021 and has been very lightly used since, with furniture in ‘as new’ condition. Enjoying beautiful paddy field views, this peaceful property comprises: 3 Bedrooms, 3 Bathrooms, Open-plan Kitchen, Spacious Dining & Sitting Room, Balcony, Entertainment Terrace, and Extensive Car Parking. With a small water stream at the edge of the property and 2-3 km from the Labugama Falls/Reservoir and Seethawaka Botanical Gardens, this ‘home away from home’ is ideal as either a weekend retreat, or a small B&B - with plenty of space to install a swimming pool. Call us now to arrange a viewing."
https://www.lankapropertyweb.com/sale/property_details-5816599.html,5816599,2026-08-10T10:31:42.786622+00:00,FOR SALE: Exceptional 10 Perch Colombo 7 Home,"View all > Houses > Apartments > Commercial > Bungalows > Villas > Studio
/ Bedsit > Warehouse > Featured developments for sale > New Beachfront Projects > Newly
built property for sale > Colonial
Houses for sale > Urgent properties for sale > Luxury
Apartments > Mid-range
Apartments > Bungalows
in Nuwara Eliya > Houses
in Battaramulla area > Commercial property for sale
in
Colombo > Hotels for Sale > Warehouses for sale > Brand
new apartment > Beachfront properties for sale > Beachfront Apartments for sale > Below Market Value properties > Sri Lanka House Price Index > Sri Lanka Land Price Index > Guide for
foreigners
buying property > All property for Rent > Houses > Apartments > Commercial > Bungalows > Annexes > Hostels > Villas > Studio
/ Bedsit > Rooms
/ Boarding Places > View All Featured Properties > Warehouses for rent > Newly built property for rent > Urgent properties to let > Short
term rentals > Office spaces in
Colombo > Co-working places > House Prices > Find All Land for Sale or Lease > Bare
Land > Beachfront
Land > Cultivated
/ Agriculture > Land
with House > Tea
Estate Land > Rubber
Estate Land > Coconut
Estate Land > Paddy
(Rice) Land > Cinnamon
Estate Land > Waterfront
Land > Featured Land Projects > Lands
in Nuwara Eliya > Investment Lands
within 1 hour of Colombo > Lands
for less than 1 lakh a perch in Western Province > Cultivation
lands within 1 hour from Colombo > Land
Prices in Greater Colombo > View All New Projects > Featured Projects > Apartment FinderNew > Featured Land Projects > Condo Directory > Property
Valuations > Legal
Assistance > Document
preparation & submission > Mortgage
Advice > Fees
& taxes payment > Personal
Assistance > Other
Services > Market
Research and Advisory > Property
Buying Advisory > Business
Buying or Selling Advisory > Property
Buying Assistance for Foreigners > Advisory on Investing
in Sri Lanka > House
Construction > Packers &
Movers > Solar Panels > Invest Home > Top Investment
Properties > Luxury
Apartments > Mid-range
Apartments > Lands and
Bungalows
in Nuwara Eliya > Houses in
Battaramulla area > Cultivation
lands > Investment Lands
within 1 hour of Colombo > Commercial
property
for sale in Colombo > Hotels for
Sale > ROI calculator > Trending Properties > Top Investment
properties > House Price Index > Land price
index > Home Loan Rates > Home
Loan Calculator > Home
Loan Comparison > Market Insights > Price Meter > Property Buying Guide > Foreign Buyers'
Guide > Capital
Gains Tax > Sri Lanka House Price Index > Sri Lanka Land Price Index > Membership Benefits > Market Outlook Report > News & Guides > View All Wanted Properties > Houses wanted > Apartments wanted > Land wanted > Commercial Buildings > Rooms wanted > Post Your
Ad > View All Agents / Agents
Directory > Promote your
property > Become an Agent > Residential
sales > Letting
Agents > Commercial
property agents > Land Sales > Buyer
& Seller Assistance > Promote
your property > View All
Businesses for
Sale > Real
Estate > Restaurant > Construction > Agriculture > Tech > Hospitality > Business > Manufacturing > Garment-Textile > Services-BPO > Maps of Sri Lanka > Area Guide > Point of
Interests > Property Buying Guide > Foreign Buyers'
Guide > Capital
Gains Tax > Sri Lanka House Price Index > Sri Lanka Land Price Index > Membership Benefits > News & Guides > About us > Careers > Contact Us > Events > FAQs > Ideal Home > Appliances &
Electronics > Furniture > Household items > Solar & Hot Water > Bathrooms > Gardening > Kitchen > Professionals > Flooring > House Construction > Lighting > Service Providers > Other Services > Home > ... > Sales > Colombo District > Colombo 7 > House > Home > ... > Sales > Colombo District > Colombo 7 > House","Bullers Lane, Colombo 7","Rs. 230,000,000





",230000000.0,True,House,4,,3500 sq.ft.,3,10 perches,Available Now,Unfurnished,15+ years,20 ft.,4.0,,3500.0,10.0,"{""Bathrooms/WCs"": ""4"", ""Agent Ref"": ""480"", ""Car parking spaces"": ""2""}","Stylish and airy, this superb Colombo 7 property is located on prestigious Bullers Lane, a residential area which is also home to many diplomatic missions. Covering 3500 sq.ft. and completed 15 years ago, the home covers 10 perches and is designed to enjoy excellent light throughout. Ranged over 3 floors and with all documentation ready for inspection, the property comprises: 4 Bedrooms (3 Ensuite), Formal Sitting Room, Dining Room, Open-plan Kitchen & Pantry, Guest Bathroom, TV Room, Rooftop Terrace, Rear Courtyard, Double Auto Roll-top Garage, and Staff Quarters. Early viewing is highly recommended. Link to Extra Pics: http://www.britbrokers.com/single-property.php?pid=480&bt=S&did=1"
https://www.lankapropertyweb.com/sale/property_details-5671540.html,5671540,2026-08-10T10:31:45.461547+00:00,FOR SALE: Wonderful 27.5 perch Nugegoda Architecturally Designed Home,"View all > Houses > Apartments > Commercial > Bungalows > Villas > Studio
/ Bedsit > Warehouse > Featured developments for sale > New Beachfront Projects > Newly
built property for sale > Colonial
Houses for sale > Urgent properties for sale > Luxury
Apartments > Mid-range
Apartments > Bungalows
in Nuwara Eliya > Houses
in Battaramulla area > Commercial property for sale
in
Colombo > Hotels for Sale > Warehouses for sale > Brand
new apartment > Beachfront properties for sale > Beachfront Apartments for sale > Below Market Value properties > Sri Lanka House Price Index > Sri Lanka Land Price Index > Guide for
foreigners
buying property > All property for Rent > Houses > Apartments > Commercial > Bungalows > Annexes > Hostels > Villas > Studio
/ Bedsit > Rooms
/ Boarding Places > View All Featured Properties > Warehouses for rent > Newly built property for rent > Urgent properties to let > Short
term rentals > Office spaces in
Colombo > Co-working places > House Prices > Find All Land for Sale or Lease > Bare
Land > Beachfront
Land > Cultivated
/ Agriculture > Land
with House > Tea
Estate Land > Rubber
Estate Land > Coconut
Estate Land > Paddy
(Rice) Land > Cinnamon
Estate Land > Waterfront
Land > Featured Land Projects > Lands
in Nuwara Eliya > Investment Lands
within 1 hour of Colombo > Lands
for less than 1 lakh a perch in Western Province > Cultivation
lands within 1 hour from Colombo > Land
Prices in Greater Colombo > View All New Projects > Featured Projects > Apartment FinderNew > Featured Land Projects > Condo Directory > Property
Valuations > Legal
Assistance > Document
preparation & submission > Mortgage
Advice > Fees
& taxes payment > Personal
Assistance > Other
Services > Market
Research and Advisory > Property
Buying Advisory > Business
Buying or Selling Advisory > Property
Buying Assistance for Foreigners > Advisory on Investing
in Sri Lanka > House
Construction > Packers &
Movers > Solar Panels > Invest Home > Top Investment
Properties > Luxury
Apartments > Mid-range
Apartments > Lands and
Bungalows
in Nuwara Eliya > Houses in
Battaramulla area > Cultivation
lands > Investment Lands
within 1 hour of Colombo > Commercial
property
for sale in Colombo > Hotels for
Sale > ROI calculator > Trending Properties > Top Investment
properties > House Price Index > Land price
index > Home Loan Rates > Home
Loan Calculator > Home
Loan Comparison > Market Insights > Price Meter > Property Buying Guide > Foreign Buyers'
Guide > Capital
Gains Tax > Sri Lanka House Price Index > Sri Lanka Land Price Index > Membership Benefits > Market Outlook Report > News & Guides > View All Wanted Properties > Houses wanted > Apartments wanted > Land wanted > Commercial Buildings > Rooms wanted > Post Your
Ad > View All Agents / Agents
Directory > Promote your
property > Become an Agent > Residential
sales > Letting
Agents > Commercial
property agents > Land Sales > Buyer
& Seller Assistance > Promote
your property > View All
Businesses for
Sale > Real
Estate > Restaurant > Construction > Agriculture > Tech > Hospitality > Business > Manufacturing > Garment-Textile > Services-BPO > Maps of Sri Lanka > Area Guide > Point of
Interests > Property Buying Guide > Foreign Buyers'
Guide > Capital
Gains Tax > Sri Lanka House Price Index > Sri Lanka Land Price Index > Membership Benefits > News & Guides > About us > Careers > Contact Us > Events > FAQs > Ideal Home > Appliances &
Electronics > Furniture > Household items > Solar & Hot Water > Bathrooms > Gardening > Kitchen > Professionals > Flooring > House Construction > Lighting > Service Providers > Other Services > Home > ... > Sales > Colombo District > Udahamulla > House > Home > ... > Sales > Colombo District > Udahamulla > House",Udahamulla,"Rs. 200,000,000


















",200000000.0,True,House,3,,4000 sq.ft.,3,27.5 perches,Available Now,,10+ years,,3.0,,4000.0,27.5,"{""Bathrooms/WCs"": ""3"", ""Agent Ref"": ""688"", ""Car parking spaces"": ""5""}","Located in Udhamulla, Nugegoda, this stunning family home is newly listed for sale. Covering 27.5 perches and situated down a private lane, the 3-storey property comprises: 3 Bedrooms (All Ensuite, 2 with Large Balconies over-looking the Garden), Two Sitting Rooms, Pantry & Outdoor Wet Kitchen, Staff Quarters, Covered Garage (Total Parking – 5 Vehicles, plus ample On-road Parking), Rooftop with 360 degree view. Secure behind a 12 foot high perimeter wall, the property is air-conditioned, and benefits from hand-picked vintage solid wood doors and windows. Call now to arrange a viewing. Link to Extra Pics: https://www.britbrokers.com/single-property.php?pid=688"
https://www.lankapropertyweb.com/sale/property_details-5911005.html,5911005,2026-08-10T10:31:48.006128+00:00,￭ Colombo 07 ￭ 05BR House For Sale ￭ (NK11292),"View all > Houses > Apartments > Commercial > Bungalows > Villas > Studio
/ Bedsit > Warehouse > Featured developments for sale > New Beachfront Projects > Newly
built property for sale > Colonial
Houses for sale > Urgent properties for sale > Luxury
Apartments > Mid-range
Apartments > Bungalows
in Nuwara Eliya > Houses
in Battaramulla area > Commercial property for sale
in
Colombo > Hotels for Sale > Warehouses for sale > Brand
new apartment > Beachfront properties for sale > Beachfront Apartments for sale > Below Market Value properties > Sri Lanka House Price Index > Sri Lanka Land Price Index > Guide for
foreigners
buying property > All property for Rent > Houses > Apartments > Commercial > Bungalows > Annexes > Hostels > Villas > Studio
/ Bedsit > Rooms
/ Boarding Places > View All Featured Properties > Warehouses for rent > Newly built property for rent > Urgent properties to let > Short
term rentals > Office spaces in
Colombo > Co-working places > House Prices > Find All Land for Sale or Lease > Bare
Land > Beachfront
Land > Cultivated
/ Agriculture > Land
with House > Tea
Estate Land > Rubber
Estate Land > Coconut
Estate Land > Paddy
(Rice) Land > Cinnamon
Estate Land > Waterfront
Land > Featured Land Projects > Lands
in Nuwara Eliya > Investment Lands
within 1 hour of Colombo > Lands
for less than 1 lakh a perch in Western Province > Cultivation
lands within 1 hour from Colombo > Land
Prices in Greater Colombo > View All New Projects > Featured Projects > Apartment FinderNew > Featured Land Projects > Condo Directory > Property
Valuations > Legal
Assistance > Document
preparation & submission > Mortgage
Advice > Fees
& taxes payment > Personal
Assistance > Other
Services > Market
Research and Advisory > Property
Buying Advisory > Business
Buying or Selling Advisory > Property
Buying Assistance for Foreigners > Advisory on Investing
in Sri Lanka > House
Construction > Packers &
Movers > Solar Panels > Invest Home > Top Investment
Properties > Luxury
Apartments > Mid-range
Apartments > Lands and
Bungalows
in Nuwara Eliya > Houses in
Battaramulla area > Cultivation
lands > Investment Lands
within 1 hour of Colombo > Commercial
property
for sale in Colombo > Hotels for
Sale > ROI calculator > Trending Properties > Top Investment
properties > House Price Index > Land price
index > Home Loan Rates > Home
Loan Calculator > Home
Loan Comparison > Market Insights > Price Meter > Property Buying Guide > Foreign Buyers'
Guide > Capital
Gains Tax > Sri Lanka House Price Index > Sri Lanka Land Price Index > Membership Benefits > Market Outlook Report > News & Guides > View All Wanted Properties > Houses wanted > Apartments wanted > Land wanted > Commercial Buildings > Rooms wanted > Post Your
Ad > View All Agents / Agents
Directory > Promote your
property > Become an Agent > Residential
sales > Letting
Agents > Commercial
property agents > Land Sales > Buyer
& Seller Assistance > Promote
your property > View All
Businesses for
Sale > Real
Estate > Restaurant > Construction > Agriculture > Tech > Hospitality > Business > Manufacturing > Garment-Textile > Services-BPO > Maps of Sri Lanka > Area Guide > Point of
Interests > Property Buying Guide > Foreign Buyers'
Guide > Capital
Gains Tax > Sri Lanka House Price Index > Sri Lanka Land Price Index > Membership Benefits > News & Guides > About us > Careers > Contact Us > Events > FAQs > Ideal Home > Appliances &
Electronics > Furniture > Household items > Solar & Hot Water > Bathrooms > Gardening > Kitchen > Professionals > Flooring > House Construction > Lighting > Service Providers > Other Services > Home > ... > Sales > Colombo District > Colombo 7 > House > Home > ... > Sales > Colombo District > Colombo 7 > House",Colombo 7,"Rs. 400,000,000


















",400000000.0,True,House,5,03 Bathrooms,4000 sq.ft.,,22.65 perches,Available Now,,,,5.0,3.0,4000.0,22.65,"{""Bathrooms/WCs"": ""3"", ""Agent Ref"": ""NK11292""}","￭ Colombo 07 ￭ 05BR House For Sale ￭ (NK11292) ￭ 4,000 Sq.Ft ￭ 22.65 Perches ￭ Two Storey House ￭ 05 Bedrooms ￭ 03 Bathrooms ￭ Unfurnished ￭ Front & Rear Gardens ￭ Domestic Quarters Available ￭ Store Room ￭ Ample Balcony Spaces ￭ Parking for 04–05 Vehicles ￭ Peaceful Residential Neighbourhood ￭ Sale Price: LKR 400,000,000/= (Negotiable) ￭ Please Mention Property Code (NK11292) When Inquiring."
https://www.lankapropertyweb.com/sale/property_details-5926637.html,5926637,2026-08-10T10:31:50.892551+00:00,Architecturally Designed Luxury Garden Residence in Thalawathugoda | SH15376,"View all > Houses > Apartments > Commercial > Bungalows > Villas > Studio
/ Bedsit > Warehouse > Featured developments for sale > New Beachfront Projects > Newly
built property for sale > Colonial
Houses for sale > Urgent properties for sale > Luxury
Apartments > Mid-range
Apartments > Bungalows
in Nuwara Eliya > Houses
in Battaramulla area > Commercial property for sale
in
Colombo > Hotels for Sale > Warehouses for sale > Brand
new apartment > Beachfront properties for sale > Beachfront Apartments for sale > Below Market Value properties > Sri Lanka House Price Index > Sri Lanka Land Price Index > Guide for
foreigners
buying property > All property for Rent > Houses > Apartments > Commercial > Bungalows > Annexes > Hostels > Villas > Studio
/ Bedsit > Rooms
/ Boarding Places > View All Featured Properties > Warehouses for rent > Newly built property for rent > Urgent properties to let > Short
term rentals > Office spaces in
Colombo > Co-working places > House Prices > Find All Land for Sale or Lease > Bare
Land > Beachfront
Land > Cultivated
/ Agriculture > Land
with House > Tea
Estate Land > Rubber
Estate Land > Coconut
Estate Land > Paddy
(Rice) Land > Cinnamon
Estate Land > Waterfront
Land > Featured Land Projects > Lands
in Nuwara Eliya > Investment Lands
within 1 hour of Colombo > Lands
for less than 1 lakh a perch in Western Province > Cultivation
lands within 1 hour from Colombo > Land
Prices in Greater Colombo > View All New Projects > Featured Projects > Apartment FinderNew > Featured Land Projects > Condo Directory > Property
Valuations > Legal
Assistance > Document
preparation & submission > Mortgage
Advice > Fees
& taxes payment > Personal
Assistance > Other
Services > Market
Research and Advisory > Property
Buying Advisory > Business
Buying or Selling Advisory > Property
Buying Assistance for Foreigners > Advisory on Investing
in Sri Lanka > House
Construction > Packers &
Movers > Solar Panels > Invest Home > Top Investment
Properties > Luxury
Apartments > Mid-range
Apartments > Lands and
Bungalows
in Nuwara Eliya > Houses in
Battaramulla area > Cultivation
lands > Investment Lands
within 1 hour of Colombo > Commercial
property
for sale in Colombo > Hotels for
Sale > ROI calculator > Trending Properties > Top Investment
properties > House Price Index > Land price
index > Home Loan Rates > Home
Loan Calculator > Home
Loan Comparison > Market Insights > Price Meter > Property Buying Guide > Foreign Buyers'
Guide > Capital
Gains Tax > Sri Lanka House Price Index > Sri Lanka Land Price Index > Membership Benefits > Market Outlook Report > News & Guides > View All Wanted Properties > Houses wanted > Apartments wanted > Land wanted > Commercial Buildings > Rooms wanted > Post Your
Ad > View All Agents / Agents
Directory > Promote your
property > Become an Agent > Residential
sales > Letting
Agents > Commercial
property agents > Land Sales > Buyer
& Seller Assistance > Promote
your property > View All
Businesses for
Sale > Real
Estate > Restaurant > Construction > Agriculture > Tech > Hospitality > Business > Manufacturing > Garment-Textile > Services-BPO > Maps of Sri Lanka > Area Guide > Point of
Interests > Property Buying Guide > Foreign Buyers'
Guide > Capital
Gains Tax > Sri Lanka House Price Index > Sri Lanka Land Price Index > Membership Benefits > News & Guides > About us > Careers > Contact Us > Events > FAQs > Ideal Home > Appliances &
Electronics > Furniture > Household items > Solar & Hot Water > Bathrooms > Gardening > Kitchen > Professionals > Flooring > House Construction > Lighting > Service Providers > Other Services > Home > ... > Sales > Colombo District > Thalawathugoda > House > Home > ... > Sales > Colombo District > Thalawathugoda > House",Thalawathugoda,"Rs. 95,000,000





",95000000.0,True,House,4,,4400 sq.ft.,,12 perches,Available Now,,,,4.0,,4400.0,12.0,"{""Bathrooms/WCs"": ""4"", ""Agent Ref"": ""SH15376""}","Our Reference No. SH15376 (Please quote this reference number when inquiring) Nestled along 1st Lane, Sirinanda Jothikarama Road, Thalawathugoda, this architecturally designed luxury garden residence offers the perfect blend of modern elegance, comfort, and peaceful living. Surrounded by lush greenery and beautifully landscaped gardens, the property provides a private sanctuary while remaining conveniently close to Colombo's key urban destinations. Designed with spacious open-plan interiors, premium timber finishes, and large windows that flood the home with natural light, this well-maintained two-storey residence offers a seamless connection between indoor and outdoor living. The thoughtfully planned layout features generous family living and dining areas, four spacious ensuite bedrooms, a beautifully landscaped garden, and multiple relaxing spaces, creating an ideal environment for both everyday family life and entertaining guests. Whether you are looking for a luxury family home, an executive residence, or a prestigious property suitable for professionals working from home, this exceptional residence offers outstanding flexibility. Its tranquil surroundings, elegant architecture, and spacious design also make it an attractive investment opportunity for a high-end long-term rental or boutique private accommodation. 𝐏𝐫𝐨𝐩𝐞𝐫𝐭𝐲 𝐅𝐞𝐚𝐭𝐮𝐫𝐞𝐬 • Total Bedrooms: 4 • Total Bathrooms:4 (All Attached) • Total Floor Area:4,400 Sq.ft • Spacious family living and dining areas • Large family living lobby on the upper floor • Entire house is fully air-conditioned • Solar hot water system installed • 10kW solar power system reducing electricity costs • Timber staircase connecting all levels • Ground floor bedroom located on the mezzanine level with attached bathroom • Beautiful garden with ample greenery, perfect for outdoor relaxation, gardening, or family gatherings • Parking for 4 vehicles (2 Covered + 2 Uncovered) 𝐎𝐭𝐡𝐞𝐫 𝐏𝐫𝐨𝐩𝐞𝐫𝐭𝐲 𝐃𝐞𝐭𝐚𝐢𝐥𝐬 • Land Extent: 12 Perches • Access Road Width: 20 ft • Access Road Condition: Tarred • Application: Residential • Electricity: Three Phase 𝐋𝐨𝐜𝐚𝐭𝐢𝐨𝐧 𝐇𝐢𝐠𝐡𝐥𝐢𝐠𝐡𝐭𝐬 • 500 m to Kalalgoda Road • 650 m to Battaramulla - Pannipitiya Road • 1.8 km to Thalawathugoda Junction • 3.3 km to Pannipitiya Junction • 6.6 km to Makumbura Highway Bus Stand • Close proximity to public transport , Banks & daily convenience Price quoted is as indicated by the owner. Genuine buyers are encouraged to make reasonable offers after inspection. We maintain a wide portfolio of houses, lands, and investment properties across Colombo and its suburbs. If this property does not fully meet your requirements, we would be happy to assist you in finding the most suitable option. • For more information, please call the advertised number."
https://www.lankapropertyweb.com/sale/property_details-5892057.html,5892057,2026-08-10T10:31:53.299292+00:00,"Brand-New Luxury Modern House for Sale - Nawala, Colombo","View all > Houses > Apartments > Commercial > Bungalows > Villas > Studio
/ Bedsit > Warehouse > Featured developments for sale > New Beachfront Projects > Newly
built property for sale > Colonial
Houses for sale > Urgent properties for sale > Luxury
Apartments > Mid-range
Apartments > Bungalows
in Nuwara Eliya > Houses
in Battaramulla area > Commercial property for sale
in
Colombo > Hotels for Sale > Warehouses for sale > Brand
new apartment > Beachfront properties for sale > Beachfront Apartments for sale > Below Market Value properties > Sri Lanka House Price Index > Sri Lanka Land Price Index > Guide for
foreigners
buying property > All property for Rent > Houses > Apartments > Commercial > Bungalows > Annexes > Hostels > Villas > Studio
/ Bedsit > Rooms
/ Boarding Places > View All Featured Properties > Warehouses for rent > Newly built property for rent > Urgent properties to let > Short
term rentals > Office spaces in
Colombo > Co-working places > House Prices > Find All Land for Sale or Lease > Bare
Land > Beachfront
Land > Cultivated
/ Agriculture > Land
with House > Tea
Estate Land > Rubber
Estate Land > Coconut
Estate Land > Paddy
(Rice) Land > Cinnamon
Estate Land > Waterfront
Land > Featured Land Projects > Lands
in Nuwara Eliya > Investment Lands
within 1 hour of Colombo > Lands
for less than 1 lakh a perch in Western Province > Cultivation
lands within 1 hour from Colombo > Land
Prices in Greater Colombo > View All New Projects > Featured Projects > Apartment FinderNew > Featured Land Projects > Condo Directory > Property
Valuations > Legal
Assistance > Document
preparation & submission > Mortgage
Advice > Fees
& taxes payment > Personal
Assistance > Other
Services > Market
Research and Advisory > Property
Buying Advisory > Business
Buying or Selling Advisory > Property
Buying Assistance for Foreigners > Advisory on Investing
in Sri Lanka > House
Construction > Packers &
Movers > Solar Panels > Invest Home > Top Investment
Properties > Luxury
Apartments > Mid-range
Apartments > Lands and
Bungalows
in Nuwara Eliya > Houses in
Battaramulla area > Cultivation
lands > Investment Lands
within 1 hour of Colombo > Commercial
property
for sale in Colombo > Hotels for
Sale > ROI calculator > Trending Properties > Top Investment
properties > House Price Index > Land price
index > Home Loan Rates > Home
Loan Calculator > Home
Loan Comparison > Market Insights > Price Meter > Property Buying Guide > Foreign Buyers'
Guide > Capital
Gains Tax > Sri Lanka House Price Index > Sri Lanka Land Price Index > Membership Benefits > Market Outlook Report > News & Guides > View All Wanted Properties > Houses wanted > Apartments wanted > Land wanted > Commercial Buildings > Rooms wanted > Post Your
Ad > View All Agents / Agents
Directory > Promote your
property > Become an Agent > Residential
sales > Letting
Agents > Commercial
property agents > Land Sales > Buyer
& Seller Assistance > Promote
your property > View All
Businesses for
Sale > Real
Estate > Restaurant > Construction > Agriculture > Tech > Hospitality > Business > Manufacturing > Garment-Textile > Services-BPO > Maps of Sri Lanka > Area Guide > Point of
Interests > Property Buying Guide > Foreign Buyers'
Guide > Capital
Gains Tax > Sri Lanka House Price Index > Sri Lanka Land Price Index > Membership Benefits > News & Guides > About us > Careers > Contact Us > Events > FAQs > Ideal Home > Appliances &
Electronics > Furniture > Household items > Solar & Hot Water > Bathrooms > Gardening > Kitchen > Professionals > Flooring > House Construction > Lighting > Service Providers > Other Services > Home > ... > Sales > Colombo District > Nawala > House > Home > ... > Sales > Colombo District > Nawala > House",Nawala,"Rs. 170,000,000





",170000000.0,True,House,4,,4113 sq.ft.,,8.93 perches,Available Now,,,,4.0,,4113.0,8.93,"{""Bathrooms/WCs"": ""3"", ""Car parking spaces"": ""2""}","Property Details This brand-new 4,113 sq. ft. residence in Nawala, set on 8.93 perches in a quiet residential neighbourhood , offers spacious interiors, premium finishes, and a perfect balance of comfort and style. Price: LKR 170,000,000 Key Features 💠 4 spacious bedrooms 💠 3 modern bathrooms 💠 Separate maid’s room and bathroom 💠 12 ft ceilings creating a bright and airy atmosphere 💠 Tall doors enhancing the home’s modern aesthetic 💠 Separate laundry room 💠 TV lounge 💠 Modern pantry with stylish cabinetry, island, built-in appliances, and double-door refrigerator 💠 Separate wet kitchen for added convenience 💠 Contemporary staircase with sleek glass railings 💠 Balconies with modern glass finishes 💠 Rooftop terrace — perfect for relaxing or entertaining guests 💠 Parking space for 2 vehicles 💠 Secure roller gate Utilities & Extras: 🔻3-phase electricity 🔻Solar-powered hot water system 🔻Two 1000L water tanks"
https://www.lankapropertyweb.com/sale/property_details-5926994.html,5926994,2026-08-10T10:31:56.505873+00:00,5 Bedroom house for sale in Ragama,"View all > Houses > Apartments > Commercial > Bungalows > Villas > Studio
/ Bedsit > Warehouse > Featured developments for sale > New Beachfront Projects > Newly
built property for sale > Colonial
Houses for sale > Urgent properties for sale > Luxury
Apartments > Mid-range
Apartments > Bungalows
in Nuwara Eliya > Houses
in Battaramulla area > Commercial property for sale
in
Colombo > Hotels for Sale > Warehouses for sale > Brand
new apartment > Beachfront properties for sale > Beachfront Apartments for sale > Below Market Value properties > Sri Lanka House Price Index > Sri Lanka Land Price Index > Guide for
foreigners
buying property > All property for Rent > Houses > Apartments > Commercial > Bungalows > Annexes > Hostels > Villas > Studio
/ Bedsit > Rooms
/ Boarding Places > View All Featured Properties > Warehouses for rent > Newly built property for rent > Urgent properties to let > Short
term rentals > Office spaces in
Colombo > Co-working places > House Prices > Find All Land for Sale or Lease > Bare
Land > Beachfront
Land > Cultivated
/ Agriculture > Land
with House > Tea
Estate Land > Rubber
Estate Land > Coconut
Estate Land > Paddy
(Rice) Land > Cinnamon
Estate Land > Waterfront
Land > Featured Land Projects > Lands
in Nuwara Eliya > Investment Lands
within 1 hour of Colombo > Lands
for less than 1 lakh a perch in Western Province > Cultivation
lands within 1 hour from Colombo > Land
Prices in Greater Colombo > View All New Projects > Featured Projects > Apartment FinderNew > Featured Land Projects > Condo Directory > Property
Valuations > Legal
Assistance > Document
preparation & submission > Mortgage
Advice > Fees
& taxes payment > Personal
Assistance > Other
Services > Market
Research and Advisory > Property
Buying Advisory > Business
Buying or Selling Advisory > Property
Buying Assistance for Foreigners > Advisory on Investing
in Sri Lanka > House
Construction > Packers &
Movers > Solar Panels > Invest Home > Top Investment
Properties > Luxury
Apartments > Mid-range
Apartments > Lands and
Bungalows
in Nuwara Eliya > Houses in
Battaramulla area > Cultivation
lands > Investment Lands
within 1 hour of Colombo > Commercial
property
for sale in Colombo > Hotels for
Sale > ROI calculator > Trending Properties > Top Investment
properties > House Price Index > Land price
index > Home Loan Rates > Home
Loan Calculator > Home
Loan Comparison > Market Insights > Price Meter > Property Buying Guide > Foreign Buyers'
Guide > Capital
Gains Tax > Sri Lanka House Price Index > Sri Lanka Land Price Index > Membership Benefits > Market Outlook Report > News & Guides > View All Wanted Properties > Houses wanted > Apartments wanted > Land wanted > Commercial Buildings > Rooms wanted > Post Your
Ad > View All Agents / Agents
Directory > Promote your
property > Become an Agent > Residential
sales > Letting
Agents > Commercial
property agents > Land Sales > Buyer
& Seller Assistance > Promote
your property > View All
Businesses for
Sale > Real
Estate > Restaurant > Construction > Agriculture > Tech > Hospitality > Business > Manufacturing > Garment-Textile > Services-BPO > Maps of Sri Lanka > Area Guide > Point of
Interests > Property Buying Guide > Foreign Buyers'
Guide > Capital
Gains Tax > Sri Lanka House Price Index > Sri Lanka Land Price Index > Membership Benefits > News & Guides > About us > Careers > Contact Us > Events > FAQs > Ideal Home > Appliances &
Electronics > Furniture > Household items > Solar & Hot Water > Bathrooms > Gardening > Kitchen > Professionals > Flooring > House Construction > Lighting > Service Providers > Other Services > Home > ... > Sales > Gampaha District > Ragama > House > Home > ... > Sales > Gampaha District > Ragama > House",Ragama,"Rs. 43,000,000
  ",43000000.0,True,House,5,2 Bathrooms,3000 sq.ft.,,,Available Now,,,,5.0,2.0,3000.0,,"{""Bathrooms/WCs"": ""3""}",Land : 10 perches House size : 3000 sq.ft. 5 Bedrooms 2 Bathrooms 1 servant toilet 2 bedrooms has wall closets Master bedroom with AC Maids washroom Full CCTV security system Roller gate Underground floor Spacious living and dining area 20ft wide road access Location 📍 1km from Colombo-Negombo road 1.5km to Ragama Hospital Less than 10 mins to Kerawalapitiya Expressway Entrance
https://www.lankapropertyweb.com/sale/property_details-5689331.html,5689331,2026-08-10T10:32:00.327529+00:00,House For Sale - Kohuwala,"View all > Houses > Apartments > Commercial > Bungalows > Villas > Studio
/ Bedsit > Warehouse > Featured developments for sale > New Beachfront Projects > Newly
built property for sale > Colonial
Houses for sale > Urgent properties for sale > Luxury
Apartments > Mid-range
Apartments > Bungalows
in Nuwara Eliya > Houses
in Battaramulla area > Commercial property for sale
in
Colombo > Hotels for Sale > Warehouses for sale > Brand
new apartment > Beachfront properties for sale > Beachfront Apartments for sale > Below Market Value properties > Sri Lanka House Price Index > Sri Lanka Land Price Index > Guide for
foreigners
buying property > All property for Rent > Houses > Apartments > Commercial > Bungalows > Annexes > Hostels > Villas > Studio
/ Bedsit > Rooms
/ Boarding Places > View All Featured Properties > Warehouses for rent > Newly built property for rent > Urgent properties to let > Short
term rentals > Office spaces in
Colombo > Co-working places > House Prices > Find All Land for Sale or Lease > Bare
Land > Beachfront
Land > Cultivated
/ Agriculture > Land
with House > Tea
Estate Land > Rubber
Estate Land > Coconut
Estate Land > Paddy
(Rice) Land > Cinnamon
Estate Land > Waterfront
Land > Featured Land Projects > Lands
in Nuwara Eliya > Investment Lands
within 1 hour of Colombo > Lands
for less than 1 lakh a perch in Western Province > Cultivation
lands within 1 hour from Colombo > Land
Prices in Greater Colombo > View All New Projects > Featured Projects > Apartment FinderNew > Featured Land Projects > Condo Directory > Property
Valuations > Legal
Assistance > Document
preparation & submission > Mortgage
Advice > Fees
& taxes payment > Personal
Assistance > Other
Services > Market
Research and Advisory > Property
Buying Advisory > Business
Buying or Selling Advisory > Property
Buying Assistance for Foreigners > Advisory on Investing
in Sri Lanka > House
Construction > Packers &
Movers > Solar Panels > Invest Home > Top Investment
Properties > Luxury
Apartments > Mid-range
Apartments > Lands and
Bungalows
in Nuwara Eliya > Houses in
Battaramulla area > Cultivation
lands > Investment Lands
within 1 hour of Colombo > Commercial
property
for sale in Colombo > Hotels for
Sale > ROI calculator > Trending Properties > Top Investment
properties > House Price Index > Land price
index > Home Loan Rates > Home
Loan Calculator > Home
Loan Comparison > Market Insights > Price Meter > Property Buying Guide > Foreign Buyers'
Guide > Capital
Gains Tax > Sri Lanka House Price Index > Sri Lanka Land Price Index > Membership Benefits > Market Outlook Report > News & Guides > View All Wanted Properties > Houses wanted > Apartments wanted > Land wanted > Commercial Buildings > Rooms wanted > Post Your
Ad > View All Agents / Agents
Directory > Promote your
property > Become an Agent > Residential
sales > Letting
Agents > Commercial
property agents > Land Sales > Buyer
& Seller Assistance > Promote
your property > View All
Businesses for
Sale > Real
Estate > Restaurant > Construction > Agriculture > Tech > Hospitality > Business > Manufacturing > Garment-Textile > Services-BPO > Maps of Sri Lanka > Area Guide > Point of
Interests > Property Buying Guide > Foreign Buyers'
Guide > Capital
Gains Tax > Sri Lanka House Price Index > Sri Lanka Land Price Index > Membership Benefits > News & Guides > About us > Careers > Contact Us > Events > FAQs > Ideal Home > Appliances &
Electronics > Furniture > Household items > Solar & Hot Water > Bathrooms > Gardening > Kitchen > Professionals > Flooring > House Construction > Lighting > Service Providers > Other Services > Home > ... > Sales > Colombo District > Kohuwala > House > Home > ... > Sales > Colombo District > Kohuwala > House","Woodlen Avenue, Kohuwala","Rs. 150,000,000


















",150000000.0,True,House,6,04 Bathrooms,5000 sq.ft.,3,21 perches,Available Now,Unfurnished,10+ years,,6.0,4.0,5000.0,21.0,"{""Bathrooms/WCs"": ""4"", ""Car parking spaces"": ""4""}",Three-Storey House for Sale - Kohuwala Located at Woodland Avenue # PROPERTY INDEX NO # Koh - 0202 Just 5 minutes from Kohuwala & Pepiliyana ✔House features: * 06 Bedrooms * 04 Bathrooms * A modern kitchen with an elegant pantry * Maid Quarters * A storeroom & a balcony area for relaxation * 4 parking spaces ✔ Special Amenities: * Roller Gate & Indoor water pond ✔ Additional Features: * Hot water * CCTV security system * Fiber connection * Outdoor garden * 3 A/C units * Pet-friendly area * Water tank Floor Area: 5000 Sq.ft. Total Price: LKR 150 Million Viewings by appointment only Call now for more information.
https://www.lankapropertyweb.com/sale/property_details-5911330.html,5911330,2026-08-10T10:32:03.716190+00:00,🏡 Spacious 5-Bedroom House for Sale – Kotikawatta,"View all > Houses > Apartments > Commercial > Bungalows > Villas > Studio
/ Bedsit > Warehouse > Featured developments for sale > New Beachfront Projects > Newly
built property for sale > Colonial
Houses for sale > Urgent properties for sale > Luxury
Apartments > Mid-range
Apartments > Bungalows
in Nuwara Eliya > Houses
in Battaramulla area > Commercial property for sale
in
Colombo > Hotels for Sale > Warehouses for sale > Brand
new apartment > Beachfront properties for sale > Beachfront Apartments for sale > Below Market Value properties > Sri Lanka House Price Index > Sri Lanka Land Price Index > Guide for
foreigners
buying property > All property for Rent > Houses > Apartments > Commercial > Bungalows > Annexes > Hostels > Villas > Studio
/ Bedsit > Rooms
/ Boarding Places > View All Featured Properties > Warehouses for rent > Newly built property for rent > Urgent properties to let > Short
term rentals > Office spaces in
Colombo > Co-working places > House Prices > Find All Land for Sale or Lease > Bare
Land > Beachfront
Land > Cultivated
/ Agriculture > Land
with House > Tea
Estate Land > Rubber
Estate Land > Coconut
Estate Land > Paddy
(Rice) Land > Cinnamon
Estate Land > Waterfront
Land > Featured Land Projects > Lands
in Nuwara Eliya > Investment Lands
within 1 hour of Colombo > Lands
for less than 1 lakh a perch in Western Province > Cultivation
lands within 1 hour from Colombo > Land
Prices in Greater Colombo > View All New Projects > Featured Projects > Apartment FinderNew > Featured Land Projects > Condo Directory > Property
Valuations > Legal
Assistance > Document
preparation & submission > Mortgage
Advice > Fees
& taxes payment > Personal
Assistance > Other
Services > Market
Research and Advisory > Property
Buying Advisory > Business
Buying or Selling Advisory > Property
Buying Assistance for Foreigners > Advisory on Investing
in Sri Lanka > House
Construction > Packers &
Movers > Solar Panels > Invest Home > Top Investment
Properties > Luxury
Apartments > Mid-range
Apartments > Lands and
Bungalows
in Nuwara Eliya > Houses in
Battaramulla area > Cultivation
lands > Investment Lands
within 1 hour of Colombo > Commercial
property
for sale in Colombo > Hotels for
Sale > ROI calculator > Trending Properties > Top Investment
properties > House Price Index > Land price
index > Home Loan Rates > Home
Loan Calculator > Home
Loan Comparison > Market Insights > Price Meter > Property Buying Guide > Foreign Buyers'
Guide > Capital
Gains Tax > Sri Lanka House Price Index > Sri Lanka Land Price Index > Membership Benefits > Market Outlook Report > News & Guides > View All Wanted Properties > Houses wanted > Apartments wanted > Land wanted > Commercial Buildings > Rooms wanted > Post Your
Ad > View All Agents / Agents
Directory > Promote your
property > Become an Agent > Residential
sales > Letting
Agents > Commercial
property agents > Land Sales > Buyer
& Seller Assistance > Promote
your property > View All
Businesses for
Sale > Real
Estate > Restaurant > Construction > Agriculture > Tech > Hospitality > Business > Manufacturing > Garment-Textile > Services-BPO > Maps of Sri Lanka > Area Guide > Point of
Interests > Property Buying Guide > Foreign Buyers'
Guide > Capital
Gains Tax > Sri Lanka House Price Index > Sri Lanka Land Price Index > Membership Benefits > News & Guides > About us > Careers > Contact Us > Events > FAQs > Ideal Home > Appliances &
Electronics > Furniture > Household items > Solar & Hot Water > Bathrooms > Gardening > Kitchen > Professionals > Flooring > House Construction > Lighting > Service Providers > Other Services > Home > ... > Sales > Colombo District > Kotikawatta > House > Home > ... > Sales > Colombo District > Kotikawatta > House","IDH Road, Kotikawatta","Rs. 78,000,000
  ",78000000.0,True,House,5,2 Bathrooms,2603 sq.ft.,2,30 perches,For Urgent Sale,,,,5.0,2.0,2603.0,30.0,"{""Bathrooms/WCs"": ""2"", ""Car parking spaces"": ""3""}","A well-maintained family home situated in a calm and highly residential neighborhood, offering easy access to major towns and essential amenities. Ideal for comfortable family living or future investment. 📍 Location Kotikawatta, Angoda Approximately 1 km to Kotikawatta Town Only 10 minutes' drive to Rajagiriya and Wellampitiya Towns Peaceful residential environment with a good neighborhood 🏠 Property Details Land Extent: 30 Perches House Size: 2,603 Sq.Ft. 5 Spacious Bedrooms 2 Bathrooms ✨ House Features Fully Tiled Floors Ceiling Finished Throughout Spacious Living Area Large Dining Area Dining Area with Air Conditioning Pantry Kitchen 3 Air-Conditioned Bedrooms Electricity & Pipe-Borne Water Garage Entire Property Secured with Boundary Walls Clear Deed This spacious property offers ample land, comfortable living spaces, and a prime location close to Colombo's key suburbs, making it an excellent choice for families or investors."
https://www.lankapropertyweb.com/sale/property_details-5925588.html,5925588,2026-08-10T10:32:07.708346+00:00,Rs 2.85 million per perch. 15.6 p in Kotte,"View all > Houses > Apartments > Commercial > Bungalows > Villas > Studio
/ Bedsit > Warehouse > Featured developments for sale > New Beachfront Projects > Newly
built property for sale > Colonial
Houses for sale > Urgent properties for sale > Luxury
Apartments > Mid-range
Apartments > Bungalows
in Nuwara Eliya > Houses
in Battaramulla area > Commercial property for sale
in
Colombo > Hotels for Sale > Warehouses for sale > Brand
new apartment > Beachfront properties for sale > Beachfront Apartments for sale > Below Market Value properties > Sri Lanka House Price Index > Sri Lanka Land Price Index > Guide for
foreigners
buying property > All property for Rent > Houses > Apartments > Commercial > Bungalows > Annexes > Hostels > Villas > Studio
/ Bedsit > Rooms
/ Boarding Places > View All Featured Properties > Warehouses for rent > Newly built property for rent > Urgent properties to let > Short
term rentals > Office spaces in
Colombo > Co-working places > House Prices > Find All Land for Sale or Lease > Bare
Land > Beachfront
Land > Cultivated
/ Agriculture > Land
with House > Tea
Estate Land > Rubber
Estate Land > Coconut
Estate Land > Paddy
(Rice) Land > Cinnamon
Estate Land > Waterfront
Land > Featured Land Projects > Lands
in Nuwara Eliya > Investment Lands
within 1 hour of Colombo > Lands
for less than 1 lakh a perch in Western Province > Cultivation
lands within 1 hour from Colombo > Land
Prices in Greater Colombo > View All New Projects > Featured Projects > Apartment FinderNew > Featured Land Projects > Condo Directory > Property
Valuations > Legal
Assistance > Document
preparation & submission > Mortgage
Advice > Fees
& taxes payment > Personal
Assistance > Other
Services > Market
Research and Advisory > Property
Buying Advisory > Business
Buying or Selling Advisory > Property
Buying Assistance for Foreigners > Advisory on Investing
in Sri Lanka > House
Construction > Packers &
Movers > Solar Panels > Invest Home > Top Investment
Properties > Luxury
Apartments > Mid-range
Apartments > Lands and
Bungalows
in Nuwara Eliya > Houses in
Battaramulla area > Cultivation
lands > Investment Lands
within 1 hour of Colombo > Commercial
property
for sale in Colombo > Hotels for
Sale > ROI calculator > Trending Properties > Top Investment
properties > House Price Index > Land price
index > Home Loan Rates > Home
Loan Calculator > Home
Loan Comparison > Market Insights > Price Meter > Property Buying Guide > Foreign Buyers'
Guide > Capital
Gains Tax > Sri Lanka House Price Index > Sri Lanka Land Price Index > Membership Benefits > Market Outlook Report > News & Guides > View All Wanted Properties > Houses wanted > Apartments wanted > Land wanted > Commercial Buildings > Rooms wanted > Post Your
Ad > View All Agents / Agents
Directory > Promote your
property > Become an Agent > Residential
sales > Letting
Agents > Commercial
property agents > Land Sales > Buyer
& Seller Assistance > Promote
your property > View All
Businesses for
Sale > Real
Estate > Restaurant > Construction > Agriculture > Tech > Hospitality > Business > Manufacturing > Garment-Textile > Services-BPO > Maps of Sri Lanka > Area Guide > Point of
Interests > Property Buying Guide > Foreign Buyers'
Guide > Capital
Gains Tax > Sri Lanka House Price Index > Sri Lanka Land Price Index > Membership Benefits > News & Guides > About us > Careers > Contact Us > Events > FAQs > Ideal Home > Appliances &
Electronics > Furniture > Household items > Solar & Hot Water > Bathrooms > Gardening > Kitchen > Professionals > Flooring > House Construction > Lighting > Service Providers > Other Services > Home > ... > Sales > Colombo District > Beddagana > House > Home > ... > Sales > Colombo District > Beddagana > House","Duwa Road, , Beddagana","Rs. 44,500,000
  ",44500000.0,True,House,4,,2500 sq.ft.,2,15.61 perches,Available Now,Unfurnished,25+ years,20 ft.,4.0,,2500.0,15.61,"{""Bathrooms/WCs"": ""2"", ""Agent Ref"": ""Malith"", ""Car parking spaces"": ""3"", ""Primary USP"": ""Quiet residential""}","Livable old house on Duwa Rd, Beddagana. Bordering reservation. Being sold for land value. Quiet residential area. Bordering wet land reservation. Property Features 3 PHASE ELECTRICITY LAWN GARDEN Explore Neighbourhood - Map View Duwa Road, , Beddagana [View on large map] Find out how much you can save with our Home Loan Calculator Buy this property for only Rs. 342,988 /month By obtaining a Home Loan through our banking partners *For a 20-year term with a 12% fixed interest rate, using the equated balance payment method. By obtaining a Home Loan through our banking partners *For a 20-year term with a 12% fixed interest rate, using the equated balance payment method. More Details Try our new price meter tool to find out the average price of a property in Beddagana Try our new price meter tool to find out the average price of a property in Beddagana PRICE METER → Contact Advertiser Ferro Trading (Pvt) Ltd Agent 94-7777... Click to view Number 94-7777... Click to view Number Mahen Perera : 94-777762552 This advertiser has been advertising with us for 10 years Request a call back Please enter your phone number to request the advertiser to call you back Send SEND Important information : This ad has been posted on LankaPropertyWeb.com by the above mentioned advertiser. LankaPropertyWeb.com does not have any connection with this advertiser, nor do we vet the advertisers, guarantee their services, responsible for the accuracy of the ad's content or are responsible for services provided by the advertisers. LankaPropertyWeb.com does not provide any service other than list the advertisements posted by advertisers. You will be contacting the advertiser (owner/agent) of this property directly. We advise you to take precaution when making any payments or signing any agreements and be alert of any possible scams. If making any payments we recommend that you have two permanent & verified methods of contact of the payment receiver such as their landline number and home/business address. Posted/Edited: 24 days ago REPORT THIS AD Find Similar Properties Rs. 31M - 57M Rs. 10K - 20K PSF 2000 - 3000 sqft View all View all View all 5 4 3000 sqft Brand New House For Sale In Malabe ( File Number 518a ) Malabe Rs. 30M 5 10 10000 sqft House For Sale In Battaramulla (file No 2756b/1) Battaramulla Rs. 100M 3 9+ 9500 sqft House for Sale - Maharagama | LKR 95,000,000 Maharagama Rs. 95M 8 4 4000 sqft (SD072)🏡 Modern 4-Bedroom Luxury House in Thalawathugoda... Thalawathugoda Rs. 40M 10 7 6806.25 sqft Furnished 7BR House for Sale in Talahena | LK... Himbutana Rs. 70M 10 5 8737 sqft House for Sale - Thalawathugoda | LKR 90,000,000 Thalawathugoda Rs. 90M 5 3 2500 sqft House For Sale In Malabe ( File Number 2734b) Malabe Rs. 26M 10 4 10000 sqft ￭ Prime Property ￭ Waragoda Road ￭ Kelaniya... Kelaniya Rs. 105M 4 4 2100 sqft House for sale in Nugegoda Nugegoda Rs. 70M Negotiable 10 3 2000 sqft 3 Bedroom House New Construction in Mount Lavinia for... Mount Lavinia Rs. 23.63M 10 4 2500 sqft Rajagiriya - Kalapaluwawa 04 Bedroom Upstair House... Rajagiriya Rs. 62M Negotiable 10 4 3000 sqft 4 Bedroom house for sales in Nugegoda for Rs. 87.5... Nugegoda Rs. 87.5M Negotiable 3 6 3000 sqft Colonial type House for sale in the Heart of Colombo 7 Colombo 7 Negotiable 10 4 3000 sqft Spacious Two-Storey House for Sale in Pitakotte Pita Kotte Rs. 60M 9 4 2800 sqft 4 Bedroom House for Sale in Park Road, Colombo 05 |... Colombo 5 Rs. 120M 5 5 2603 sqft 🏡 Spacious 5-Bedroom House for Sale – Kotikawatta Kotikawatta Rs. 78M 10 4 315 sqft 4 Bedroom luxury house in Dehiwala / Rs. 31.18 million... Dehiwala Rs. 31.19M 10 4 315 sqft Luxury 4 Br House Construction in Rajagiriya / Rs.... Rajagiriya Rs. 31.19M 10 4 315 sqft Super Luxury 4 Bedroom House Construction in Mount... Mount Lavinia Rs. 31.19M 10 4 315 sqft Super Luxury 4 Bedroom Modern House Construction in... Nugegoda Rs. 31.19M 5 3 1200 sqft House For Sale In Nugegoda ( File Number 1858a) Nugegoda Rs. 32M 5 4 3000 sqft (PH777) Two Storey 4BR House for Sale in Maharagama... Maharagama Rs. 32M 10 4 1700 sqft (MH131) House with Land for Sale in Hokandara (Land... Thalawathugoda Rs. 32.5M 10 4 2000 sqft 4 Bedrooms House For Sale in Battaramulla - PDH273 Battaramulla Rs. 32.5M VIEW ALL PROPERTIES Within Rs. 31M - 57M (411) VIEW ALL PROPERTIES Within 2,000 - 3,000 sq.ft. (818) VIEW ALL PROPERTIES Within Rs. 10K - 20K PSF (587) Next Steps for Buyers Guide to Buying a Property Legal Assistance & Document Preparation Property Valuation Help & Advisory on Buying a Property Get help applying for a Housing Loan Find a House Mover View more There is no place like home Explore everything you need to build and decorate your dream home Visit Website Be the first to know Get instant alerts on newly added Houses for sale in Beddagana – your dream property awaits! Subscribe now Create Alert Now Top Searches Houses for sale in Beddagana Apartments for sale in Beddagana Commercial property for sale in Beddagana Bungalows for sale in Beddagana Hotels for sale in Beddagana Villas for sale in Beddagana Studio/Bedsit for sale in Beddagana Featured Projects The Elizabeth Colombo 07 More Details Mon Vie More Details Marina Square More Details ASTORIA More Details Altair More Details Aarana Boutique Residencies More Details Property Saved!. Manage Favorite not saved! Try again Favorite removed! Ok Share Save Contact Advertiser Ferro Trading (Pvt) Ltd Agent View agent's properties Check Availability 94-7777... WHATSAPP EMAIL Share this property Email to a friend Messenger Whatsapp Viber X Linkedin Telegram Copy url More Share Options Ferro Trading (Pvt) Ltd Agent Please enter your details Interested in this property or want more details? Fill out the form below, and the advertiser will get in touch with you shortly! SUBMIT CALL CHAT Report this AD Please select a reason Not a property ad Property not available anymore No such property Incorrect contact details Advertiser unresponsive Unrealistic price Image on ad is not that of property Spam Scam/Fake ad Other Submit Please Enter Your Details To view the seller's number, please enter your name, email and contact number. This will help the seller follow up on your inquiry. Show Phone Number Ferro Trading (Pvt) Ltd Agent Mahen Perera 94-777762552 Call Now Ferro Trading (Pvt) Ltd Agent Mahen Perera 94-777762552 WhatsApp Find your favourite properties from the top of the page Click on the star icon to view your favourite ads LankaProperty web - Email property to a friend Send Email Please Enter Your Details To contact the advertiser on whatsapp, please enter your name, email and contact number. This will help the seller follow up on your inquiry. WHATSAPP Navigation Home Sales Rentals Land Featured Projects Ideal Home Post your ad Wanted Find Agent Our Services Market Insights House Price Index Invest Land Price Index Businesses for Sale Home Loan Comparison Property Buying Guide Maps News & Guides Become a Member Login All ads Features & Tools Home Loan Calculator Location Guide Trending Properties Price Meter Top Investment Properties Below Market Value Properties Email Alerts Market Outlook Report ROI Calculator Country Sri Lanka Maldives USA About Help Contact Us About Us Terms and Conditions Privacy Policy Careers Events Follow us on Social Media Subscribe to our newsletter You have successfully signed up for our newsletter Subscribe © Copyright LankaPropertyWeb.com, lpw.lk 2026 | All Rights Reserved × Newsletter You have successfully signed up for our newsletter Close Save Properties in Your Account × View saved properties Keep search history across devices See which properties you have contacted Continue with Google OR Login By registering you accept our Terms & Conditions and our privacy policy ."
https://www.lankapropertyweb.com/sale/property_details-5917390.html,5917390,2026-08-10T10:32:10.693426+00:00,FOR SALE: Delightful 12P Kotte Family House,"View all > Houses > Apartments > Commercial > Bungalows > Villas > Studio
/ Bedsit > Warehouse > Featured developments for sale > New Beachfront Projects > Newly
built property for sale > Colonial
Houses for sale > Urgent properties for sale > Luxury
Apartments > Mid-range
Apartments > Bungalows
in Nuwara Eliya > Houses
in Battaramulla area > Commercial property for sale
in
Colombo > Hotels for Sale > Warehouses for sale > Brand
new apartment > Beachfront properties for sale > Beachfront Apartments for sale > Below Market Value properties > Sri Lanka House Price Index > Sri Lanka Land Price Index > Guide for
foreigners
buying property > All property for Rent > Houses > Apartments > Commercial > Bungalows > Annexes > Hostels > Villas > Studio
/ Bedsit > Rooms
/ Boarding Places > View All Featured Properties > Warehouses for rent > Newly built property for rent > Urgent properties to let > Short
term rentals > Office spaces in
Colombo > Co-working places > House Prices > Find All Land for Sale or Lease > Bare
Land > Beachfront
Land > Cultivated
/ Agriculture > Land
with House > Tea
Estate Land > Rubber
Estate Land > Coconut
Estate Land > Paddy
(Rice) Land > Cinnamon
Estate Land > Waterfront
Land > Featured Land Projects > Lands
in Nuwara Eliya > Investment Lands
within 1 hour of Colombo > Lands
for less than 1 lakh a perch in Western Province > Cultivation
lands within 1 hour from Colombo > Land
Prices in Greater Colombo > View All New Projects > Featured Projects > Apartment FinderNew > Featured Land Projects > Condo Directory > Property
Valuations > Legal
Assistance > Document
preparation & submission > Mortgage
Advice > Fees
& taxes payment > Personal
Assistance > Other
Services > Market
Research and Advisory > Property
Buying Advisory > Business
Buying or Selling Advisory > Property
Buying Assistance for Foreigners > Advisory on Investing
in Sri Lanka > House
Construction > Packers &
Movers > Solar Panels > Invest Home > Top Investment
Properties > Luxury
Apartments > Mid-range
Apartments > Lands and
Bungalows
in Nuwara Eliya > Houses in
Battaramulla area > Cultivation
lands > Investment Lands
within 1 hour of Colombo > Commercial
property
for sale in Colombo > Hotels for
Sale > ROI calculator > Trending Properties > Top Investment
properties > House Price Index > Land price
index > Home Loan Rates > Home
Loan Calculator > Home
Loan Comparison > Market Insights > Price Meter > Property Buying Guide > Foreign Buyers'
Guide > Capital
Gains Tax > Sri Lanka House Price Index > Sri Lanka Land Price Index > Membership Benefits > Market Outlook Report > News & Guides > View All Wanted Properties > Houses wanted > Apartments wanted > Land wanted > Commercial Buildings > Rooms wanted > Post Your
Ad > View All Agents / Agents
Directory > Promote your
property > Become an Agent > Residential
sales > Letting
Agents > Commercial
property agents > Land Sales > Buyer
& Seller Assistance > Promote
your property > View All
Businesses for
Sale > Real
Estate > Restaurant > Construction > Agriculture > Tech > Hospitality > Business > Manufacturing > Garment-Textile > Services-BPO > Maps of Sri Lanka > Area Guide > Point of
Interests > Property Buying Guide > Foreign Buyers'
Guide > Capital
Gains Tax > Sri Lanka House Price Index > Sri Lanka Land Price Index > Membership Benefits > News & Guides > About us > Careers > Contact Us > Events > FAQs > Ideal Home > Appliances &
Electronics > Furniture > Household items > Solar & Hot Water > Bathrooms > Gardening > Kitchen > Professionals > Flooring > House Construction > Lighting > Service Providers > Other Services > Home > ... > Sales > Colombo District > Madiwela > House > Home > ... > Sales > Colombo District > Madiwela > House",Madiwela,"Rs. 95,000,000





",95000000.0,True,House,4,,3000 sq.ft.,3,12 perches,Available Now,Unfurnished,20+ years,16 ft.,4.0,,3000.0,12.0,"{""Bathrooms/WCs"": ""4"", ""Agent Ref"": ""801"", ""Car parking spaces"": ""3""}","Located in a quiet residential street of Madiwela, Kotte, this fabulously-presented property is offered for immediate sale. Covering 12 perches, the 20-year-old fully air-conditioned house has been beautifully maintained and benefits from an excellent layout which can be enjoyed as one large family home or easily utilized as two independent living units with separate entrances. Sold with or without stylish furniture, the property comprises: 4 Bedrooms (All Ensuite), Formal Sitting & Dining Room Reception Rooms, Kitchen & Pantry, Utility Room, Staff Quarters, First Floor Pantry, Spacious Family Room & Dining Area, Rooftop Entertainment Terrace, Compact Rear Garden/Courtyard, Auto Roll-top Garage (3 Vehicles), and Driver’s Room & Bathroom. The house benefits from the installation of a full security alarm system with CCTV. Local Amenities: •	600m to Kotte Junction •	400m to Keells Pita Kotte •	100m to Ceypeto Petrol Station Call NOW to arrange a viewing. Price: 95m (Unfurnished) 98m (Furnished)"
https://www.lankapropertyweb.com/sale/property_details-5911505.html,5911505,2026-08-10T10:32:14.089350+00:00,House for Sale in Maligawatte- Colombo 10,"View all > Houses > Apartments > Commercial > Bungalows > Villas > Studio
/ Bedsit > Warehouse > Featured developments for sale > New Beachfront Projects > Newly
built property for sale > Colonial
Houses for sale > Urgent properties for sale > Luxury
Apartments > Mid-range
Apartments > Bungalows
in Nuwara Eliya > Houses
in Battaramulla area > Commercial property for sale
in
Colombo > Hotels for Sale > Warehouses for sale > Brand
new apartment > Beachfront properties for sale > Beachfront Apartments for sale > Below Market Value properties > Sri Lanka House Price Index > Sri Lanka Land Price Index > Guide for
foreigners
buying property > All property for Rent > Houses > Apartments > Commercial > Bungalows > Annexes > Hostels > Villas > Studio
/ Bedsit > Rooms
/ Boarding Places > View All Featured Properties > Warehouses for rent > Newly built property for rent > Urgent properties to let > Short
term rentals > Office spaces in
Colombo > Co-working places > House Prices > Find All Land for Sale or Lease > Bare
Land > Beachfront
Land > Cultivated
/ Agriculture > Land
with House > Tea
Estate Land > Rubber
Estate Land > Coconut
Estate Land > Paddy
(Rice) Land > Cinnamon
Estate Land > Waterfront
Land > Featured Land Projects > Lands
in Nuwara Eliya > Investment Lands
within 1 hour of Colombo > Lands
for less than 1 lakh a perch in Western Province > Cultivation
lands within 1 hour from Colombo > Land
Prices in Greater Colombo > View All New Projects > Featured Projects > Apartment FinderNew > Featured Land Projects > Condo Directory > Property
Valuations > Legal
Assistance > Document
preparation & submission > Mortgage
Advice > Fees
& taxes payment > Personal
Assistance > Other
Services > Market
Research and Advisory > Property
Buying Advisory > Business
Buying or Selling Advisory > Property
Buying Assistance for Foreigners > Advisory on Investing
in Sri Lanka > House
Construction > Packers &
Movers > Solar Panels > Invest Home > Top Investment
Properties > Luxury
Apartments > Mid-range
Apartments > Lands and
Bungalows
in Nuwara Eliya > Houses in
Battaramulla area > Cultivation
lands > Investment Lands
within 1 hour of Colombo > Commercial
property
for sale in Colombo > Hotels for
Sale > ROI calculator > Trending Properties > Top Investment
properties > House Price Index > Land price
index > Home Loan Rates > Home
Loan Calculator > Home
Loan Comparison > Market Insights > Price Meter > Property Buying Guide > Foreign Buyers'
Guide > Capital
Gains Tax > Sri Lanka House Price Index > Sri Lanka Land Price Index > Membership Benefits > Market Outlook Report > News & Guides > View All Wanted Properties > Houses wanted > Apartments wanted > Land wanted > Commercial Buildings > Rooms wanted > Post Your
Ad > View All Agents / Agents
Directory > Promote your
property > Become an Agent > Residential
sales > Letting
Agents > Commercial
property agents > Land Sales > Buyer
& Seller Assistance > Promote
your property > View All
Businesses for
Sale > Real
Estate > Restaurant > Construction > Agriculture > Tech > Hospitality > Business > Manufacturing > Garment-Textile > Services-BPO > Maps of Sri Lanka > Area Guide > Point of
Interests > Property Buying Guide > Foreign Buyers'
Guide > Capital
Gains Tax > Sri Lanka House Price Index > Sri Lanka Land Price Index > Membership Benefits > News & Guides > About us > Careers > Contact Us > Events > FAQs > Ideal Home > Appliances &
Electronics > Furniture > Household items > Solar & Hot Water > Bathrooms > Gardening > Kitchen > Professionals > Flooring > House Construction > Lighting > Service Providers > Other Services > Home > ... > Sales > Colombo District > Colombo 10 > House > Home > ... > Sales > Colombo District > Colombo 10 > House","Bodhirajarama mawatha , maligawatte, Colombo 10","Rs. 18,000,000
  ",18000000.0,True,House,3,1 Bathroom,1000 sq.ft.,,4 perches,Available Now,,,,3.0,1.0,1000.0,4.0,"{""Bathrooms/WCs"": ""1""}","A great opportunity to own a conveniently located home in the heart of Colombo, with easy access to major roads, transport links, and key landmarks. 📍 Prime Location Located in Colombo 10 Close to the Expressway Entrance Near R. Premadasa International Cricket Stadium Easy access to the Colombo–Kandy Main Road Close to the Colombo–Avissawella Main Road 🏠 Property Details Land Extent: 4 Perches 3 Bedrooms 1 Bathroom Ideal for family living or investment ✨ Highlights Centrally located with excellent connectivity Close to schools, supermarkets, hospitals, and public transport Convenient access to Colombo city and surrounding suburbs A valuable residential property in a highly sought-after location with excellent accessibility and future investment potential."
https://www.lankapropertyweb.com/sale/property_details-5808954.html,5808954,2026-08-10T10:32:17.454065+00:00,FOR SALE: Beautiful Colombo 5 Family Home with Pool,"View all > Houses > Apartments > Commercial > Bungalows > Villas > Studio
/ Bedsit > Warehouse > Featured developments for sale > New Beachfront Projects > Newly
built property for sale > Colonial
Houses for sale > Urgent properties for sale > Luxury
Apartments > Mid-range
Apartments > Bungalows
in Nuwara Eliya > Houses
in Battaramulla area > Commercial property for sale
in
Colombo > Hotels for Sale > Warehouses for sale > Brand
new apartment > Beachfront properties for sale > Beachfront Apartments for sale > Below Market Value properties > Sri Lanka House Price Index > Sri Lanka Land Price Index > Guide for
foreigners
buying property > All property for Rent > Houses > Apartments > Commercial > Bungalows > Annexes > Hostels > Villas > Studio
/ Bedsit > Rooms
/ Boarding Places > View All Featured Properties > Warehouses for rent > Newly built property for rent > Urgent properties to let > Short
term rentals > Office spaces in
Colombo > Co-working places > House Prices > Find All Land for Sale or Lease > Bare
Land > Beachfront
Land > Cultivated
/ Agriculture > Land
with House > Tea
Estate Land > Rubber
Estate Land > Coconut
Estate Land > Paddy
(Rice) Land > Cinnamon
Estate Land > Waterfront
Land > Featured Land Projects > Lands
in Nuwara Eliya > Investment Lands
within 1 hour of Colombo > Lands
for less than 1 lakh a perch in Western Province > Cultivation
lands within 1 hour from Colombo > Land
Prices in Greater Colombo > View All New Projects > Featured Projects > Apartment FinderNew > Featured Land Projects > Condo Directory > Property
Valuations > Legal
Assistance > Document
preparation & submission > Mortgage
Advice > Fees
& taxes payment > Personal
Assistance > Other
Services > Market
Research and Advisory > Property
Buying Advisory > Business
Buying or Selling Advisory > Property
Buying Assistance for Foreigners > Advisory on Investing
in Sri Lanka > House
Construction > Packers &
Movers > Solar Panels > Invest Home > Top Investment
Properties > Luxury
Apartments > Mid-range
Apartments > Lands and
Bungalows
in Nuwara Eliya > Houses in
Battaramulla area > Cultivation
lands > Investment Lands
within 1 hour of Colombo > Commercial
property
for sale in Colombo > Hotels for
Sale > ROI calculator > Trending Properties > Top Investment
properties > House Price Index > Land price
index > Home Loan Rates > Home
Loan Calculator > Home
Loan Comparison > Market Insights > Price Meter > Property Buying Guide > Foreign Buyers'
Guide > Capital
Gains Tax > Sri Lanka House Price Index > Sri Lanka Land Price Index > Membership Benefits > Market Outlook Report > News & Guides > View All Wanted Properties > Houses wanted > Apartments wanted > Land wanted > Commercial Buildings > Rooms wanted > Post Your
Ad > View All Agents / Agents
Directory > Promote your
property > Become an Agent > Residential
sales > Letting
Agents > Commercial
property agents > Land Sales > Buyer
& Seller Assistance > Promote
your property > View All
Businesses for
Sale > Real
Estate > Restaurant > Construction > Agriculture > Tech > Hospitality > Business > Manufacturing > Garment-Textile > Services-BPO > Maps of Sri Lanka > Area Guide > Point of
Interests > Property Buying Guide > Foreign Buyers'
Guide > Capital
Gains Tax > Sri Lanka House Price Index > Sri Lanka Land Price Index > Membership Benefits > News & Guides > About us > Careers > Contact Us > Events > FAQs > Ideal Home > Appliances &
Electronics > Furniture > Household items > Solar & Hot Water > Bathrooms > Gardening > Kitchen > Professionals > Flooring > House Construction > Lighting > Service Providers > Other Services > Home > ... > Sales > Colombo District > Colombo 5 > House > Home > ... > Sales > Colombo District > Colombo 5 > House",Colombo 5,"Rs. 250,000,000


















",250000000.0,True,House,4,3 Bathrooms,5000 sq.ft.,2,19 perches,Available Now,Unfurnished,15+ years,30 ft.,4.0,3.0,5000.0,19.0,"{""Bathrooms/WCs"": ""3"", ""Agent Ref"": ""751"", ""Car parking spaces"": ""2""}","British Brokers is delighted to offer this attractive Colombo 5 family home for sale. Situated in the highly residential area of Polhengoda, the 5000 sq.ft. property covers 19 perches of land. The house, on a 30 foot wide road, is very well-appointed with high quality windows and French doors throughout. Benefiting from Solar coverage, the property comprises: 4 Bedrooms (1 Ensuite / 3 with Balconies), 3 Bathrooms, Open-plan Kitchen, Pantry, Dining Room, Large Formal Sitting Room, Family Room, 40 ft. Swimming Pool, Garden, Staff Quarters, Utility Area, and 2 Car Automatic Roll-top Garage. Call now to arrange a viewing. Link to Extra Pics: http://www.britbrokers.com/single-property.php?pid=751&bt=S&did=1"
https://www.lankapropertyweb.com/sale/property_details-5457702.html,5457702,2026-08-10T10:32:19.752206+00:00,"4 Bedroom up stair House for sale in Swarna Road, Wellawatta, Colombo 6. Rs 69.5 million","View all > Houses > Apartments > Commercial > Bungalows > Villas > Studio
/ Bedsit > Warehouse > Featured developments for sale > New Beachfront Projects > Newly
built property for sale > Colonial
Houses for sale > Urgent properties for sale > Luxury
Apartments > Mid-range
Apartments > Bungalows
in Nuwara Eliya > Houses
in Battaramulla area > Commercial property for sale
in
Colombo > Hotels for Sale > Warehouses for sale > Brand
new apartment > Beachfront properties for sale > Beachfront Apartments for sale > Below Market Value properties > Sri Lanka House Price Index > Sri Lanka Land Price Index > Guide for
foreigners
buying property > All property for Rent > Houses > Apartments > Commercial > Bungalows > Annexes > Hostels > Villas > Studio
/ Bedsit > Rooms
/ Boarding Places > View All Featured Properties > Warehouses for rent > Newly built property for rent > Urgent properties to let > Short
term rentals > Office spaces in
Colombo > Co-working places > House Prices > Find All Land for Sale or Lease > Bare
Land > Beachfront
Land > Cultivated
/ Agriculture > Land
with House > Tea
Estate Land > Rubber
Estate Land > Coconut
Estate Land > Paddy
(Rice) Land > Cinnamon
Estate Land > Waterfront
Land > Featured Land Projects > Lands
in Nuwara Eliya > Investment Lands
within 1 hour of Colombo > Lands
for less than 1 lakh a perch in Western Province > Cultivation
lands within 1 hour from Colombo > Land
Prices in Greater Colombo > View All New Projects > Featured Projects > Apartment FinderNew > Featured Land Projects > Condo Directory > Property
Valuations > Legal
Assistance > Document
preparation & submission > Mortgage
Advice > Fees
& taxes payment > Personal
Assistance > Other
Services > Market
Research and Advisory > Property
Buying Advisory > Business
Buying or Selling Advisory > Property
Buying Assistance for Foreigners > Advisory on Investing
in Sri Lanka > House
Construction > Packers &
Movers > Solar Panels > Invest Home > Top Investment
Properties > Luxury
Apartments > Mid-range
Apartments > Lands and
Bungalows
in Nuwara Eliya > Houses in
Battaramulla area > Cultivation
lands > Investment Lands
within 1 hour of Colombo > Commercial
property
for sale in Colombo > Hotels for
Sale > ROI calculator > Trending Properties > Top Investment
properties > House Price Index > Land price
index > Home Loan Rates > Home
Loan Calculator > Home
Loan Comparison > Market Insights > Price Meter > Property Buying Guide > Foreign Buyers'
Guide > Capital
Gains Tax > Sri Lanka House Price Index > Sri Lanka Land Price Index > Membership Benefits > Market Outlook Report > News & Guides > View All Wanted Properties > Houses wanted > Apartments wanted > Land wanted > Commercial Buildings > Rooms wanted > Post Your
Ad > View All Agents / Agents
Directory > Promote your
property > Become an Agent > Residential
sales > Letting
Agents > Commercial
property agents > Land Sales > Buyer
& Seller Assistance > Promote
your property > View All
Businesses for
Sale > Real
Estate > Restaurant > Construction > Agriculture > Tech > Hospitality > Business > Manufacturing > Garment-Textile > Services-BPO > Maps of Sri Lanka > Area Guide > Point of
Interests > Property Buying Guide > Foreign Buyers'
Guide > Capital
Gains Tax > Sri Lanka House Price Index > Sri Lanka Land Price Index > Membership Benefits > News & Guides > About us > Careers > Contact Us > Events > FAQs > Ideal Home > Appliances &
Electronics > Furniture > Household items > Solar & Hot Water > Bathrooms > Gardening > Kitchen > Professionals > Flooring > House Construction > Lighting > Service Providers > Other Services > Home > ... > Sales > Colombo District > Colombo 6 > House > Home > ... > Sales > Colombo District > Colombo 6 > House","Swarna Road, Colombo 6","Rs. 69,500,000
  ",69500000.0,True,House,4,,1850 sq.ft.,2,8.7 perches,For Urgent Sale,Unfurnished,25+ years,40 ft.,4.0,,1850.0,8.7,"{""Bathrooms/WCs"": ""4"", ""Agent Ref"": ""#Jay"", ""Car parking spaces"": ""2""}","4 Bedroom 1850 sqft Upstair house for sale in Swarna Road, Wellawatte Colombo 6. 8.7 perches. Rs. 69.5 million. Property Features MAINLINE WATER GARAGE MAID'S TOILET Explore Neighbourhood - Map View Swarna Road, Colombo 6 [View on large map] Find out how much you can save with our Home Loan Calculator Apply now for a home loan More Details Property prices in Colombo 6 Buy Rent Average Sale Price is Rs. 40,518 Per SQ.FT. PRICE TRENDS → 5.7% Price decreased compared to last year Try our new price meter tool to find out the average price of a property in Colombo 6 Try our new price meter tool to find out the average price of a property in Colombo 6 PRICE METER → Contact Advertiser Ferro Trading (Pvt) Ltd Agent 94-7777... Click to view Number 94-7777... Click to view Number Mahen Perera : 94-777762552 This advertiser has been advertising with us for 10 years Request a call back Please enter your phone number to request the advertiser to call you back Send SEND Important information : This ad has been posted on LankaPropertyWeb.com by the above mentioned advertiser. LankaPropertyWeb.com does not have any connection with this advertiser, nor do we vet the advertisers, guarantee their services, responsible for the accuracy of the ad's content or are responsible for services provided by the advertisers. LankaPropertyWeb.com does not provide any service other than list the advertisements posted by advertisers. You will be contacting the advertiser (owner/agent) of this property directly. We advise you to take precaution when making any payments or signing any agreements and be alert of any possible scams. If making any payments we recommend that you have two permanent & verified methods of contact of the payment receiver such as their landline number and home/business address. Posted/Edited: 46 days ago REPORT THIS AD Find Similar Properties Rs. 59M - 79M Rs. 30K - 40K PSF 1000 - 2000 sqft Colombo 6 View all View all View all View all 9 5 2200 sqft 5BR Hous For Sale Kohuwala (NK10894) Kohuwala Rs. 66M 5 6 5000 sqft House For Sale - Kohuwala Kohuwala Rs. 150M 3 3 2500 sqft ￭ House with Annex ￭ 03 Bedroom House ￭ For... Colombo 5 Rs. 75M 8 3 2000 sqft House for sale in Kalubowila Kalubowila Rs. 60M 6 6 5500 sqft 16.25 Perches House for Sale - HL48046 Kalubowila Rs. 165M Negotiable 10 7 4000 sqft 06 Perches - Unfurnished House for Sale - HL53435 Kalubowila Rs. 120M Negotiable 5 4 2800 sqft 4 Bedroom House for Sale in Colombo 6 Colombo 6 Rs. 85M 9 3 2800 sqft Colombo 6 - prime property for sale Colombo 6 Rs. 85M 10 3 2000 sqft Super Luxury 3 Bedroom House Construction in Kohuwala... Kohuwala Rs. 23.63M 10 4 2000 sqft 10 Perches Unfurnished House for Sale - HL54200 Kohuwala Rs. 160M 10 3 2000 sqft Ultra Modern 3 Bedroom House Construction in Nawala... Nawala Rs. 23.63M 1 3 1900 sqft For Sale — 3BR House | 7 Perches | Colombo 3 Colombo 3 Rs. 129.5M 8 3 1800 sqft 3 Bedroom House for Sale in Colombo 5, S1876 Colombo 5 Rs. 95M 2 1650 sqft House for sale in Colombo 3 Colombo 3 Rs. 300M Negotiable 7 2 1500 sqft House for Sale in Highly Residential area , Colombo 06 Colombo 6 Rs. 65M 10 6 4737 sqft 6 Bedroom house for sales in Colombo 6 for Rs. 300... Colombo 6 Rs. 300M Negotiable 4 5 4400 sqft Luxury Three storey 5 Bedroom House for Sale in Colombo... Colombo 6 Rs. 185M Negotiable 8 4 2700 sqft Colonial type 4 bedroom house| COLOMBO 5 Border| Colombo 6 Rs. 123M 10 13 9000 sqft Land with Building For Sale in Colombo 06 [HS 17] Colombo 6 Rs. 325M 2 5 3000 sqft House For Sale In Colombo-06. Colombo 6 Rs. 273M Negotiable 3 5 4000 sqft 5-Bedroom House for Sale | Colombo 06 Colombo 6 8 5 3600 sqft (SE1720)🏡✨ Prime Luxury Residence with Two Annexes... Colombo 6 Rs. 270M 10 4 4000 sqft Two-Storey House for Sale in Nawala (SH 14865) Nawala Rs. 60M 10 4 2200 sqft 4.8 Perches Unfurnished House for Sale - HL54002 Kalubowila Rs. 60M 10 4 3500 sqft Kohuwala Pamankada Saranankara Road 3500sqft 4 bed... Kohuwala Rs. 60M Negotiable 8 3 2000 sqft House for sale in Kalubowila Kalubowila Rs. 60M 7 3 2450 sqft Nawala Rs. 60M 10 5 4000 sqft 5 BR House For Sale in Nawala - PDH243 Nawala Rs. 60M 4 2 1500 sqft 10 Perches Land for Sale Colombo 6 Colombo 6 Rs. 63M 7 4 2700 sqft 7 Perch Luxury 4BR House for Sale in Nawala | LKR 65... Nawala Rs. 65M VIEW ALL PROPERTIES Within Rs. 59M - 79M (38) VIEW ALL PROPERTIES FOR sale in Colombo 6 (76) VIEW ALL PROPERTIES Within 1,000 - 2,000 sq.ft. (49) VIEW ALL PROPERTIES Within Rs. 30K - 40K PSF (85) Next Steps for Buyers Guide to Buying a Property Legal Assistance & Document Preparation Property Valuation Help & Advisory on Buying a Property Get help applying for a Housing Loan Find a House Mover View more There is no place like home Explore everything you need to build and decorate your dream home Visit Website Be the first to know Get instant alerts on newly added Houses for sale in Colombo 6 – your dream property awaits! Subscribe now Create Alert Now Top Searches Houses for sale in Colombo 6 Apartments for sale in Colombo 6 Commercial property for sale in Colombo 6 Bungalows for sale in Colombo 6 Hotels for sale in Colombo 6 Villas for sale in Colombo 6 Studio/Bedsit for sale in Colombo 6 Featured Projects The Elizabeth Colombo 07 More Details Mon Vie More Details Marina Square More Details ASTORIA More Details Altair More Details Aarana Boutique Residencies More Details Property Saved!. Manage Favorite not saved! Try again Favorite removed! Ok Share Save Contact Advertiser Ferro Trading (Pvt) Ltd Agent View agent's properties Check Availability 94-7777... WHATSAPP EMAIL Share this property Email to a friend Messenger Whatsapp Viber X Linkedin Telegram Copy url More Share Options Ferro Trading (Pvt) Ltd Agent Please enter your details Interested in this property or want more details? Fill out the form below, and the advertiser will get in touch with you shortly! SUBMIT CALL CHAT Report this AD Please select a reason Not a property ad Property not available anymore No such property Incorrect contact details Advertiser unresponsive Unrealistic price Image on ad is not that of property Spam Scam/Fake ad Other Submit Please Enter Your Details To view the seller's number, please enter your name, email and contact number. This will help the seller follow up on your inquiry. Show Phone Number Ferro Trading (Pvt) Ltd Agent Mahen Perera 94-777762552 Call Now Ferro Trading (Pvt) Ltd Agent Mahen Perera 94-777762552 WhatsApp Find your favourite properties from the top of the page Click on the star icon to view your favourite ads LankaProperty web - Email property to a friend Send Email Please Enter Your Details To contact the advertiser on whatsapp, please enter your name, email and contact number. This will help the seller follow up on your inquiry. WHATSAPP Navigation Home Sales Rentals Land Featured Projects Ideal Home Post your ad Wanted Find Agent Our Services Market Insights House Price Index Invest Land Price Index Businesses for Sale Home Loan Comparison Property Buying Guide Maps News & Guides Become a Member Login All ads Features & Tools Home Loan Calculator Location Guide Trending Properties Price Meter Top Investment Properties Below Market Value Properties Email Alerts Market Outlook Report ROI Calculator Country Sri Lanka Maldives USA About Help Contact Us About Us Terms and Conditions Privacy Policy Careers Events Follow us on Social Media Subscribe to our newsletter You have successfully signed up for our newsletter Subscribe © Copyright LankaPropertyWeb.com, lpw.lk 2026 | All Rights Reserved × Newsletter You have successfully signed up for our newsletter Close Save Properties in Your Account × View saved properties Keep search history across devices See which properties you have contacted Continue with Google OR Login By registering you accept our Terms & Conditions and our privacy policy ."
https://www.lankapropertyweb.com/sale/property_details-5920205.html,5920205,2026-08-10T10:32:23.124179+00:00,Luxury House for Sale in the Heart of Colombo No 20 Mahasen Mawatha Colombo 5,"View all > Houses > Apartments > Commercial > Bungalows > Villas > Studio
/ Bedsit > Warehouse > Featured developments for sale > New Beachfront Projects > Newly
built property for sale > Colonial
Houses for sale > Urgent properties for sale > Luxury
Apartments > Mid-range
Apartments > Bungalows
in Nuwara Eliya > Houses
in Battaramulla area > Commercial property for sale
in
Colombo > Hotels for Sale > Warehouses for sale > Brand
new apartment > Beachfront properties for sale > Beachfront Apartments for sale > Below Market Value properties > Sri Lanka House Price Index > Sri Lanka Land Price Index > Guide for
foreigners
buying property > All property for Rent > Houses > Apartments > Commercial > Bungalows > Annexes > Hostels > Villas > Studio
/ Bedsit > Rooms
/ Boarding Places > View All Featured Properties > Warehouses for rent > Newly built property for rent > Urgent properties to let > Short
term rentals > Office spaces in
Colombo > Co-working places > House Prices > Find All Land for Sale or Lease > Bare
Land > Beachfront
Land > Cultivated
/ Agriculture > Land
with House > Tea
Estate Land > Rubber
Estate Land > Coconut
Estate Land > Paddy
(Rice) Land > Cinnamon
Estate Land > Waterfront
Land > Featured Land Projects > Lands
in Nuwara Eliya > Investment Lands
within 1 hour of Colombo > Lands
for less than 1 lakh a perch in Western Province > Cultivation
lands within 1 hour from Colombo > Land
Prices in Greater Colombo > View All New Projects > Featured Projects > Apartment FinderNew > Featured Land Projects > Condo Directory > Property
Valuations > Legal
Assistance > Document
preparation & submission > Mortgage
Advice > Fees
& taxes payment > Personal
Assistance > Other
Services > Market
Research and Advisory > Property
Buying Advisory > Business
Buying or Selling Advisory > Property
Buying Assistance for Foreigners > Advisory on Investing
in Sri Lanka > House
Construction > Packers &
Movers > Solar Panels > Invest Home > Top Investment
Properties > Luxury
Apartments > Mid-range
Apartments > Lands and
Bungalows
in Nuwara Eliya > Houses in
Battaramulla area > Cultivation
lands > Investment Lands
within 1 hour of Colombo > Commercial
property
for sale in Colombo > Hotels for
Sale > ROI calculator > Trending Properties > Top Investment
properties > House Price Index > Land price
index > Home Loan Rates > Home
Loan Calculator > Home
Loan Comparison > Market Insights > Price Meter > Property Buying Guide > Foreign Buyers'
Guide > Capital
Gains Tax > Sri Lanka House Price Index > Sri Lanka Land Price Index > Membership Benefits > Market Outlook Report > News & Guides > View All Wanted Properties > Houses wanted > Apartments wanted > Land wanted > Commercial Buildings > Rooms wanted > Post Your
Ad > View All Agents / Agents
Directory > Promote your
property > Become an Agent > Residential
sales > Letting
Agents > Commercial
property agents > Land Sales > Buyer
& Seller Assistance > Promote
your property > View All
Businesses for
Sale > Real
Estate > Restaurant > Construction > Agriculture > Tech > Hospitality > Business > Manufacturing > Garment-Textile > Services-BPO > Maps of Sri Lanka > Area Guide > Point of
Interests > Property Buying Guide > Foreign Buyers'
Guide > Capital
Gains Tax > Sri Lanka House Price Index > Sri Lanka Land Price Index > Membership Benefits > News & Guides > About us > Careers > Contact Us > Events > FAQs > Ideal Home > Appliances &
Electronics > Furniture > Household items > Solar & Hot Water > Bathrooms > Gardening > Kitchen > Professionals > Flooring > House Construction > Lighting > Service Providers > Other Services > Home > ... > Sales > Colombo District > Colombo 5 > House > Home > ... > Sales > Colombo District > Colombo 5 > House",Colombo 5,"Rs. 250,000,000
  ",250000000.0,True,House,9,,4700 sq.ft.,,13 perches,Available Now,Furnished,,,9.0,,4700.0,13.0,"{""Bathrooms/WCs"": ""9"", ""Car parking spaces"": ""5""}","CINNAMON FENCE LUXURY APARTMENT FOR IMMEDIATE SALE Colombo 5 / Colombo 7 Border, Sri Lanka A rare opportunity to own a fully furnished luxury apartment building in one of Colombo's most prestigious and sought-after neighborhoods. Ideally located off Thimbirigasyaya Road on Mahasen Mawatha, between Jawatte Road and Torrington Avenue, this exceptional property is suitable for both residential and commercial use. Asking Price: LKR 250 Million (Rs. 25 Crores) Property Highlights - Certificate of Conformity (COC) approved – 2022 - Clear title deed – Single owner - Land extent: 13 Perches - Approved floor area: 420.44 sq. meters. - Approved structure: Ground Floor + 2 Upper Floors - Fully furnished with custom-built, high-end finishes - 9 spacious bedrooms, each with an attached bathroom - Balconies surrounding the entire building - Two rooftop terrace levels - Free-standing building with secure perimeter walls - Separate two storey security/office building with kitchen and washroom - Driver's quarters - Parking for 5 vehicles inside the premises, plus space for 2 additional vehicles outside. - 3 separate water meters. - 3 separate three phase electricity meters. - 5 municipal street numbers and 2 property tax numbers. - Last property on a quiet street, ensuring maximum privacy Appliances ( fridges/ electric or gas ovens and stoves/ dishwashers/ washing machines/ microwaves/ air conditioners/ TV/ CCTV cameras/ water heaters will be included as is… Apartment Configuration - 1 × One-bedroom apartment - 1 × Two-bedroom apartment - 2 × Three-bedroom apartments Ideal For.. - Luxury residential investment - Medical centre or specialist clinic - Corporate office - Educational institute - Boutique hospitality or serviced apartments - Multi-family residence Fully renovated to sell The property is surrounded by mature trees, offering a peaceful and private environment in the heart of Colombo. The owner funded the carpeting of the entire Mahasen Mawatha, creating an attractive and well maintained streetscape enjoyed by the neighborhood. Location Mahasen Mawatha (Off Thimbirigasyaya Road) Between Jawatte Road and Torrington Avenue Border of Colombo 5 & Colombo 7 Sri Lanka Direct Owner Contact Ruwan J. Toronto, Canada 🇨🇦"
https://www.lankapropertyweb.com/sale/property_details-5903783.html,5903783,2026-08-10T10:32:26.738039+00:00,House for Sale Rajamaha Vihara Road - Pita Kotte,"View all > Houses > Apartments > Commercial > Bungalows > Villas > Studio
/ Bedsit > Warehouse > Featured developments for sale > New Beachfront Projects > Newly
built property for sale > Colonial
Houses for sale > Urgent properties for sale > Luxury
Apartments > Mid-range
Apartments > Bungalows
in Nuwara Eliya > Houses
in Battaramulla area > Commercial property for sale
in
Colombo > Hotels for Sale > Warehouses for sale > Brand
new apartment > Beachfront properties for sale > Beachfront Apartments for sale > Below Market Value properties > Sri Lanka House Price Index > Sri Lanka Land Price Index > Guide for
foreigners
buying property > All property for Rent > Houses > Apartments > Commercial > Bungalows > Annexes > Hostels > Villas > Studio
/ Bedsit > Rooms
/ Boarding Places > View All Featured Properties > Warehouses for rent > Newly built property for rent > Urgent properties to let > Short
term rentals > Office spaces in
Colombo > Co-working places > House Prices > Find All Land for Sale or Lease > Bare
Land > Beachfront
Land > Cultivated
/ Agriculture > Land
with House > Tea
Estate Land > Rubber
Estate Land > Coconut
Estate Land > Paddy
(Rice) Land > Cinnamon
Estate Land > Waterfront
Land > Featured Land Projects > Lands
in Nuwara Eliya > Investment Lands
within 1 hour of Colombo > Lands
for less than 1 lakh a perch in Western Province > Cultivation
lands within 1 hour from Colombo > Land
Prices in Greater Colombo > View All New Projects > Featured Projects > Apartment FinderNew > Featured Land Projects > Condo Directory > Property
Valuations > Legal
Assistance > Document
preparation & submission > Mortgage
Advice > Fees
& taxes payment > Personal
Assistance > Other
Services > Market
Research and Advisory > Property
Buying Advisory > Business
Buying or Selling Advisory > Property
Buying Assistance for Foreigners > Advisory on Investing
in Sri Lanka > House
Construction > Packers &
Movers > Solar Panels > Invest Home > Top Investment
Properties > Luxury
Apartments > Mid-range
Apartments > Lands and
Bungalows
in Nuwara Eliya > Houses in
Battaramulla area > Cultivation
lands > Investment Lands
within 1 hour of Colombo > Commercial
property
for sale in Colombo > Hotels for
Sale > ROI calculator > Trending Properties > Top Investment
properties > House Price Index > Land price
index > Home Loan Rates > Home
Loan Calculator > Home
Loan Comparison > Market Insights > Price Meter > Property Buying Guide > Foreign Buyers'
Guide > Capital
Gains Tax > Sri Lanka House Price Index > Sri Lanka Land Price Index > Membership Benefits > Market Outlook Report > News & Guides > View All Wanted Properties > Houses wanted > Apartments wanted > Land wanted > Commercial Buildings > Rooms wanted > Post Your
Ad > View All Agents / Agents
Directory > Promote your
property > Become an Agent > Residential
sales > Letting
Agents > Commercial
property agents > Land Sales > Buyer
& Seller Assistance > Promote
your property > View All
Businesses for
Sale > Real
Estate > Restaurant > Construction > Agriculture > Tech > Hospitality > Business > Manufacturing > Garment-Textile > Services-BPO > Maps of Sri Lanka > Area Guide > Point of
Interests > Property Buying Guide > Foreign Buyers'
Guide > Capital
Gains Tax > Sri Lanka House Price Index > Sri Lanka Land Price Index > Membership Benefits > News & Guides > About us > Careers > Contact Us > Events > FAQs > Ideal Home > Appliances &
Electronics > Furniture > Household items > Solar & Hot Water > Bathrooms > Gardening > Kitchen > Professionals > Flooring > House Construction > Lighting > Service Providers > Other Services > Home > ... > Sales > Colombo District > Pita Kotte > House > Home > ... > Sales > Colombo District > Pita Kotte > House",Pita Kotte,"Rs. 185,000,000


















",185000000.0,True,House,2,2 Bathroom,5000 sq.ft.,,40 perches,Available Now,,,,2.0,2.0,5000.0,40.0,"{""Bathrooms/WCs"": ""2""}","House for Sale Rajamaha Vihara Road - Pita Kotte 40 Perches 5000 Sq Ft. 2 Bedroom 2 Bathroom Maid's Quarters Large Living Areas LKR 185 Million Reference No#H137 Satyajit Morais Explore Neighbourhood - Map View Pita Kotte [View on large map] 2D View Street View Find out how much you can save with our Home Loan Calculator Apply now for a home loan More Details Property prices in Pita Kotte Buy Rent Average Sale Price is Rs. 28,795 Per SQ.FT. PRICE TRENDS → 11.2% Price increased compared to last year Try our new price meter tool to find out the average price of a property in Pita Kotte Try our new price meter tool to find out the average price of a property in Pita Kotte PRICE METER → Contact Advertiser Silver Agent Mohan Morais Real Estate Agent 94-7145... Click to view Number 94-7145... Click to view Number Mohan Morais Real Estate : 94-714568888 This advertiser has been advertising with us for 7 years Request a call back Please enter your phone number to request the advertiser to call you back Send SEND Important information : This ad has been posted on LankaPropertyWeb.com by the above mentioned advertiser. LankaPropertyWeb.com does not have any connection with this advertiser, nor do we vet the advertisers, guarantee their services, responsible for the accuracy of the ad's content or are responsible for services provided by the advertisers. LankaPropertyWeb.com does not provide any service other than list the advertisements posted by advertisers. You will be contacting the advertiser (owner/agent) of this property directly. We advise you to take precaution when making any payments or signing any agreements and be alert of any possible scams. If making any payments we recommend that you have two permanent & verified methods of contact of the payment receiver such as their landline number and home/business address. Posted/Edited: 44 days ago REPORT THIS AD Find Similar Properties Rs. 166M - 203M Rs. 30K - 40K PSF 5000 - 6000 sqft Pita Kotte View all View all View all View all 10 7 4000 sqft 06 Perches - Unfurnished House for Sale - HL53435 Kalubowila Rs. 120M Negotiable 6 6 5500 sqft 16.25 Perches House for Sale - HL48046 Kalubowila Rs. 165M Negotiable 8 3 2000 sqft House for sale in Kalubowila Kalubowila Rs. 60M 7 3 4000 sqft House for sale in Hokandara Thalawathugoda Rs. 120M 8 4 1200 sqft Residential Property for Sale – Boralasgamuwa Boralesgamuwa Rs. 36M Negotiable 8 4 3500 sqft 4 Bed House for Sale 28 Perch Land Mirihana Nugegoda Nugegoda Rs. 105M 9 5 2200 sqft 5BR Hous For Sale Kohuwala (NK10894) Kohuwala Rs. 66M 5 6 5000 sqft House For Sale - Kohuwala Kohuwala Rs. 150M 10 4 5200 sqft Luxury Two-Storey House for Sale in Kelaniya Kelaniya Rs. 80M 5 6 5000 sqft House For Sale - Kohuwala Kohuwala Rs. 150M 10 6 5600 sqft FOR SALE: Beautiful 13 Perch Lake Drive Two Unit Family... Lake Drive Rs. 210M approx 5 5 5600 sqft FOR SALE: Exceptional Investment Opportunity in the... Colombo 3 Rs. 550M Negotiable 10 4 5000 sqft FOR SALE: Beautiful Colombo 5 Family Home with Pool Colombo 5 Rs. 250M 10 4 5000 sqft FOR SALE: Glorious Nawala Family Home with Pool Nawala Rs. 175M Negotiable 10 5 6000 sqft Unfurnished Brand New Luxury 3-Storey House for Sale... Mount Lavinia Rs. 90M 10 4 3000 sqft Spacious Two-Storey House for Sale in Pitakotte Pita Kotte Rs. 60M 10 5 5000 sqft 3 Storied Lucxury House for Sale in Pita Kotte for... Pita Kotte Rs. 180M 10 4 1816 sqft 4 Bedroom house in Pita Kotte for Rs. 19.8 million... Pita Kotte Rs. 19.8M 10 5 4500 sqft Stunning, specious, luxury two story house for sale... Pita Kotte Rs. 82M 8 7 5792 sqft Sale | House | Kotte Pita Kotte Rs. 375M 7 5 2705 sqft 5BR House for Sale in Pitakotte | LKR 35 Million Pita Kotte Rs. 35M 9 5 3800 sqft House For Sale In Pitakotte (file Number 3191b) Pita Kotte Rs. 99M 10 4 4300 sqft 4 Bedroom Prime Property for Sale - Pita Kotte, Baddagana... Pita Kotte Rs. 168M 10 4 5500 sqft 4 Bedroom House for Sale in Thalawathugoda, S1587 Thalawathugoda Rs. 168M 9 11 5900 sqft House for sale in Colombo 6 Colombo 6 Rs. 169M Negotiable 9 6 2100 sqft S(E1650)🏡 Luxury Spacious 6BR / 5BA House for Sale... Ethul Kotte Rs. 170M 5 4 3517 sqft Summerfield Residencies - Brand New 4 bedroom Modern... Boralesgamuwa Rs. 170M ONO 10 4 2500 sqft House for Sale - Colombo 05 | LKR 170,000,000 Colombo 5 Rs. 170M 10 4 2000 sqft Prestigious 10.1 Perch Property for Sale in Colombo... Colombo 7 Rs. 170M Negotiable 10 4 4113 sqft Brand-New Luxury Modern House for Sale - Nawa... Nawala Rs. 170M Negotiable VIEW ALL PROPERTIES Within Rs. 166M - 203M (185) VIEW ALL PROPERTIES FOR sale in Pita Kotte (108) VIEW ALL PROPERTIES Within 5,000 - 6,000 sq.ft. (356) VIEW ALL PROPERTIES Within Rs. 30K - 40K PSF (390) Next Steps for Buyers Guide to Buying a Property Legal Assistance & Document Preparation Property Valuation Help & Advisory on Buying a Property Get help applying for a Housing Loan Find a House Mover View more There is no place like home Explore everything you need to build and decorate your dream home Visit Website Be the first to know Get instant alerts on newly added Houses for sale in Pita Kotte – your dream property awaits! Subscribe now Create Alert Now Top Searches Houses for sale in Pita Kotte Apartments for sale in Pita Kotte Commercial property for sale in Pita Kotte Bungalows for sale in Pita Kotte Hotels for sale in Pita Kotte Villas for sale in Pita Kotte Studio/Bedsit for sale in Pita Kotte Featured Projects The Elizabeth Colombo 07 More Details Mon Vie More Details Marina Square More Details ASTORIA More Details Altair More Details Aarana Boutique Residencies More Details Property Saved!. Manage Favorite not saved! Try again Favorite removed! Ok Share Save Contact Advertiser Silver Agent Mohan Morais Real Estate Agent Check Availability 94-7145... WHATSAPP EMAIL Share this property Email to a friend Messenger Whatsapp Viber X Linkedin Telegram Copy url More Share Options Mohan Morais Real Estate Agent Please enter your details Interested in this property or want more details? Fill out the form below, and the advertiser will get in touch with you shortly! SUBMIT CALL CHAT Report this AD Please select a reason Not a property ad Property not available anymore No such property Incorrect contact details Advertiser unresponsive Unrealistic price Image on ad is not that of property Spam Scam/Fake ad Other Submit Please Enter Your Details To view the seller's number, please enter your name, email and contact number. This will help the seller follow up on your inquiry. Show Phone Number Silver Agent Mohan Morais Real Estate (Agent) Mohan Morais Real Estate 94-714568888 Call Now Silver Agent Mohan Morais Real Estate (Agent) Mohan Morais Real Estate 94-714568888 WhatsApp Find your favourite properties from the top of the page Click on the star icon to view your favourite ads LankaProperty web - Email property to a friend Send Email Please Enter Your Details To contact the advertiser on whatsapp, please enter your name, email and contact number. This will help the seller follow up on your inquiry. WHATSAPP Navigation Home Sales Rentals Land Featured Projects Ideal Home Post your ad Wanted Find Agent Our Services Market Insights House Price Index Invest Land Price Index Businesses for Sale Home Loan Comparison Property Buying Guide Maps News & Guides Become a Member Login All ads Features & Tools Home Loan Calculator Location Guide Trending Properties Price Meter Top Investment Properties Below Market Value Properties Email Alerts Market Outlook Report ROI Calculator Country Sri Lanka Maldives USA About Help Contact Us About Us Terms and Conditions Privacy Policy Careers Events Follow us on Social Media Subscribe to our newsletter You have successfully signed up for our newsletter Subscribe © Copyright LankaPropertyWeb.com, lpw.lk 2026 | All Rights Reserved × Newsletter You have successfully signed up for our newsletter Close Save Properties in Your Account × View saved properties Keep search history across devices See which properties you have contacted Continue with Google OR Login By registering you accept our Terms & Conditions and our privacy policy ."
https://www.lankapropertyweb.com/sale/property_details-5933377.html,5933377,2026-08-10T10:32:29.976392+00:00,House For Sale in Kurunegala,"View all > Houses > Apartments > Commercial > Bungalows > Villas > Studio
/ Bedsit > Warehouse > Featured developments for sale > New Beachfront Projects > Newly
built property for sale > Colonial
Houses for sale > Urgent properties for sale > Luxury
Apartments > Mid-range
Apartments > Bungalows
in Nuwara Eliya > Houses
in Battaramulla area > Commercial property for sale
in
Colombo > Hotels for Sale > Warehouses for sale > Brand
new apartment > Beachfront properties for sale > Beachfront Apartments for sale > Below Market Value properties > Sri Lanka House Price Index > Sri Lanka Land Price Index > Guide for
foreigners
buying property > All property for Rent > Houses > Apartments > Commercial > Bungalows > Annexes > Hostels > Villas > Studio
/ Bedsit > Rooms
/ Boarding Places > View All Featured Properties > Warehouses for rent > Newly built property for rent > Urgent properties to let > Short
term rentals > Office spaces in
Colombo > Co-working places > House Prices > Find All Land for Sale or Lease > Bare
Land > Beachfront
Land > Cultivated
/ Agriculture > Land
with House > Tea
Estate Land > Rubber
Estate Land > Coconut
Estate Land > Paddy
(Rice) Land > Cinnamon
Estate Land > Waterfront
Land > Featured Land Projects > Lands
in Nuwara Eliya > Investment Lands
within 1 hour of Colombo > Lands
for less than 1 lakh a perch in Western Province > Cultivation
lands within 1 hour from Colombo > Land
Prices in Greater Colombo > View All New Projects > Featured Projects > Apartment FinderNew > Featured Land Projects > Condo Directory > Property
Valuations > Legal
Assistance > Document
preparation & submission > Mortgage
Advice > Fees
& taxes payment > Personal
Assistance > Other
Services > Market
Research and Advisory > Property
Buying Advisory > Business
Buying or Selling Advisory > Property
Buying Assistance for Foreigners > Advisory on Investing
in Sri Lanka > House
Construction > Packers &
Movers > Solar Panels > Invest Home > Top Investment
Properties > Luxury
Apartments > Mid-range
Apartments > Lands and
Bungalows
in Nuwara Eliya > Houses in
Battaramulla area > Cultivation
lands > Investment Lands
within 1 hour of Colombo > Commercial
property
for sale in Colombo > Hotels for
Sale > ROI calculator > Trending Properties > Top Investment
properties > House Price Index > Land price
index > Home Loan Rates > Home
Loan Calculator > Home
Loan Comparison > Market Insights > Price Meter > Property Buying Guide > Foreign Buyers'
Guide > Capital
Gains Tax > Sri Lanka House Price Index > Sri Lanka Land Price Index > Membership Benefits > Market Outlook Report > News & Guides > View All Wanted Properties > Houses wanted > Apartments wanted > Land wanted > Commercial Buildings > Rooms wanted > Post Your
Ad > View All Agents / Agents
Directory > Promote your
property > Become an Agent > Residential
sales > Letting
Agents > Commercial
property agents > Land Sales > Buyer
& Seller Assistance > Promote
your property > View All
Businesses for
Sale > Real
Estate > Restaurant > Construction > Agriculture > Tech > Hospitality > Business > Manufacturing > Garment-Textile > Services-BPO > Maps of Sri Lanka > Area Guide > Point of
Interests > Property Buying Guide > Foreign Buyers'
Guide > Capital
Gains Tax > Sri Lanka House Price Index > Sri Lanka Land Price Index > Membership Benefits > News & Guides > About us > Careers > Contact Us > Events > FAQs > Ideal Home > Appliances &
Electronics > Furniture > Household items > Solar & Hot Water > Bathrooms > Gardening > Kitchen > Professionals > Flooring > House Construction > Lighting > Service Providers > Other Services > Home > ... > Sales > Kurunegala District > Kurunegala > House > Home > ... > Sales > Kurunegala District > Kurunegala > House","Millawa, Kurunegala","Rs. 29,000,000


















",29000000.0,True,House,6,4 bathrooms,3000 sq.ft.,,56 perches,Available Now,Unfurnished,,,6.0,4.0,3000.0,56.0,"{""Bathrooms/WCs"": ""4"", ""Agent Ref"": ""10896"", ""Car parking spaces"": ""10""}","Located in the peaceful residential area of Millawa (Piuswatta), Kurunegala, this spacious 2 storey house sits on 56 perches of land and offers approximately 3,000 sq. ft. of living space. The property features 6 bedrooms, 4 bathrooms, a separate maid's room, and parking for up to 15 vehicles, making it ideal for a large family, staff accommodation, or future development. Conveniently situated just 300 metres from the Kurunegala Kandy Main Road, 1.5 km from Mallawapitiya Junction, and 3 km from the Kurunegala Expressway, this unfurnished property offers both excellent accessibility and a peaceful living environment. Price: LKR 29 Million. Contact us today for more information or to arrange a viewing."
https://www.lankapropertyweb.com/sale/property_details-5726853.html,5726853,2026-08-10T10:32:33.322591+00:00,Ultra Modern 4 Bedroom House Construction in Colombo 7 for Rs. 40.25 million / Rs. 402 Laks / New Construction,"View all > Houses > Apartments > Commercial > Bungalows > Villas > Studio
/ Bedsit > Warehouse > Featured developments for sale > New Beachfront Projects > Newly
built property for sale > Colonial
Houses for sale > Urgent properties for sale > Luxury
Apartments > Mid-range
Apartments > Bungalows
in Nuwara Eliya > Houses
in Battaramulla area > Commercial property for sale
in
Colombo > Hotels for Sale > Warehouses for sale > Brand
new apartment > Beachfront properties for sale > Beachfront Apartments for sale > Below Market Value properties > Sri Lanka House Price Index > Sri Lanka Land Price Index > Guide for
foreigners
buying property > All property for Rent > Houses > Apartments > Commercial > Bungalows > Annexes > Hostels > Villas > Studio
/ Bedsit > Rooms
/ Boarding Places > View All Featured Properties > Warehouses for rent > Newly built property for rent > Urgent properties to let > Short
term rentals > Office spaces in
Colombo > Co-working places > House Prices > Find All Land for Sale or Lease > Bare
Land > Beachfront
Land > Cultivated
/ Agriculture > Land
with House > Tea
Estate Land > Rubber
Estate Land > Coconut
Estate Land > Paddy
(Rice) Land > Cinnamon
Estate Land > Waterfront
Land > Featured Land Projects > Lands
in Nuwara Eliya > Investment Lands
within 1 hour of Colombo > Lands
for less than 1 lakh a perch in Western Province > Cultivation
lands within 1 hour from Colombo > Land
Prices in Greater Colombo > View All New Projects > Featured Projects > Apartment FinderNew > Featured Land Projects > Condo Directory > Property
Valuations > Legal
Assistance > Document
preparation & submission > Mortgage
Advice > Fees
& taxes payment > Personal
Assistance > Other
Services > Market
Research and Advisory > Property
Buying Advisory > Business
Buying or Selling Advisory > Property
Buying Assistance for Foreigners > Advisory on Investing
in Sri Lanka > House
Construction > Packers &
Movers > Solar Panels > Invest Home > Top Investment
Properties > Luxury
Apartments > Mid-range
Apartments > Lands and
Bungalows
in Nuwara Eliya > Houses in
Battaramulla area > Cultivation
lands > Investment Lands
within 1 hour of Colombo > Commercial
property
for sale in Colombo > Hotels for
Sale > ROI calculator > Trending Properties > Top Investment
properties > House Price Index > Land price
index > Home Loan Rates > Home
Loan Calculator > Home
Loan Comparison > Market Insights > Price Meter > Property Buying Guide > Foreign Buyers'
Guide > Capital
Gains Tax > Sri Lanka House Price Index > Sri Lanka Land Price Index > Membership Benefits > Market Outlook Report > News & Guides > View All Wanted Properties > Houses wanted > Apartments wanted > Land wanted > Commercial Buildings > Rooms wanted > Post Your
Ad > View All Agents / Agents
Directory > Promote your
property > Become an Agent > Residential
sales > Letting
Agents > Commercial
property agents > Land Sales > Buyer
& Seller Assistance > Promote
your property > View All
Businesses for
Sale > Real
Estate > Restaurant > Construction > Agriculture > Tech > Hospitality > Business > Manufacturing > Garment-Textile > Services-BPO > Maps of Sri Lanka > Area Guide > Point of
Interests > Property Buying Guide > Foreign Buyers'
Guide > Capital
Gains Tax > Sri Lanka House Price Index > Sri Lanka Land Price Index > Membership Benefits > News & Guides > About us > Careers > Contact Us > Events > FAQs > Ideal Home > Appliances &
Electronics > Furniture > Household items > Solar & Hot Water > Bathrooms > Gardening > Kitchen > Professionals > Flooring > House Construction > Lighting > Service Providers > Other Services > Home > ... > Sales > Colombo District > Colombo 7 > House > Home > ... > Sales > Colombo District > Colombo 7 > House","With or Without Land, Colombo 7",Rs. 40.25 m,40250000.0,True,House,4,4 Bathrooms,3500 sq.ft.,3,7 perches,Available soon,Unfurnished,1 year,,4.0,4.0,3500.0,7.0,"{""Bathrooms/WCs"": ""4"", ""Car parking spaces"": ""2""}",3500 Sq.ft - Construction Exceptional House Consists of 4 Bedrooms and 4 Bathrooms Double Ceiling Height Living Room Maid's room and bathroom Private Pool Roof top entertainment area Watch the video below for more info Construction Duration 7 Months get a quote to build on your land (Call or WhatsApp) Private Pool and Outdoor Entertainment Area Rocell Bathroom Fittings Marble Top Kitchen with PVC Pantry Car Parking 3 Decades of Excellence in the Build Environment UK Qualified Design Team Members Construction Cost Included in the price 3 Decades of Excellence in the Build Environment UK Qualified Design Team Members Call or WhatsApp for more
https://www.lankapropertyweb.com/sale/property_details-5919089.html,5919089,2026-08-10T10:32:36.099787+00:00,"Apartment Building for sale in Colombo 5, with High Return on Investment.","View all > Houses > Apartments > Commercial > Bungalows > Villas > Studio
/ Bedsit > Warehouse > Featured developments for sale > New Beachfront Projects > Newly
built property for sale > Colonial
Houses for sale > Urgent properties for sale > Luxury
Apartments > Mid-range
Apartments > Bungalows
in Nuwara Eliya > Houses
in Battaramulla area > Commercial property for sale
in
Colombo > Hotels for Sale > Warehouses for sale > Brand
new apartment > Beachfront properties for sale > Beachfront Apartments for sale > Below Market Value properties > Sri Lanka House Price Index > Sri Lanka Land Price Index > Guide for
foreigners
buying property > All property for Rent > Houses > Apartments > Commercial > Bungalows > Annexes > Hostels > Villas > Studio
/ Bedsit > Rooms
/ Boarding Places > View All Featured Properties > Warehouses for rent > Newly built property for rent > Urgent properties to let > Short
term rentals > Office spaces in
Colombo > Co-working places > House Prices > Find All Land for Sale or Lease > Bare
Land > Beachfront
Land > Cultivated
/ Agriculture > Land
with House > Tea
Estate Land > Rubber
Estate Land > Coconut
Estate Land > Paddy
(Rice) Land > Cinnamon
Estate Land > Waterfront
Land > Featured Land Projects > Lands
in Nuwara Eliya > Investment Lands
within 1 hour of Colombo > Lands
for less than 1 lakh a perch in Western Province > Cultivation
lands within 1 hour from Colombo > Land
Prices in Greater Colombo > View All New Projects > Featured Projects > Apartment FinderNew > Featured Land Projects > Condo Directory > Property
Valuations > Legal
Assistance > Document
preparation & submission > Mortgage
Advice > Fees
& taxes payment > Personal
Assistance > Other
Services > Market
Research and Advisory > Property
Buying Advisory > Business
Buying or Selling Advisory > Property
Buying Assistance for Foreigners > Advisory on Investing
in Sri Lanka > House
Construction > Packers &
Movers > Solar Panels > Invest Home > Top Investment
Properties > Luxury
Apartments > Mid-range
Apartments > Lands and
Bungalows
in Nuwara Eliya > Houses in
Battaramulla area > Cultivation
lands > Investment Lands
within 1 hour of Colombo > Commercial
property
for sale in Colombo > Hotels for
Sale > ROI calculator > Trending Properties > Top Investment
properties > House Price Index > Land price
index > Home Loan Rates > Home
Loan Calculator > Home
Loan Comparison > Market Insights > Price Meter > Property Buying Guide > Foreign Buyers'
Guide > Capital
Gains Tax > Sri Lanka House Price Index > Sri Lanka Land Price Index > Membership Benefits > Market Outlook Report > News & Guides > View All Wanted Properties > Houses wanted > Apartments wanted > Land wanted > Commercial Buildings > Rooms wanted > Post Your
Ad > View All Agents / Agents
Directory > Promote your
property > Become an Agent > Residential
sales > Letting
Agents > Commercial
property agents > Land Sales > Buyer
& Seller Assistance > Promote
your property > View All
Businesses for
Sale > Real
Estate > Restaurant > Construction > Agriculture > Tech > Hospitality > Business > Manufacturing > Garment-Textile > Services-BPO > Maps of Sri Lanka > Area Guide > Point of
Interests > Property Buying Guide > Foreign Buyers'
Guide > Capital
Gains Tax > Sri Lanka House Price Index > Sri Lanka Land Price Index > Membership Benefits > News & Guides > About us > Careers > Contact Us > Events > FAQs > Ideal Home > Appliances &
Electronics > Furniture > Household items > Solar & Hot Water > Bathrooms > Gardening > Kitchen > Professionals > Flooring > House Construction > Lighting > Service Providers > Other Services > Home > ... > Sales > Colombo District > Colombo 5 > House > Home > ... > Sales > Colombo District > Colombo 5 > House",Colombo 5,"Rs. 260,000,000


















",260000000.0,True,House,9,,6000 sq.ft.,4,6.95 perches,Available Now,Furnished,7+ years,40 ft.,9.0,,6000.0,6.95,"{""Bathrooms/WCs"": ""9"", ""Car parking spaces"": ""6""}","An exceptional opportunity to acquire a morden apartment building, designed for comfortable living or which already has great return on investment. Property Overview. - Land Extent 6.95 - Building was built in 2019 - Building fitted with CCTV surveillance - 4 Person Elevator for all 4 floors - 1 Apartment Unit Per Floor - 4 fully furnished Units of 1000 Sqft 02 Bedroom apartment - All Apartments Fully Air-conditioned and Hot water facility available. - 40 Ft Road access with both front and back entries to the building. - Covered Parking and ample visitor Parking. - Scenic Roof Top Recreation Area - Store and Maids room with bathroom on the ground floor. Investment Highlights - Building is Already Rented out for Rs 1 Million Monthly. Location - Easy access and close to public transport Schools, hospitals, supermarkets and restaurants - 300mts to Kirulapona junction and havelock city - 100mts to Baseline Road Documentation - Clear Title Deed with an ongoing Bank Loan."
https://www.lankapropertyweb.com/sale/property_details-5911545.html,5911545,2026-08-10T10:32:39.690937+00:00,Luxury 3-Storey House for Sale in Colombo 05 – Prime Residential Location,"View all > Houses > Apartments > Commercial > Bungalows > Villas > Studio
/ Bedsit > Warehouse > Featured developments for sale > New Beachfront Projects > Newly
built property for sale > Colonial
Houses for sale > Urgent properties for sale > Luxury
Apartments > Mid-range
Apartments > Bungalows
in Nuwara Eliya > Houses
in Battaramulla area > Commercial property for sale
in
Colombo > Hotels for Sale > Warehouses for sale > Brand
new apartment > Beachfront properties for sale > Beachfront Apartments for sale > Below Market Value properties > Sri Lanka House Price Index > Sri Lanka Land Price Index > Guide for
foreigners
buying property > All property for Rent > Houses > Apartments > Commercial > Bungalows > Annexes > Hostels > Villas > Studio
/ Bedsit > Rooms
/ Boarding Places > View All Featured Properties > Warehouses for rent > Newly built property for rent > Urgent properties to let > Short
term rentals > Office spaces in
Colombo > Co-working places > House Prices > Find All Land for Sale or Lease > Bare
Land > Beachfront
Land > Cultivated
/ Agriculture > Land
with House > Tea
Estate Land > Rubber
Estate Land > Coconut
Estate Land > Paddy
(Rice) Land > Cinnamon
Estate Land > Waterfront
Land > Featured Land Projects > Lands
in Nuwara Eliya > Investment Lands
within 1 hour of Colombo > Lands
for less than 1 lakh a perch in Western Province > Cultivation
lands within 1 hour from Colombo > Land
Prices in Greater Colombo > View All New Projects > Featured Projects > Apartment FinderNew > Featured Land Projects > Condo Directory > Property
Valuations > Legal
Assistance > Document
preparation & submission > Mortgage
Advice > Fees
& taxes payment > Personal
Assistance > Other
Services > Market
Research and Advisory > Property
Buying Advisory > Business
Buying or Selling Advisory > Property
Buying Assistance for Foreigners > Advisory on Investing
in Sri Lanka > House
Construction > Packers &
Movers > Solar Panels > Invest Home > Top Investment
Properties > Luxury
Apartments > Mid-range
Apartments > Lands and
Bungalows
in Nuwara Eliya > Houses in
Battaramulla area > Cultivation
lands > Investment Lands
within 1 hour of Colombo > Commercial
property
for sale in Colombo > Hotels for
Sale > ROI calculator > Trending Properties > Top Investment
properties > House Price Index > Land price
index > Home Loan Rates > Home
Loan Calculator > Home
Loan Comparison > Market Insights > Price Meter > Property Buying Guide > Foreign Buyers'
Guide > Capital
Gains Tax > Sri Lanka House Price Index > Sri Lanka Land Price Index > Membership Benefits > Market Outlook Report > News & Guides > View All Wanted Properties > Houses wanted > Apartments wanted > Land wanted > Commercial Buildings > Rooms wanted > Post Your
Ad > View All Agents / Agents
Directory > Promote your
property > Become an Agent > Residential
sales > Letting
Agents > Commercial
property agents > Land Sales > Buyer
& Seller Assistance > Promote
your property > View All
Businesses for
Sale > Real
Estate > Restaurant > Construction > Agriculture > Tech > Hospitality > Business > Manufacturing > Garment-Textile > Services-BPO > Maps of Sri Lanka > Area Guide > Point of
Interests > Property Buying Guide > Foreign Buyers'
Guide > Capital
Gains Tax > Sri Lanka House Price Index > Sri Lanka Land Price Index > Membership Benefits > News & Guides > About us > Careers > Contact Us > Events > FAQs > Ideal Home > Appliances &
Electronics > Furniture > Household items > Solar & Hot Water > Bathrooms > Gardening > Kitchen > Professionals > Flooring > House Construction > Lighting > Service Providers > Other Services > Home > ... > Sales > Colombo District > Colombo 5 > House > Home > ... > Sales > Colombo District > Colombo 5 > House",Colombo 5,"Rs. 90,000,000





",90000000.0,True,House,7,7 Bathrooms,,,8.3 perches,Available Now,,,,7.0,7.0,,8.3,"{""Bathrooms/WCs"": ""5"", ""Agent Ref"": ""HS00610"", ""Car parking spaces"": ""3""}","Location: Colombo 05 Price: LKR 90 Million (Negotiable) Property Details: Type: Luxury Three-Storey House Land Size: 8.3 Perches Bedrooms: 7 Bathrooms: 5 Servant's Washroom Premium Features: Dedicated Gym Room TV Lobby Solid Construction with Double Clay Brick Walls Roller Door Gate Highly Residential & Prestigious Neighborhood Parking: •	2 Vehicle Parking Slots Inside •	1 Additional Parking Slot Outside Prime Location Advantages: •	350m to Baseline Road •	300m to Havelock City •	400m to Kirulapone Junction •	Walking Distance to Lanka Hospital •	Walking Distance to Havelock City •	Walking Distance to Kirulapone Junction •	Walking Distance to Polhengoda Junction Close to Leading Schools: •	Visakha Vidyalaya •	Anula Vidyalaya •	Royal College •	Amal International School •	Royal Institute Ref No: HS00610 Contact us today for more details or to schedule a viewing! An exceptional opportunity to own a spacious luxury residence in one of Colombo's most sought-after residential neighborhoods, offering convenience, quality construction, and outstanding value."
https://www.lankapropertyweb.com/sale/property_details-5929644.html,5929644,2026-08-10T10:32:42.641992+00:00,FOR Sale | Colombo 5 | 5-Bedrooms | Luxury House,"View all > Houses > Apartments > Commercial > Bungalows > Villas > Studio
/ Bedsit > Warehouse > Featured developments for sale > New Beachfront Projects > Newly
built property for sale > Colonial
Houses for sale > Urgent properties for sale > Luxury
Apartments > Mid-range
Apartments > Bungalows
in Nuwara Eliya > Houses
in Battaramulla area > Commercial property for sale
in
Colombo > Hotels for Sale > Warehouses for sale > Brand
new apartment > Beachfront properties for sale > Beachfront Apartments for sale > Below Market Value properties > Sri Lanka House Price Index > Sri Lanka Land Price Index > Guide for
foreigners
buying property > All property for Rent > Houses > Apartments > Commercial > Bungalows > Annexes > Hostels > Villas > Studio
/ Bedsit > Rooms
/ Boarding Places > View All Featured Properties > Warehouses for rent > Newly built property for rent > Urgent properties to let > Short
term rentals > Office spaces in
Colombo > Co-working places > House Prices > Find All Land for Sale or Lease > Bare
Land > Beachfront
Land > Cultivated
/ Agriculture > Land
with House > Tea
Estate Land > Rubber
Estate Land > Coconut
Estate Land > Paddy
(Rice) Land > Cinnamon
Estate Land > Waterfront
Land > Featured Land Projects > Lands
in Nuwara Eliya > Investment Lands
within 1 hour of Colombo > Lands
for less than 1 lakh a perch in Western Province > Cultivation
lands within 1 hour from Colombo > Land
Prices in Greater Colombo > View All New Projects > Featured Projects > Apartment FinderNew > Featured Land Projects > Condo Directory > Property
Valuations > Legal
Assistance > Document
preparation & submission > Mortgage
Advice > Fees
& taxes payment > Personal
Assistance > Other
Services > Market
Research and Advisory > Property
Buying Advisory > Business
Buying or Selling Advisory > Property
Buying Assistance for Foreigners > Advisory on Investing
in Sri Lanka > House
Construction > Packers &
Movers > Solar Panels > Invest Home > Top Investment
Properties > Luxury
Apartments > Mid-range
Apartments > Lands and
Bungalows
in Nuwara Eliya > Houses in
Battaramulla area > Cultivation
lands > Investment Lands
within 1 hour of Colombo > Commercial
property
for sale in Colombo > Hotels for
Sale > ROI calculator > Trending Properties > Top Investment
properties > House Price Index > Land price
index > Home Loan Rates > Home
Loan Calculator > Home
Loan Comparison > Market Insights > Price Meter > Property Buying Guide > Foreign Buyers'
Guide > Capital
Gains Tax > Sri Lanka House Price Index > Sri Lanka Land Price Index > Membership Benefits > Market Outlook Report > News & Guides > View All Wanted Properties > Houses wanted > Apartments wanted > Land wanted > Commercial Buildings > Rooms wanted > Post Your
Ad > View All Agents / Agents
Directory > Promote your
property > Become an Agent > Residential
sales > Letting
Agents > Commercial
property agents > Land Sales > Buyer
& Seller Assistance > Promote
your property > View All
Businesses for
Sale > Real
Estate > Restaurant > Construction > Agriculture > Tech > Hospitality > Business > Manufacturing > Garment-Textile > Services-BPO > Maps of Sri Lanka > Area Guide > Point of
Interests > Property Buying Guide > Foreign Buyers'
Guide > Capital
Gains Tax > Sri Lanka House Price Index > Sri Lanka Land Price Index > Membership Benefits > News & Guides > About us > Careers > Contact Us > Events > FAQs > Ideal Home > Appliances &
Electronics > Furniture > Household items > Solar & Hot Water > Bathrooms > Gardening > Kitchen > Professionals > Flooring > House Construction > Lighting > Service Providers > Other Services > Home > ... > Sales > Colombo District > Colombo 5 > House > Home > ... > Sales > Colombo District > Colombo 5 > House",Colombo 5,"Rs. 360,000,000





",360000000.0,True,House,5,,,,,Available Now,,,,5.0,,,,"{""Bathrooms/WCs"": ""5""}",FOR Sale | Colombo 5 | 5-Bedrooms | Luxury House Property Reference: AS-H216 Property Overview: ￭ Location: Colombo 5 ￭ Bedrooms: 5 ￭ Bathrooms: 5 ￭ Sqft of the House: Sqft ￭ Land Extent: ￭ Property Type: House ￭ Car parking spaces: Parking for 2 vehicles ￭ Furnishing status: Key Features: ￭ Living/Dining ￭ Kitchen With Pantry ￭ Garden ￭ Maid quarters Sale PRICE: Price: 360 Million #Colombo5 #HouseForSale #LuxuryLiving [AS-H216]
https://www.lankapropertyweb.com/sale/property_details-5911070.html,5911070,2026-08-10T10:32:46.081901+00:00,"House , Kalalgoda in Thalwathugoda For Sale","View all > Houses > Apartments > Commercial > Bungalows > Villas > Studio
/ Bedsit > Warehouse > Featured developments for sale > New Beachfront Projects > Newly
built property for sale > Colonial
Houses for sale > Urgent properties for sale > Luxury
Apartments > Mid-range
Apartments > Bungalows
in Nuwara Eliya > Houses
in Battaramulla area > Commercial property for sale
in
Colombo > Hotels for Sale > Warehouses for sale > Brand
new apartment > Beachfront properties for sale > Beachfront Apartments for sale > Below Market Value properties > Sri Lanka House Price Index > Sri Lanka Land Price Index > Guide for
foreigners
buying property > All property for Rent > Houses > Apartments > Commercial > Bungalows > Annexes > Hostels > Villas > Studio
/ Bedsit > Rooms
/ Boarding Places > View All Featured Properties > Warehouses for rent > Newly built property for rent > Urgent properties to let > Short
term rentals > Office spaces in
Colombo > Co-working places > House Prices > Find All Land for Sale or Lease > Bare
Land > Beachfront
Land > Cultivated
/ Agriculture > Land
with House > Tea
Estate Land > Rubber
Estate Land > Coconut
Estate Land > Paddy
(Rice) Land > Cinnamon
Estate Land > Waterfront
Land > Featured Land Projects > Lands
in Nuwara Eliya > Investment Lands
within 1 hour of Colombo > Lands
for less than 1 lakh a perch in Western Province > Cultivation
lands within 1 hour from Colombo > Land
Prices in Greater Colombo > View All New Projects > Featured Projects > Apartment FinderNew > Featured Land Projects > Condo Directory > Property
Valuations > Legal
Assistance > Document
preparation & submission > Mortgage
Advice > Fees
& taxes payment > Personal
Assistance > Other
Services > Market
Research and Advisory > Property
Buying Advisory > Business
Buying or Selling Advisory > Property
Buying Assistance for Foreigners > Advisory on Investing
in Sri Lanka > House
Construction > Packers &
Movers > Solar Panels > Invest Home > Top Investment
Properties > Luxury
Apartments > Mid-range
Apartments > Lands and
Bungalows
in Nuwara Eliya > Houses in
Battaramulla area > Cultivation
lands > Investment Lands
within 1 hour of Colombo > Commercial
property
for sale in Colombo > Hotels for
Sale > ROI calculator > Trending Properties > Top Investment
properties > House Price Index > Land price
index > Home Loan Rates > Home
Loan Calculator > Home
Loan Comparison > Market Insights > Price Meter > Property Buying Guide > Foreign Buyers'
Guide > Capital
Gains Tax > Sri Lanka House Price Index > Sri Lanka Land Price Index > Membership Benefits > Market Outlook Report > News & Guides > View All Wanted Properties > Houses wanted > Apartments wanted > Land wanted > Commercial Buildings > Rooms wanted > Post Your
Ad > View All Agents / Agents
Directory > Promote your
property > Become an Agent > Residential
sales > Letting
Agents > Commercial
property agents > Land Sales > Buyer
& Seller Assistance > Promote
your property > View All
Businesses for
Sale > Real
Estate > Restaurant > Construction > Agriculture > Tech > Hospitality > Business > Manufacturing > Garment-Textile > Services-BPO > Maps of Sri Lanka > Area Guide > Point of
Interests > Property Buying Guide > Foreign Buyers'
Guide > Capital
Gains Tax > Sri Lanka House Price Index > Sri Lanka Land Price Index > Membership Benefits > News & Guides > About us > Careers > Contact Us > Events > FAQs > Ideal Home > Appliances &
Electronics > Furniture > Household items > Solar & Hot Water > Bathrooms > Gardening > Kitchen > Professionals > Flooring > House Construction > Lighting > Service Providers > Other Services > Home > ... > Sales > Colombo District > Thalawathugoda > House > Home > ... > Sales > Colombo District > Thalawathugoda > House","Kalalgoda, Thalawathugoda","Rs. 55,000,000
  ",55000000.0,True,House,3,,2200 sq.ft.,,19.5 perches,Available Now,Unfurnished,20+ years,30 ft.,3.0,,2200.0,19.5,"{""Bathrooms/WCs"": ""3"", ""Car parking spaces"": ""3""}","House , Kalalgoda in Thalwathugoda For Sale Exactly located on Gramodaya Mawatha in Kalalgoda Very good Residential area Wide Road Easy access to all directions 3 Bed Rooms house 19.5 Perches of prime land around the house Front and back garden House can be remodel or refurbished to a luxury level further or can be built using the land Ideal investment Please call Nimal Kumarasiri, Real Estate Consultant for more information and arrange of viewings"
https://www.lankapropertyweb.com/sale/property_details-5926256.html,5926256,2026-08-10T10:32:49.331668+00:00,Three-Storey House with Three Separate Units for Sale in Thalawathugoda,"View all > Houses > Apartments > Commercial > Bungalows > Villas > Studio
/ Bedsit > Warehouse > Featured developments for sale > New Beachfront Projects > Newly
built property for sale > Colonial
Houses for sale > Urgent properties for sale > Luxury
Apartments > Mid-range
Apartments > Bungalows
in Nuwara Eliya > Houses
in Battaramulla area > Commercial property for sale
in
Colombo > Hotels for Sale > Warehouses for sale > Brand
new apartment > Beachfront properties for sale > Beachfront Apartments for sale > Below Market Value properties > Sri Lanka House Price Index > Sri Lanka Land Price Index > Guide for
foreigners
buying property > All property for Rent > Houses > Apartments > Commercial > Bungalows > Annexes > Hostels > Villas > Studio
/ Bedsit > Rooms
/ Boarding Places > View All Featured Properties > Warehouses for rent > Newly built property for rent > Urgent properties to let > Short
term rentals > Office spaces in
Colombo > Co-working places > House Prices > Find All Land for Sale or Lease > Bare
Land > Beachfront
Land > Cultivated
/ Agriculture > Land
with House > Tea
Estate Land > Rubber
Estate Land > Coconut
Estate Land > Paddy
(Rice) Land > Cinnamon
Estate Land > Waterfront
Land > Featured Land Projects > Lands
in Nuwara Eliya > Investment Lands
within 1 hour of Colombo > Lands
for less than 1 lakh a perch in Western Province > Cultivation
lands within 1 hour from Colombo > Land
Prices in Greater Colombo > View All New Projects > Featured Projects > Apartment FinderNew > Featured Land Projects > Condo Directory > Property
Valuations > Legal
Assistance > Document
preparation & submission > Mortgage
Advice > Fees
& taxes payment > Personal
Assistance > Other
Services > Market
Research and Advisory > Property
Buying Advisory > Business
Buying or Selling Advisory > Property
Buying Assistance for Foreigners > Advisory on Investing
in Sri Lanka > House
Construction > Packers &
Movers > Solar Panels > Invest Home > Top Investment
Properties > Luxury
Apartments > Mid-range
Apartments > Lands and
Bungalows
in Nuwara Eliya > Houses in
Battaramulla area > Cultivation
lands > Investment Lands
within 1 hour of Colombo > Commercial
property
for sale in Colombo > Hotels for
Sale > ROI calculator > Trending Properties > Top Investment
properties > House Price Index > Land price
index > Home Loan Rates > Home
Loan Calculator > Home
Loan Comparison > Market Insights > Price Meter > Property Buying Guide > Foreign Buyers'
Guide > Capital
Gains Tax > Sri Lanka House Price Index > Sri Lanka Land Price Index > Membership Benefits > Market Outlook Report > News & Guides > View All Wanted Properties > Houses wanted > Apartments wanted > Land wanted > Commercial Buildings > Rooms wanted > Post Your
Ad > View All Agents / Agents
Directory > Promote your
property > Become an Agent > Residential
sales > Letting
Agents > Commercial
property agents > Land Sales > Buyer
& Seller Assistance > Promote
your property > View All
Businesses for
Sale > Real
Estate > Restaurant > Construction > Agriculture > Tech > Hospitality > Business > Manufacturing > Garment-Textile > Services-BPO > Maps of Sri Lanka > Area Guide > Point of
Interests > Property Buying Guide > Foreign Buyers'
Guide > Capital
Gains Tax > Sri Lanka House Price Index > Sri Lanka Land Price Index > Membership Benefits > News & Guides > About us > Careers > Contact Us > Events > FAQs > Ideal Home > Appliances &
Electronics > Furniture > Household items > Solar & Hot Water > Bathrooms > Gardening > Kitchen > Professionals > Flooring > House Construction > Lighting > Service Providers > Other Services > Home > ... > Sales > Colombo District > Thalawathugoda > House > Home > ... > Sales > Colombo District > Thalawathugoda > House","Hokandara Road, Thalawathugoda","Rs. 95,000,000


















",95000000.0,True,House,6,,4819 sq.ft.,3,11.2 perches,Available Now,Furnished,10+ years,,6.0,,4819.0,11.2,"{""Bathrooms/WCs"": ""6"", ""Agent Ref"": ""H229"", ""Car parking spaces"": ""3""}","Located in a well-established residential neighbourhood at Crestwood Crescent, close to Thalawathugoda Junction. Ideal for an extended family or as a rental investment with three independently accessible units. Property Details: Land extent: 11.2 perches Total floor area: 4,819 sq.ft Three-storey house Three separate residential units Separate access to each unit Total of 6 bedrooms Total of 6 attached bathrooms All bedrooms are air-conditioned Provision available for an elevator Parking for 3 vehicles Secure roller gate Approximately 10 years old Well maintained Access via a 17-foot-wide concreted road Ground Floor – 1,483 sq.ft 2 bedrooms 2 attached bathrooms Study room First Floor – 1,909 sq.ft 2 bedrooms 2 attached bathrooms Living area Pantry with countertop Second Floor – 1,427 sq.ft 2 bedrooms 2 attached bathrooms Living and dining area Pantry Location & Nearby Amenities Approximately 100 metres from Hokandara Road Around 500 metres from Thalawathugoda Junction Approximately 2.4 km from Pelawatta Junction Approximately 4.1 km from Battaramulla Town Convenient access to public and private transport Close to supermarkets, hospitals, schools, financial institutions, government offices, shopping complexes and other daily conveniences An excellent opportunity for multi-generational living or generating rental income from three separate units."
https://www.lankapropertyweb.com/sale/property_details-5934378.html,5934378,2026-08-10T10:32:51.692427+00:00,07 Bedroom Unfurnished House for Sale in Colombo 07 (A6463),"View all > Houses > Apartments > Commercial > Bungalows > Villas > Studio
/ Bedsit > Warehouse > Featured developments for sale > New Beachfront Projects > Newly
built property for sale > Colonial
Houses for sale > Urgent properties for sale > Luxury
Apartments > Mid-range
Apartments > Bungalows
in Nuwara Eliya > Houses
in Battaramulla area > Commercial property for sale
in
Colombo > Hotels for Sale > Warehouses for sale > Brand
new apartment > Beachfront properties for sale > Beachfront Apartments for sale > Below Market Value properties > Sri Lanka House Price Index > Sri Lanka Land Price Index > Guide for
foreigners
buying property > All property for Rent > Houses > Apartments > Commercial > Bungalows > Annexes > Hostels > Villas > Studio
/ Bedsit > Rooms
/ Boarding Places > View All Featured Properties > Warehouses for rent > Newly built property for rent > Urgent properties to let > Short
term rentals > Office spaces in
Colombo > Co-working places > House Prices > Find All Land for Sale or Lease > Bare
Land > Beachfront
Land > Cultivated
/ Agriculture > Land
with House > Tea
Estate Land > Rubber
Estate Land > Coconut
Estate Land > Paddy
(Rice) Land > Cinnamon
Estate Land > Waterfront
Land > Featured Land Projects > Lands
in Nuwara Eliya > Investment Lands
within 1 hour of Colombo > Lands
for less than 1 lakh a perch in Western Province > Cultivation
lands within 1 hour from Colombo > Land
Prices in Greater Colombo > View All New Projects > Featured Projects > Apartment FinderNew > Featured Land Projects > Condo Directory > Property
Valuations > Legal
Assistance > Document
preparation & submission > Mortgage
Advice > Fees
& taxes payment > Personal
Assistance > Other
Services > Market
Research and Advisory > Property
Buying Advisory > Business
Buying or Selling Advisory > Property
Buying Assistance for Foreigners > Advisory on Investing
in Sri Lanka > House
Construction > Packers &
Movers > Solar Panels > Invest Home > Top Investment
Properties > Luxury
Apartments > Mid-range
Apartments > Lands and
Bungalows
in Nuwara Eliya > Houses in
Battaramulla area > Cultivation
lands > Investment Lands
within 1 hour of Colombo > Commercial
property
for sale in Colombo > Hotels for
Sale > ROI calculator > Trending Properties > Top Investment
properties > House Price Index > Land price
index > Home Loan Rates > Home
Loan Calculator > Home
Loan Comparison > Market Insights > Price Meter > Property Buying Guide > Foreign Buyers'
Guide > Capital
Gains Tax > Sri Lanka House Price Index > Sri Lanka Land Price Index > Membership Benefits > Market Outlook Report > News & Guides > View All Wanted Properties > Houses wanted > Apartments wanted > Land wanted > Commercial Buildings > Rooms wanted > Post Your
Ad > View All Agents / Agents
Directory > Promote your
property > Become an Agent > Residential
sales > Letting
Agents > Commercial
property agents > Land Sales > Buyer
& Seller Assistance > Promote
your property > View All
Businesses for
Sale > Real
Estate > Restaurant > Construction > Agriculture > Tech > Hospitality > Business > Manufacturing > Garment-Textile > Services-BPO > Maps of Sri Lanka > Area Guide > Point of
Interests > Property Buying Guide > Foreign Buyers'
Guide > Capital
Gains Tax > Sri Lanka House Price Index > Sri Lanka Land Price Index > Membership Benefits > News & Guides > About us > Careers > Contact Us > Events > FAQs > Ideal Home > Appliances &
Electronics > Furniture > Household items > Solar & Hot Water > Bathrooms > Gardening > Kitchen > Professionals > Flooring > House Construction > Lighting > Service Providers > Other Services > Home > ... > Sales > Colombo District > Colombo 7 > House > Home > ... > Sales > Colombo District > Colombo 7 > House",Colombo 7,"Rs. 390,000,000





",390000000.0,True,House,7,07 Bathroom,5320 sq.ft.,,18 perches,Available Now,Unfurnished,,,7.0,7.0,5320.0,18.0,"{""Bathrooms/WCs"": ""7""}","Property Code: A6463 Location: Colombo 07 Type : Unfurnished Bedroom: 07 Bathroom: 07 Floor Area: 5320 Sqft Land Area: 18 Perches Servants' quarters: Available Parking: Available Other Features: Generator & Hot Water Price: LKR 390 Million (Negotiable) Explore Neighbourhood - Map View Colombo 7 [View on large map] Find out how much you can save with our Home Loan Calculator Apply now for a home loan More Details Property prices in Colombo 7 Buy Rent Average Sale Price is Rs. 80,713 Per SQ.FT. PRICE TRENDS → 7.6% Price decreased compared to last year Try our new price meter tool to find out the average price of a property in Colombo 7 Try our new price meter tool to find out the average price of a property in Colombo 7 PRICE METER → Contact Advertiser Gold Agent VERIFIED Agent 94-7771... Click to view Number 94-7771... Click to view Number Elegant Real Estate : 94-777162642 This advertiser has been advertising with us for 4 years Request a call back Please enter your phone number to request the advertiser to call you back Send SEND Important information : This ad has been posted on LankaPropertyWeb.com by the above mentioned advertiser. LankaPropertyWeb.com does not have any connection with this advertiser, nor do we vet the advertisers, guarantee their services, responsible for the accuracy of the ad's content or are responsible for services provided by the advertisers. LankaPropertyWeb.com does not provide any service other than list the advertisements posted by advertisers. You will be contacting the advertiser (owner/agent) of this property directly. We advise you to take precaution when making any payments or signing any agreements and be alert of any possible scams. If making any payments we recommend that you have two permanent & verified methods of contact of the payment receiver such as their landline number and home/business address. Posted/Edited: Today REPORT THIS AD Find Similar Properties Colombo 7 View all 3 6 3000 sqft Colonial type House for sale in the Heart of Colombo 7 Colombo 7 Negotiable 9 5 4000 sqft ￭ Colombo 07 ￭ 05BR House For Sale ￭ (NK11292) Colombo 7 Rs. 400M 10 4 3500 sqft FOR SALE: Exceptional 10 Perch Colombo 7 Home Colombo 7 Rs. 230M Negotiable 10 4 3500 sqft Ultra Modern 4 Bedroom House Construction in Colombo... Colombo 7 10 5 2932 sqft Super Luxury 5 Bedroom house construction in Colombo... Colombo 7 10 3 2000 sqft 3 Bedroom House Construction in Colombo 7 for Rs. 23.6... Colombo 7 10 6 11000 sqft House for Sale - Colombo 07 | LKR 850,000,000 Colombo 7 Rs. 850M VIEW ALL PROPERTIES FOR sale in Colombo 7 (145) Next Steps for Buyers Guide to Buying a Property Legal Assistance & Document Preparation Property Valuation Help & Advisory on Buying a Property Get help applying for a Housing Loan Find a House Mover View more There is no place like home Explore everything you need to build and decorate your dream home Visit Website Be the first to know Get instant alerts on newly added Houses for sale in Colombo 7 – your dream property awaits! Subscribe now Create Alert Now Top Searches Houses for sale in Colombo 7 Apartments for sale in Colombo 7 Commercial property for sale in Colombo 7 Bungalows for sale in Colombo 7 Hotels for sale in Colombo 7 Villas for sale in Colombo 7 Studio/Bedsit for sale in Colombo 7 Featured Projects Altair More Details Aarana Boutique Residencies More Details The Elizabeth Colombo 07 More Details Mon Vie More Details Marina Square More Details ASTORIA More Details Property Saved!. Manage Favorite not saved! Try again Favorite removed! Ok Share Save Contact Advertiser Gold Agent Elegant Real Estate Agent View agent's properties Check Availability 94-7771... WHATSAPP EMAIL Share this property Email to a friend Messenger Whatsapp Viber X Linkedin Telegram Copy url More Share Options Agent Please enter your details Interested in this property or want more details? Fill out the form below, and the advertiser will get in touch with you shortly! SUBMIT CALL CHAT Report this AD Please select a reason Not a property ad Property not available anymore No such property Incorrect contact details Advertiser unresponsive Unrealistic price Image on ad is not that of property Spam Scam/Fake ad Other Submit Please Enter Your Details To view the seller's number, please enter your name, email and contact number. This will help the seller follow up on your inquiry. Show Phone Number Gold Agent Agent Verified Agent Elegant Real Estate 94-777162642 Call Now Gold Agent Agent Verified Agent Elegant Real Estate 94-777162642 WhatsApp Find your favourite properties from the top of the page Click on the star icon to view your favourite ads LankaProperty web - Email property to a friend Send Email Please Enter Your Details To contact the advertiser on whatsapp, please enter your name, email and contact number. This will help the seller follow up on your inquiry. WHATSAPP Navigation Home Sales Rentals Land Featured Projects Ideal Home Post your ad Wanted Find Agent Our Services Market Insights House Price Index Invest Land Price Index Businesses for Sale Home Loan Comparison Property Buying Guide Maps News & Guides Become a Member Login All ads Features & Tools Home Loan Calculator Location Guide Trending Properties Price Meter Top Investment Properties Below Market Value Properties Email Alerts Market Outlook Report ROI Calculator Country Sri Lanka Maldives USA About Help Contact Us About Us Terms and Conditions Privacy Policy Careers Events Follow us on Social Media Subscribe to our newsletter You have successfully signed up for our newsletter Subscribe © Copyright LankaPropertyWeb.com, lpw.lk 2026 | All Rights Reserved × Newsletter You have successfully signed up for our newsletter Close Save Properties in Your Account × View saved properties Keep search history across devices See which properties you have contacted Continue with Google OR Login By registering you accept our Terms & Conditions and our privacy policy ."
https://www.lankapropertyweb.com/sale/property_details-5886417.html,5886417,2026-08-10T10:32:55.192015+00:00,Luxury Two Story House for Sale in Col.03 for Rs 22 million per perch (Only land value),"View all > Houses > Apartments > Commercial > Bungalows > Villas > Studio
/ Bedsit > Warehouse > Featured developments for sale > New Beachfront Projects > Newly
built property for sale > Colonial
Houses for sale > Urgent properties for sale > Luxury
Apartments > Mid-range
Apartments > Bungalows
in Nuwara Eliya > Houses
in Battaramulla area > Commercial property for sale
in
Colombo > Hotels for Sale > Warehouses for sale > Brand
new apartment > Beachfront properties for sale > Beachfront Apartments for sale > Below Market Value properties > Sri Lanka House Price Index > Sri Lanka Land Price Index > Guide for
foreigners
buying property > All property for Rent > Houses > Apartments > Commercial > Bungalows > Annexes > Hostels > Villas > Studio
/ Bedsit > Rooms
/ Boarding Places > View All Featured Properties > Warehouses for rent > Newly built property for rent > Urgent properties to let > Short
term rentals > Office spaces in
Colombo > Co-working places > House Prices > Find All Land for Sale or Lease > Bare
Land > Beachfront
Land > Cultivated
/ Agriculture > Land
with House > Tea
Estate Land > Rubber
Estate Land > Coconut
Estate Land > Paddy
(Rice) Land > Cinnamon
Estate Land > Waterfront
Land > Featured Land Projects > Lands
in Nuwara Eliya > Investment Lands
within 1 hour of Colombo > Lands
for less than 1 lakh a perch in Western Province > Cultivation
lands within 1 hour from Colombo > Land
Prices in Greater Colombo > View All New Projects > Featured Projects > Apartment FinderNew > Featured Land Projects > Condo Directory > Property
Valuations > Legal
Assistance > Document
preparation & submission > Mortgage
Advice > Fees
& taxes payment > Personal
Assistance > Other
Services > Market
Research and Advisory > Property
Buying Advisory > Business
Buying or Selling Advisory > Property
Buying Assistance for Foreigners > Advisory on Investing
in Sri Lanka > House
Construction > Packers &
Movers > Solar Panels > Invest Home > Top Investment
Properties > Luxury
Apartments > Mid-range
Apartments > Lands and
Bungalows
in Nuwara Eliya > Houses in
Battaramulla area > Cultivation
lands > Investment Lands
within 1 hour of Colombo > Commercial
property
for sale in Colombo > Hotels for
Sale > ROI calculator > Trending Properties > Top Investment
properties > House Price Index > Land price
index > Home Loan Rates > Home
Loan Calculator > Home
Loan Comparison > Market Insights > Price Meter > Property Buying Guide > Foreign Buyers'
Guide > Capital
Gains Tax > Sri Lanka House Price Index > Sri Lanka Land Price Index > Membership Benefits > Market Outlook Report > News & Guides > View All Wanted Properties > Houses wanted > Apartments wanted > Land wanted > Commercial Buildings > Rooms wanted > Post Your
Ad > View All Agents / Agents
Directory > Promote your
property > Become an Agent > Residential
sales > Letting
Agents > Commercial
property agents > Land Sales > Buyer
& Seller Assistance > Promote
your property > View All
Businesses for
Sale > Real
Estate > Restaurant > Construction > Agriculture > Tech > Hospitality > Business > Manufacturing > Garment-Textile > Services-BPO > Maps of Sri Lanka > Area Guide > Point of
Interests > Property Buying Guide > Foreign Buyers'
Guide > Capital
Gains Tax > Sri Lanka House Price Index > Sri Lanka Land Price Index > Membership Benefits > News & Guides > About us > Careers > Contact Us > Events > FAQs > Ideal Home > Appliances &
Electronics > Furniture > Household items > Solar & Hot Water > Bathrooms > Gardening > Kitchen > Professionals > Flooring > House Construction > Lighting > Service Providers > Other Services > Home > ... > Sales > Colombo District > Colombo 3 > House > Home > ... > Sales > Colombo District > Colombo 3 > House","Green Path, Colombo 3","Rs. 264,000,000
  ",264000000.0,True,House,7,,4500 sq.ft.,2,12 perches,Available Now,Unfurnished,,,7.0,,4500.0,12.0,"{""Bathrooms/WCs"": ""5"", ""Agent Ref"": ""C/G"", ""Car parking spaces"": ""4""}","•Two Story house •7 rooms •5 washrooms •Air conditioned •Parking space for 4 vehicles •Roof top •1 perch - 22 million •Only land value Property Features AC ROOMS LUXURY SPECS MAINLINE WATER 3 PHASE ELECTRICITY ROOF TOP GARDEN GARAGE ATTACHED TOILETS OVERHEAD WATER STORAGE Explore Neighbourhood - Map View Green Path, Colombo 3 [View on large map] Find out how much you can save with our Home Loan Calculator Apply now for a home loan More Details Property prices in Colombo 3 Buy Rent 27% This property is 27% less than the market average price Per SQ.FT. Average Sale Price is Rs. 81,362 Per SQ.FT. PRICE TRENDS → 2.7% Price increased compared to last year Try our new price meter tool to find out the average price of a property in Colombo 3 Try our new price meter tool to find out the average price of a property in Colombo 3 PRICE METER → Contact Advertiser Platinum Agent Sethmina Real Estate Agent 94-7672... Click to view Number 94-7672... Click to view Number Kamal Wijesekara : 94-767293199 Kamal Wijesekara : 94-775593199 This advertiser has been advertising with us for 12 years Request a call back Please enter your phone number to request the advertiser to call you back Send SEND Important information : This ad has been posted on LankaPropertyWeb.com by the above mentioned advertiser. LankaPropertyWeb.com does not have any connection with this advertiser, nor do we vet the advertisers, guarantee their services, responsible for the accuracy of the ad's content or are responsible for services provided by the advertisers. LankaPropertyWeb.com does not provide any service other than list the advertisements posted by advertisers. You will be contacting the advertiser (owner/agent) of this property directly. We advise you to take precaution when making any payments or signing any agreements and be alert of any possible scams. If making any payments we recommend that you have two permanent & verified methods of contact of the payment receiver such as their landline number and home/business address. Posted/Edited: 127 days ago REPORT THIS AD Find Similar Properties Rs. 237M - 290M Rs. 50K - 60K PSF 4000 - 5000 sqft Colombo 3 View all View all View all View all 9 6 2900 sqft Two Storied House for Sale in Colombo 8 - PDH172 Colombo 8 Rs. 145M 5 7 6000 sqft 7 Bedroom Luxury Two Storied House for Sale - Nawala,... Nawala Rs. 300M 9 4 3000 sqft 4 Bedroom House for Sale in Colombo 5, S1692 Colombo 5 Rs. 150M 10 4 4000 sqft Three Story House For Sale In Nawala -code Add 965 Nawala Rs. 200M Negotiable 7 4 5000 sqft 4 Bedroom House for Sale in Colombo 5, S1741 Colombo 5 Rs. 250M 10 7 6000 sqft Nawala Koswatta 02 Storied Luxury House on 21.26 Perches... Nawala Rs. 300M Negotiable 10 4 5000 sqft FOR SALE: Beautiful Colombo 5 Family Home with Pool Colombo 5 Rs. 250M 10 11 11000 sqft 11 Bedrooms House for Sale in Nawala - PDH304 Nawala Rs. 550M 10 6 4737 sqft 6 Bedroom house for sales in Colombo 6 for Rs. 300... Colombo 6 Rs. 300M Negotiable 4 5 4400 sqft Luxury Three storey 5 Bedroom House for Sale in Colombo... Colombo 6 Rs. 185M Negotiable 10 4 4113 sqft Brand-New Luxury Modern House for Sale - Nawa... Nawala Rs. 170M Negotiable 9 5 4000 sqft ￭ Colombo 07 ￭ 05BR House For Sale ￭ (NK11292) Colombo 7 Rs. 400M 10 9+ 4700 sqft Luxury House for Sale in the Heart of Colombo No 20... Colombo 5 Rs. 250M 10 4 4500 sqft FOR SALE: Impressive 37 Perch Nawala Family Home Nawala Rs. 220M 10 4 5000 sqft FOR SALE: Beautiful Colombo 5 Family Home with Pool Colombo 5 Rs. 250M 10 4 5000 sqft FOR SALE: Glorious Nawala Family Home with Pool Nawala Rs. 175M Negotiable 10 2 3000 sqft FOR SALE: Fantastic Colombo 03 Residential Property Colombo 3 Rs. 610.5M 3 10 4900.5 sqft House for Sale – Schofield Place, Colombo 03 Colombo 3 Rs. 350M Negotiable 10 5 4000 sqft Colombo 03 luxury 05 Bedroom House for Sale Good Investment... Colombo 3 Rs. 290M 7 11000 sqft 66 Perches - Furnished Unfurnished House for Sale -... Colombo 3 Rs. 198M 10 4 2271 sqft 4 Bedroom House Construction in Colombo 3 / Rs. 24.7... Colombo 3 8 5 7500 sqft Property For Sale off Dharmapala Mawatha Colombo 3 Rs. 550M Negotiable 9 5 4000 sqft (SE1562)🏡✨ Luxury 5-Bedroom House with Rooftop... Colombo 3 Rs. 280M 10 3 4500 sqft House for Sale - Colombo 07 | LKR 240,000,000 Colombo 7 Rs. 240M 6 8 4945 sqft 08 Bedroom Unfurnished 02 Storied House for Sale in... Colombo 5 Rs. 240M Negotiable 7 3 3000 sqft Colombo 05, Thimbirigasyaya Road 03 Bed Room House... Colombo 5 Rs. 240M Negotiable 7 6 3000 sqft Old House on 20p For Sale Colombo 4 Rs. 240M Negotiable 9 4 2200 sqft Colombo 7 | Bullers Lane | Spacious House | 4Bedrooms... Colombo 7 Rs. 240M 1 4 2640 sqft House for Sale in Colombo 3 Colombo 3 Rs. 242.5M 10 3 2550 sqft Prime Residential Or Commercial Property for Sale –... Colombo 5 Rs. 244M Negotiable 10 3 2548 sqft 03 Bedroom Furnished 02 Storied House for Sale in Colombo... Colombo 5 Rs. 245M Negotiable VIEW ALL PROPERTIES Within Rs. 237M - 290M (96) VIEW ALL PROPERTIES FOR sale in Colombo 3 (69) VIEW ALL PROPERTIES Within 4,000 - 5,000 sq.ft. (204) VIEW ALL PROPERTIES Within Rs. 50K - 60K PSF (108) Next Steps for Buyers Guide to Buying a Property Legal Assistance & Document Preparation Property Valuation Help & Advisory on Buying a Property Get help applying for a Housing Loan Find a House Mover View more There is no place like home Explore everything you need to build and decorate your dream home Visit Website Be the first to know Get instant alerts on newly added Houses for sale in Colombo 3 – your dream property awaits! Subscribe now Create Alert Now Top Searches Houses for sale in Colombo 3 Apartments for sale in Colombo 3 Commercial property for sale in Colombo 3 Bungalows for sale in Colombo 3 Hotels for sale in Colombo 3 Villas for sale in Colombo 3 Studio/Bedsit for sale in Colombo 3 Featured Projects Mon Vie More Details Marina Square More Details ASTORIA More Details Altair More Details Aarana Boutique Residencies More Details The Elizabeth Colombo 07 More Details Property Saved!. Manage Favorite not saved! Try again Favorite removed! Ok Share Save Contact Advertiser Platinum Agent Sethmina Real Estate Agent View agent's properties Check Availability 94-7672... WHATSAPP EMAIL Share this property Email to a friend Messenger Whatsapp Viber X Linkedin Telegram Copy url More Share Options Sethmina Real Estate Agent Please enter your details Interested in this property or want more details? Fill out the form below, and the advertiser will get in touch with you shortly! SUBMIT CALL CHAT Report this AD Please select a reason Not a property ad Property not available anymore No such property Incorrect contact details Advertiser unresponsive Unrealistic price Image on ad is not that of property Spam Scam/Fake ad Other Submit Please Enter Your Details To view the seller's number, please enter your name, email and contact number. This will help the seller follow up on your inquiry. Show Phone Number Platinum Agent Sethmina Real Estate Agent Kamal Wijesekara 94-767293199 Call Now Kamal Wijesekara 94-775593199 Call Now Platinum Agent Sethmina Real Estate Agent Kamal Wijesekara 94-767293199 WhatsApp Kamal Wijesekara 94-775593199 WhatsApp Find your favourite properties from the top of the page Click on the star icon to view your favourite ads LankaProperty web - Email property to a friend Send Email Please Enter Your Details To contact the advertiser on whatsapp, please enter your name, email and contact number. This will help the seller follow up on your inquiry. WHATSAPP Navigation Home Sales Rentals Land Featured Projects Ideal Home Post your ad Wanted Find Agent Our Services Market Insights House Price Index Invest Land Price Index Businesses for Sale Home Loan Comparison Property Buying Guide Maps News & Guides Become a Member Login All ads Features & Tools Home Loan Calculator Location Guide Trending Properties Price Meter Top Investment Properties Below Market Value Properties Email Alerts Market Outlook Report ROI Calculator Country Sri Lanka Maldives USA About Help Contact Us About Us Terms and Conditions Privacy Policy Careers Events Follow us on Social Media Subscribe to our newsletter You have successfully signed up for our newsletter Subscribe © Copyright LankaPropertyWeb.com, lpw.lk 2026 | All Rights Reserved × Newsletter You have successfully signed up for our newsletter Close Save Properties in Your Account × View saved properties Keep search history across devices See which properties you have contacted Continue with Google OR Login By registering you accept our Terms & Conditions and our privacy policy ."
https://www.lankapropertyweb.com/sale/property_details-5934172.html,5934172,2026-08-10T10:32:57.435717+00:00,(PH1000) 2 Storey Houses for Sale in Mirihana,"View all > Houses > Apartments > Commercial > Bungalows > Villas > Studio
/ Bedsit > Warehouse > Featured developments for sale > New Beachfront Projects > Newly
built property for sale > Colonial
Houses for sale > Urgent properties for sale > Luxury
Apartments > Mid-range
Apartments > Bungalows
in Nuwara Eliya > Houses
in Battaramulla area > Commercial property for sale
in
Colombo > Hotels for Sale > Warehouses for sale > Brand
new apartment > Beachfront properties for sale > Beachfront Apartments for sale > Below Market Value properties > Sri Lanka House Price Index > Sri Lanka Land Price Index > Guide for
foreigners
buying property > All property for Rent > Houses > Apartments > Commercial > Bungalows > Annexes > Hostels > Villas > Studio
/ Bedsit > Rooms
/ Boarding Places > View All Featured Properties > Warehouses for rent > Newly built property for rent > Urgent properties to let > Short
term rentals > Office spaces in
Colombo > Co-working places > House Prices > Find All Land for Sale or Lease > Bare
Land > Beachfront
Land > Cultivated
/ Agriculture > Land
with House > Tea
Estate Land > Rubber
Estate Land > Coconut
Estate Land > Paddy
(Rice) Land > Cinnamon
Estate Land > Waterfront
Land > Featured Land Projects > Lands
in Nuwara Eliya > Investment Lands
within 1 hour of Colombo > Lands
for less than 1 lakh a perch in Western Province > Cultivation
lands within 1 hour from Colombo > Land
Prices in Greater Colombo > View All New Projects > Featured Projects > Apartment FinderNew > Featured Land Projects > Condo Directory > Property
Valuations > Legal
Assistance > Document
preparation & submission > Mortgage
Advice > Fees
& taxes payment > Personal
Assistance > Other
Services > Market
Research and Advisory > Property
Buying Advisory > Business
Buying or Selling Advisory > Property
Buying Assistance for Foreigners > Advisory on Investing
in Sri Lanka > House
Construction > Packers &
Movers > Solar Panels > Invest Home > Top Investment
Properties > Luxury
Apartments > Mid-range
Apartments > Lands and
Bungalows
in Nuwara Eliya > Houses in
Battaramulla area > Cultivation
lands > Investment Lands
within 1 hour of Colombo > Commercial
property
for sale in Colombo > Hotels for
Sale > ROI calculator > Trending Properties > Top Investment
properties > House Price Index > Land price
index > Home Loan Rates > Home
Loan Calculator > Home
Loan Comparison > Market Insights > Price Meter > Property Buying Guide > Foreign Buyers'
Guide > Capital
Gains Tax > Sri Lanka House Price Index > Sri Lanka Land Price Index > Membership Benefits > Market Outlook Report > News & Guides > View All Wanted Properties > Houses wanted > Apartments wanted > Land wanted > Commercial Buildings > Rooms wanted > Post Your
Ad > View All Agents / Agents
Directory > Promote your
property > Become an Agent > Residential
sales > Letting
Agents > Commercial
property agents > Land Sales > Buyer
& Seller Assistance > Promote
your property > View All
Businesses for
Sale > Real
Estate > Restaurant > Construction > Agriculture > Tech > Hospitality > Business > Manufacturing > Garment-Textile > Services-BPO > Maps of Sri Lanka > Area Guide > Point of
Interests > Property Buying Guide > Foreign Buyers'
Guide > Capital
Gains Tax > Sri Lanka House Price Index > Sri Lanka Land Price Index > Membership Benefits > News & Guides > About us > Careers > Contact Us > Events > FAQs > Ideal Home > Appliances &
Electronics > Furniture > Household items > Solar & Hot Water > Bathrooms > Gardening > Kitchen > Professionals > Flooring > House Construction > Lighting > Service Providers > Other Services > Home > ... > Sales > Colombo District > Nugegoda > House > Home > ... > Sales > Colombo District > Nugegoda > House",Nugegoda,"Rs. 95,000,000


















",95000000.0,True,House,9,5 Bathrooms,4500 sq.ft.,2,16.5 perches,Available Now,Unfurnished,,20 ft.,9.0,5.0,4500.0,16.5,"{""Bathrooms/WCs"": ""5"", ""Car parking spaces"": ""3""}","title: (PH1000) 2 Storey Houses for Sale in Mirihana ◆ city: Nugegoda ◆ bedrooms: 9 ◆ bathrooms: 5 ◆ land_area: 16.5 Perches ◆ floor_area: 4500 Sq.Ft. ◆ property_type: House ◆ price:Negotiable ◆ furnishing: Unfurnished ◉ description: • Two well-maintained 2 storey houses for sale in the highly residential area of Mirihana, Nugegoda. Built on 16.5 perches of land with approximately 4,500 Sq.Ft. of floor area, these properties offer excellent accommodation for large families, multiple families, or as an investment with strong rental income potential. ◉ Property Features ➤ Two 2 Storey Houses ➤ Total of 9 Bedrooms ➤ Total of 5 Bathrooms ➤ 16.5 Perch Land ➤ Approximately 4500 Sq.Ft. Floor Area ➤ Fully Tiled ➤ Modern Pantry Cupboards ➤ Well Maintained ➤ Highly Residential Location ➤ Secure Neighbourhood ➤ Excellent Investment Opportunity ➤ First House • 4 Bedrooms • 3 Bathrooms • Sitting Room • Hall & Dining Area • TV Room • Kitchen • Upstairs Lobby • Veranda ➤ Second House - Ground Floor • 2 Bedrooms • 1 Bathroom • Hall & Dining Area • TV Room • Kitchen • Veranda ➤ Second House - First Floor • 3 Bedrooms • 1 Bathroom • Hall & Dining Area • Kitchen • Veranda • Roof Garden ◉ Amenities ➤ Electricity ➤ Water Supply ➤ Modern Pantry Cupboards ➤ Good Access Road ➤ Highly Residential Environment ➤ Easy Accessibility ★ Close Areas - ★ Super Markets Nearby ★ Schools Nearby ★ Banks Nearby ★ Hospitals Nearby ★ Public Transport Facilities Nearby ★ All infrastructure perfectly available including waste collection service. ★ There is no legal or financial issues associated with the property. ⇨ Feel free to call for an appointment or for More information Contact PEO Lands Real Estate (Pvt) Ltd GENUINE BUYERS ONLY *NO BROKERS* (බ්‍රෝකර්වරු ඇමතීමෙන් වලකින්න) Social Media : Facebook | YouTube | WhatsApp | Instagram | Tiktok | peolands.com | PEO Lands Real Estate (Pvt) Ltd"
https://www.lankapropertyweb.com/sale/property_details-5912514.html,5912514,2026-08-10T10:33:01.292690+00:00,Unfurnished Brand New Luxury 3-Storey House for Sale in Mount Lavinia,"View all > Houses > Apartments > Commercial > Bungalows > Villas > Studio
/ Bedsit > Warehouse > Featured developments for sale > New Beachfront Projects > Newly
built property for sale > Colonial
Houses for sale > Urgent properties for sale > Luxury
Apartments > Mid-range
Apartments > Bungalows
in Nuwara Eliya > Houses
in Battaramulla area > Commercial property for sale
in
Colombo > Hotels for Sale > Warehouses for sale > Brand
new apartment > Beachfront properties for sale > Beachfront Apartments for sale > Below Market Value properties > Sri Lanka House Price Index > Sri Lanka Land Price Index > Guide for
foreigners
buying property > All property for Rent > Houses > Apartments > Commercial > Bungalows > Annexes > Hostels > Villas > Studio
/ Bedsit > Rooms
/ Boarding Places > View All Featured Properties > Warehouses for rent > Newly built property for rent > Urgent properties to let > Short
term rentals > Office spaces in
Colombo > Co-working places > House Prices > Find All Land for Sale or Lease > Bare
Land > Beachfront
Land > Cultivated
/ Agriculture > Land
with House > Tea
Estate Land > Rubber
Estate Land > Coconut
Estate Land > Paddy
(Rice) Land > Cinnamon
Estate Land > Waterfront
Land > Featured Land Projects > Lands
in Nuwara Eliya > Investment Lands
within 1 hour of Colombo > Lands
for less than 1 lakh a perch in Western Province > Cultivation
lands within 1 hour from Colombo > Land
Prices in Greater Colombo > View All New Projects > Featured Projects > Apartment FinderNew > Featured Land Projects > Condo Directory > Property
Valuations > Legal
Assistance > Document
preparation & submission > Mortgage
Advice > Fees
& taxes payment > Personal
Assistance > Other
Services > Market
Research and Advisory > Property
Buying Advisory > Business
Buying or Selling Advisory > Property
Buying Assistance for Foreigners > Advisory on Investing
in Sri Lanka > House
Construction > Packers &
Movers > Solar Panels > Invest Home > Top Investment
Properties > Luxury
Apartments > Mid-range
Apartments > Lands and
Bungalows
in Nuwara Eliya > Houses in
Battaramulla area > Cultivation
lands > Investment Lands
within 1 hour of Colombo > Commercial
property
for sale in Colombo > Hotels for
Sale > ROI calculator > Trending Properties > Top Investment
properties > House Price Index > Land price
index > Home Loan Rates > Home
Loan Calculator > Home
Loan Comparison > Market Insights > Price Meter > Property Buying Guide > Foreign Buyers'
Guide > Capital
Gains Tax > Sri Lanka House Price Index > Sri Lanka Land Price Index > Membership Benefits > Market Outlook Report > News & Guides > View All Wanted Properties > Houses wanted > Apartments wanted > Land wanted > Commercial Buildings > Rooms wanted > Post Your
Ad > View All Agents / Agents
Directory > Promote your
property > Become an Agent > Residential
sales > Letting
Agents > Commercial
property agents > Land Sales > Buyer
& Seller Assistance > Promote
your property > View All
Businesses for
Sale > Real
Estate > Restaurant > Construction > Agriculture > Tech > Hospitality > Business > Manufacturing > Garment-Textile > Services-BPO > Maps of Sri Lanka > Area Guide > Point of
Interests > Property Buying Guide > Foreign Buyers'
Guide > Capital
Gains Tax > Sri Lanka House Price Index > Sri Lanka Land Price Index > Membership Benefits > News & Guides > About us > Careers > Contact Us > Events > FAQs > Ideal Home > Appliances &
Electronics > Furniture > Household items > Solar & Hot Water > Bathrooms > Gardening > Kitchen > Professionals > Flooring > House Construction > Lighting > Service Providers > Other Services > Home > ... > Sales > Colombo District > Mount Lavinia > House > Home > ... > Sales > Colombo District > Mount Lavinia > House",Mount Lavinia,"Rs. 90,000,000


















",90000000.0,True,House,5,5 Bathrooms,6000 sq.ft.,,11 perches,Available Now,,,,5.0,5.0,6000.0,11.0,"{""Bathrooms/WCs"": ""6"", ""Agent Ref"": ""HS00613"", ""Car parking spaces"": ""3""}","Location: Mount Lavinia Price: LKR 90 Million Property Details: Type: Brand New Luxury House Land Size: 11 Perches House Size: Approx. 6,000 Sq.ft Floors: 3 Bedrooms: 5 Bathrooms: 6 Parking: 3 Vehicles Furnishing: Unfurnished Pet Friendly: Yes Key Features: •	Brand new construction •	Spacious three-storey layout •	Large living and dining areas •	Ideal for luxury family living •	Excellent natural lighting and ventilation •	Generous room sizes throughout •	Located in a peaceful and highly residential neighborhood •	Suitable for both residential living and long-term investment Access: •	18ft Wide Access Road •	Easy access to Pirivena Road and Galle Road Legal & Ownership: •	Single Ownership •	Clear Deed •	All Legal Documents Available •	Bank Loan Facilities Can Be Arranged Payment Terms: •	Cash Purchase •	Bank Loan Accepted Ref No: HS00613 Contact us today for more details or to schedule a viewing! A rare opportunity to own a brand-new luxury residence in one of Mount Lavinia’s most desirable residential neighborhoods."
https://www.lankapropertyweb.com/sale/property_details-5718117.html,5718117,2026-08-10T10:33:03.549391+00:00,Super Luxury 3 Bedroom House Construction in Nugegoda / Rs. 23.6 million /236 Laks / 2000 SQ.FT,"View all > Houses > Apartments > Commercial > Bungalows > Villas > Studio
/ Bedsit > Warehouse > Featured developments for sale > New Beachfront Projects > Newly
built property for sale > Colonial
Houses for sale > Urgent properties for sale > Luxury
Apartments > Mid-range
Apartments > Bungalows
in Nuwara Eliya > Houses
in Battaramulla area > Commercial property for sale
in
Colombo > Hotels for Sale > Warehouses for sale > Brand
new apartment > Beachfront properties for sale > Beachfront Apartments for sale > Below Market Value properties > Sri Lanka House Price Index > Sri Lanka Land Price Index > Guide for
foreigners
buying property > All property for Rent > Houses > Apartments > Commercial > Bungalows > Annexes > Hostels > Villas > Studio
/ Bedsit > Rooms
/ Boarding Places > View All Featured Properties > Warehouses for rent > Newly built property for rent > Urgent properties to let > Short
term rentals > Office spaces in
Colombo > Co-working places > House Prices > Find All Land for Sale or Lease > Bare
Land > Beachfront
Land > Cultivated
/ Agriculture > Land
with House > Tea
Estate Land > Rubber
Estate Land > Coconut
Estate Land > Paddy
(Rice) Land > Cinnamon
Estate Land > Waterfront
Land > Featured Land Projects > Lands
in Nuwara Eliya > Investment Lands
within 1 hour of Colombo > Lands
for less than 1 lakh a perch in Western Province > Cultivation
lands within 1 hour from Colombo > Land
Prices in Greater Colombo > View All New Projects > Featured Projects > Apartment FinderNew > Featured Land Projects > Condo Directory > Property
Valuations > Legal
Assistance > Document
preparation & submission > Mortgage
Advice > Fees
& taxes payment > Personal
Assistance > Other
Services > Market
Research and Advisory > Property
Buying Advisory > Business
Buying or Selling Advisory > Property
Buying Assistance for Foreigners > Advisory on Investing
in Sri Lanka > House
Construction > Packers &
Movers > Solar Panels > Invest Home > Top Investment
Properties > Luxury
Apartments > Mid-range
Apartments > Lands and
Bungalows
in Nuwara Eliya > Houses in
Battaramulla area > Cultivation
lands > Investment Lands
within 1 hour of Colombo > Commercial
property
for sale in Colombo > Hotels for
Sale > ROI calculator > Trending Properties > Top Investment
properties > House Price Index > Land price
index > Home Loan Rates > Home
Loan Calculator > Home
Loan Comparison > Market Insights > Price Meter > Property Buying Guide > Foreign Buyers'
Guide > Capital
Gains Tax > Sri Lanka House Price Index > Sri Lanka Land Price Index > Membership Benefits > Market Outlook Report > News & Guides > View All Wanted Properties > Houses wanted > Apartments wanted > Land wanted > Commercial Buildings > Rooms wanted > Post Your
Ad > View All Agents / Agents
Directory > Promote your
property > Become an Agent > Residential
sales > Letting
Agents > Commercial
property agents > Land Sales > Buyer
& Seller Assistance > Promote
your property > View All
Businesses for
Sale > Real
Estate > Restaurant > Construction > Agriculture > Tech > Hospitality > Business > Manufacturing > Garment-Textile > Services-BPO > Maps of Sri Lanka > Area Guide > Point of
Interests > Property Buying Guide > Foreign Buyers'
Guide > Capital
Gains Tax > Sri Lanka House Price Index > Sri Lanka Land Price Index > Membership Benefits > News & Guides > About us > Careers > Contact Us > Events > FAQs > Ideal Home > Appliances &
Electronics > Furniture > Household items > Solar & Hot Water > Bathrooms > Gardening > Kitchen > Professionals > Flooring > House Construction > Lighting > Service Providers > Other Services > Home > ... > Sales > Colombo District > Nugegoda > House > Home > ... > Sales > Colombo District > Nugegoda > House","With or Without Land, Nugegoda",Rs. 23.6 m,23600000.0,True,House,3,2 Bathrooms,200 sq.ft.,2,7 perches,Available soon,Unfurnished,1 year,,3.0,2.0,200.0,7.0,"{""Bathrooms/WCs"": ""2"", ""Car parking spaces"": ""2""}","Super Luxury House with 3 Bedrooms (2000 Sq.Ft) 2 Bathrooms Private Pool with outdoor entertainment area Reinforced concrete structure - 25 years warranty Selected Bathroom Fittings - 5 years warranty Construction Duration 6 Months + Rain Construction Cost Rs.23,632,000/- Cant find a land to build? We can help you. Call or Whats App 3 Decades + Experience in the Build Environment Call or WhatsApp for more info"
https://www.lankapropertyweb.com/sale/property_details-5718685.html,5718685,2026-08-10T10:33:06.985763+00:00,Super Luxury 5 Bedroom house in Rajagiriya / Rs. 44.5 million / Rs. 445 Laks,"View all > Houses > Apartments > Commercial > Bungalows > Villas > Studio
/ Bedsit > Warehouse > Featured developments for sale > New Beachfront Projects > Newly
built property for sale > Colonial
Houses for sale > Urgent properties for sale > Luxury
Apartments > Mid-range
Apartments > Bungalows
in Nuwara Eliya > Houses
in Battaramulla area > Commercial property for sale
in
Colombo > Hotels for Sale > Warehouses for sale > Brand
new apartment > Beachfront properties for sale > Beachfront Apartments for sale > Below Market Value properties > Sri Lanka House Price Index > Sri Lanka Land Price Index > Guide for
foreigners
buying property > All property for Rent > Houses > Apartments > Commercial > Bungalows > Annexes > Hostels > Villas > Studio
/ Bedsit > Rooms
/ Boarding Places > View All Featured Properties > Warehouses for rent > Newly built property for rent > Urgent properties to let > Short
term rentals > Office spaces in
Colombo > Co-working places > House Prices > Find All Land for Sale or Lease > Bare
Land > Beachfront
Land > Cultivated
/ Agriculture > Land
with House > Tea
Estate Land > Rubber
Estate Land > Coconut
Estate Land > Paddy
(Rice) Land > Cinnamon
Estate Land > Waterfront
Land > Featured Land Projects > Lands
in Nuwara Eliya > Investment Lands
within 1 hour of Colombo > Lands
for less than 1 lakh a perch in Western Province > Cultivation
lands within 1 hour from Colombo > Land
Prices in Greater Colombo > View All New Projects > Featured Projects > Apartment FinderNew > Featured Land Projects > Condo Directory > Property
Valuations > Legal
Assistance > Document
preparation & submission > Mortgage
Advice > Fees
& taxes payment > Personal
Assistance > Other
Services > Market
Research and Advisory > Property
Buying Advisory > Business
Buying or Selling Advisory > Property
Buying Assistance for Foreigners > Advisory on Investing
in Sri Lanka > House
Construction > Packers &
Movers > Solar Panels > Invest Home > Top Investment
Properties > Luxury
Apartments > Mid-range
Apartments > Lands and
Bungalows
in Nuwara Eliya > Houses in
Battaramulla area > Cultivation
lands > Investment Lands
within 1 hour of Colombo > Commercial
property
for sale in Colombo > Hotels for
Sale > ROI calculator > Trending Properties > Top Investment
properties > House Price Index > Land price
index > Home Loan Rates > Home
Loan Calculator > Home
Loan Comparison > Market Insights > Price Meter > Property Buying Guide > Foreign Buyers'
Guide > Capital
Gains Tax > Sri Lanka House Price Index > Sri Lanka Land Price Index > Membership Benefits > Market Outlook Report > News & Guides > View All Wanted Properties > Houses wanted > Apartments wanted > Land wanted > Commercial Buildings > Rooms wanted > Post Your
Ad > View All Agents / Agents
Directory > Promote your
property > Become an Agent > Residential
sales > Letting
Agents > Commercial
property agents > Land Sales > Buyer
& Seller Assistance > Promote
your property > View All
Businesses for
Sale > Real
Estate > Restaurant > Construction > Agriculture > Tech > Hospitality > Business > Manufacturing > Garment-Textile > Services-BPO > Maps of Sri Lanka > Area Guide > Point of
Interests > Property Buying Guide > Foreign Buyers'
Guide > Capital
Gains Tax > Sri Lanka House Price Index > Sri Lanka Land Price Index > Membership Benefits > News & Guides > About us > Careers > Contact Us > Events > FAQs > Ideal Home > Appliances &
Electronics > Furniture > Household items > Solar & Hot Water > Bathrooms > Gardening > Kitchen > Professionals > Flooring > House Construction > Lighting > Service Providers > Other Services > Home > ... > Sales > Colombo District > Rajagiriya > House > Home > ... > Sales > Colombo District > Rajagiriya > House","on your land, Rajagiriya",Rs. 44.5 m,44500000.0,True,House,5,,450 sq.ft.,2,30 perches,Available soon,Unfurnished,1 year,,5.0,,450.0,30.0,"{""Bathrooms/WCs"": ""5"", ""Car parking spaces"": ""5""}",Construction on your land - Rs. 44.5 million / Rs. 445 Laks This stunning super luxury home boasts 5 spacious bedrooms and 5 modern bathrooms. You'll have one parking space for 5 of your vehicles and can furnish the home to your liking. Don't miss the opportunity to build this luxurious villa in a prime location. Hurry and request more information today! New Development Construction Duration 8 months Construction included in the price Already own a land - Get quote to build on your land (Call or WhatsApp) 30 years of excellence in the build environment Call or WhatsApp for more info Can be customized UK Qualified Team Members 30 Years + Experience in the Build Environment Watch Video Below Call or WhatsApp for more info Rs. 44.5 million / Rs. 445 Laks
https://www.lankapropertyweb.com/sale/property_details-5915338.html,5915338,2026-08-10T10:33:09.910887+00:00,"Colonial House, DS Senanayaka Mawatha , Col 8, For Sale","View all > Houses > Apartments > Commercial > Bungalows > Villas > Studio
/ Bedsit > Warehouse > Featured developments for sale > New Beachfront Projects > Newly
built property for sale > Colonial
Houses for sale > Urgent properties for sale > Luxury
Apartments > Mid-range
Apartments > Bungalows
in Nuwara Eliya > Houses
in Battaramulla area > Commercial property for sale
in
Colombo > Hotels for Sale > Warehouses for sale > Brand
new apartment > Beachfront properties for sale > Beachfront Apartments for sale > Below Market Value properties > Sri Lanka House Price Index > Sri Lanka Land Price Index > Guide for
foreigners
buying property > All property for Rent > Houses > Apartments > Commercial > Bungalows > Annexes > Hostels > Villas > Studio
/ Bedsit > Rooms
/ Boarding Places > View All Featured Properties > Warehouses for rent > Newly built property for rent > Urgent properties to let > Short
term rentals > Office spaces in
Colombo > Co-working places > House Prices > Find All Land for Sale or Lease > Bare
Land > Beachfront
Land > Cultivated
/ Agriculture > Land
with House > Tea
Estate Land > Rubber
Estate Land > Coconut
Estate Land > Paddy
(Rice) Land > Cinnamon
Estate Land > Waterfront
Land > Featured Land Projects > Lands
in Nuwara Eliya > Investment Lands
within 1 hour of Colombo > Lands
for less than 1 lakh a perch in Western Province > Cultivation
lands within 1 hour from Colombo > Land
Prices in Greater Colombo > View All New Projects > Featured Projects > Apartment FinderNew > Featured Land Projects > Condo Directory > Property
Valuations > Legal
Assistance > Document
preparation & submission > Mortgage
Advice > Fees
& taxes payment > Personal
Assistance > Other
Services > Market
Research and Advisory > Property
Buying Advisory > Business
Buying or Selling Advisory > Property
Buying Assistance for Foreigners > Advisory on Investing
in Sri Lanka > House
Construction > Packers &
Movers > Solar Panels > Invest Home > Top Investment
Properties > Luxury
Apartments > Mid-range
Apartments > Lands and
Bungalows
in Nuwara Eliya > Houses in
Battaramulla area > Cultivation
lands > Investment Lands
within 1 hour of Colombo > Commercial
property
for sale in Colombo > Hotels for
Sale > ROI calculator > Trending Properties > Top Investment
properties > House Price Index > Land price
index > Home Loan Rates > Home
Loan Calculator > Home
Loan Comparison > Market Insights > Price Meter > Property Buying Guide > Foreign Buyers'
Guide > Capital
Gains Tax > Sri Lanka House Price Index > Sri Lanka Land Price Index > Membership Benefits > Market Outlook Report > News & Guides > View All Wanted Properties > Houses wanted > Apartments wanted > Land wanted > Commercial Buildings > Rooms wanted > Post Your
Ad > View All Agents / Agents
Directory > Promote your
property > Become an Agent > Residential
sales > Letting
Agents > Commercial
property agents > Land Sales > Buyer
& Seller Assistance > Promote
your property > View All
Businesses for
Sale > Real
Estate > Restaurant > Construction > Agriculture > Tech > Hospitality > Business > Manufacturing > Garment-Textile > Services-BPO > Maps of Sri Lanka > Area Guide > Point of
Interests > Property Buying Guide > Foreign Buyers'
Guide > Capital
Gains Tax > Sri Lanka House Price Index > Sri Lanka Land Price Index > Membership Benefits > News & Guides > About us > Careers > Contact Us > Events > FAQs > Ideal Home > Appliances &
Electronics > Furniture > Household items > Solar & Hot Water > Bathrooms > Gardening > Kitchen > Professionals > Flooring > House Construction > Lighting > Service Providers > Other Services > Home > ... > Sales > Colombo District > Colombo 8 > House > Home > ... > Sales > Colombo District > Colombo 8 > House","D S Senanayaka Mawatha, Colombo 8","Rs. 270,000,000
  ",270000000.0,True,House,3,,3500 sq.ft.,,19.4 perches,Available Now,Unfurnished,25+ years,20 ft.,3.0,,3500.0,19.4,"{""Bathrooms/WCs"": ""3"", ""Car parking spaces"": ""2""}","Colonial House D S Senanayaka Mawatha in Colombo 8 Exactly located few meters away from the main road inside wide lane Colonial House Sale for land value House can be modified and refurbished or built newly with the land 19.4 perches land Rs 14 million per perch Ideal investment opportunity Higher value appreciation Please call Nimal Kumarasiri, Real estate consultant or send sms or WhatsApp message for more information and arrange of viewings"
https://www.lankapropertyweb.com/sale/property_details-5893518.html,5893518,2026-08-10T10:33:13.456701+00:00,🏡 Battaramulla House for Sale – Land Value Only,"View all > Houses > Apartments > Commercial > Bungalows > Villas > Studio
/ Bedsit > Warehouse > Featured developments for sale > New Beachfront Projects > Newly
built property for sale > Colonial
Houses for sale > Urgent properties for sale > Luxury
Apartments > Mid-range
Apartments > Bungalows
in Nuwara Eliya > Houses
in Battaramulla area > Commercial property for sale
in
Colombo > Hotels for Sale > Warehouses for sale > Brand
new apartment > Beachfront properties for sale > Beachfront Apartments for sale > Below Market Value properties > Sri Lanka House Price Index > Sri Lanka Land Price Index > Guide for
foreigners
buying property > All property for Rent > Houses > Apartments > Commercial > Bungalows > Annexes > Hostels > Villas > Studio
/ Bedsit > Rooms
/ Boarding Places > View All Featured Properties > Warehouses for rent > Newly built property for rent > Urgent properties to let > Short
term rentals > Office spaces in
Colombo > Co-working places > House Prices > Find All Land for Sale or Lease > Bare
Land > Beachfront
Land > Cultivated
/ Agriculture > Land
with House > Tea
Estate Land > Rubber
Estate Land > Coconut
Estate Land > Paddy
(Rice) Land > Cinnamon
Estate Land > Waterfront
Land > Featured Land Projects > Lands
in Nuwara Eliya > Investment Lands
within 1 hour of Colombo > Lands
for less than 1 lakh a perch in Western Province > Cultivation
lands within 1 hour from Colombo > Land
Prices in Greater Colombo > View All New Projects > Featured Projects > Apartment FinderNew > Featured Land Projects > Condo Directory > Property
Valuations > Legal
Assistance > Document
preparation & submission > Mortgage
Advice > Fees
& taxes payment > Personal
Assistance > Other
Services > Market
Research and Advisory > Property
Buying Advisory > Business
Buying or Selling Advisory > Property
Buying Assistance for Foreigners > Advisory on Investing
in Sri Lanka > House
Construction > Packers &
Movers > Solar Panels > Invest Home > Top Investment
Properties > Luxury
Apartments > Mid-range
Apartments > Lands and
Bungalows
in Nuwara Eliya > Houses in
Battaramulla area > Cultivation
lands > Investment Lands
within 1 hour of Colombo > Commercial
property
for sale in Colombo > Hotels for
Sale > ROI calculator > Trending Properties > Top Investment
properties > House Price Index > Land price
index > Home Loan Rates > Home
Loan Calculator > Home
Loan Comparison > Market Insights > Price Meter > Property Buying Guide > Foreign Buyers'
Guide > Capital
Gains Tax > Sri Lanka House Price Index > Sri Lanka Land Price Index > Membership Benefits > Market Outlook Report > News & Guides > View All Wanted Properties > Houses wanted > Apartments wanted > Land wanted > Commercial Buildings > Rooms wanted > Post Your
Ad > View All Agents / Agents
Directory > Promote your
property > Become an Agent > Residential
sales > Letting
Agents > Commercial
property agents > Land Sales > Buyer
& Seller Assistance > Promote
your property > View All
Businesses for
Sale > Real
Estate > Restaurant > Construction > Agriculture > Tech > Hospitality > Business > Manufacturing > Garment-Textile > Services-BPO > Maps of Sri Lanka > Area Guide > Point of
Interests > Property Buying Guide > Foreign Buyers'
Guide > Capital
Gains Tax > Sri Lanka House Price Index > Sri Lanka Land Price Index > Membership Benefits > News & Guides > About us > Careers > Contact Us > Events > FAQs > Ideal Home > Appliances &
Electronics > Furniture > Household items > Solar & Hot Water > Bathrooms > Gardening > Kitchen > Professionals > Flooring > House Construction > Lighting > Service Providers > Other Services > Home > ... > Sales > Colombo District > Battaramulla > House > Home > ... > Sales > Colombo District > Battaramulla > House","Kaduwela Road, Battaramulla","Rs. 92,000,000





",92000000.0,True,House,3,2 Bathrooms,,2,23 perches,Available Now,,,,3.0,2.0,,23.0,"{""Bathrooms/WCs"": ""2"", ""Agent Ref"": ""H210""}","A valuable residential property offered strictly at land value, located in a highly convenient and rapidly developing area of Battaramulla. 📍 Location: Battaramulla 📐 Land Size: 23 Perches (High Rectangular Block) 🏠 Property Type: 2-Level Old House (Approx. 54 years) – Sold at Land Value ✨ Property Features: • 3 Bedrooms • 2 Bathrooms with Shower • Living & Dining Area • Kitchen + Store Room • External Kitchen Area • Outdoor Toilet • Garage & Backyard 🔐 Security: • Fully enclosed with boundary walls • Rolling gate entrance • Located at the end of a private tarred road 📍 Location Advantages: • Only ~150m from Kaduwela Main Road • Walking distance to supermarkets, shops, banks & bus stops • Close to Diyatha Uyana • Near Parliament Complex & Administrative Zone • Easy access to Southern & Kandy Expressways via Kaduwela & Kottawa 💰 Key Highlight: ✔️ Selling strictly at land value – excellent redevelopment or investment opportunity in a prime location 📞 Contact us today for more details or site inspection!"
https://www.lankapropertyweb.com/sale/property_details-5934171.html,5934171,2026-08-10T10:33:16.997753+00:00,(PH823)180M Furnished Four Storey House for Sale in Dehiwala,"View all > Houses > Apartments > Commercial > Bungalows > Villas > Studio
/ Bedsit > Warehouse > Featured developments for sale > New Beachfront Projects > Newly
built property for sale > Colonial
Houses for sale > Urgent properties for sale > Luxury
Apartments > Mid-range
Apartments > Bungalows
in Nuwara Eliya > Houses
in Battaramulla area > Commercial property for sale
in
Colombo > Hotels for Sale > Warehouses for sale > Brand
new apartment > Beachfront properties for sale > Beachfront Apartments for sale > Below Market Value properties > Sri Lanka House Price Index > Sri Lanka Land Price Index > Guide for
foreigners
buying property > All property for Rent > Houses > Apartments > Commercial > Bungalows > Annexes > Hostels > Villas > Studio
/ Bedsit > Rooms
/ Boarding Places > View All Featured Properties > Warehouses for rent > Newly built property for rent > Urgent properties to let > Short
term rentals > Office spaces in
Colombo > Co-working places > House Prices > Find All Land for Sale or Lease > Bare
Land > Beachfront
Land > Cultivated
/ Agriculture > Land
with House > Tea
Estate Land > Rubber
Estate Land > Coconut
Estate Land > Paddy
(Rice) Land > Cinnamon
Estate Land > Waterfront
Land > Featured Land Projects > Lands
in Nuwara Eliya > Investment Lands
within 1 hour of Colombo > Lands
for less than 1 lakh a perch in Western Province > Cultivation
lands within 1 hour from Colombo > Land
Prices in Greater Colombo > View All New Projects > Featured Projects > Apartment FinderNew > Featured Land Projects > Condo Directory > Property
Valuations > Legal
Assistance > Document
preparation & submission > Mortgage
Advice > Fees
& taxes payment > Personal
Assistance > Other
Services > Market
Research and Advisory > Property
Buying Advisory > Business
Buying or Selling Advisory > Property
Buying Assistance for Foreigners > Advisory on Investing
in Sri Lanka > House
Construction > Packers &
Movers > Solar Panels > Invest Home > Top Investment
Properties > Luxury
Apartments > Mid-range
Apartments > Lands and
Bungalows
in Nuwara Eliya > Houses in
Battaramulla area > Cultivation
lands > Investment Lands
within 1 hour of Colombo > Commercial
property
for sale in Colombo > Hotels for
Sale > ROI calculator > Trending Properties > Top Investment
properties > House Price Index > Land price
index > Home Loan Rates > Home
Loan Calculator > Home
Loan Comparison > Market Insights > Price Meter > Property Buying Guide > Foreign Buyers'
Guide > Capital
Gains Tax > Sri Lanka House Price Index > Sri Lanka Land Price Index > Membership Benefits > Market Outlook Report > News & Guides > View All Wanted Properties > Houses wanted > Apartments wanted > Land wanted > Commercial Buildings > Rooms wanted > Post Your
Ad > View All Agents / Agents
Directory > Promote your
property > Become an Agent > Residential
sales > Letting
Agents > Commercial
property agents > Land Sales > Buyer
& Seller Assistance > Promote
your property > View All
Businesses for
Sale > Real
Estate > Restaurant > Construction > Agriculture > Tech > Hospitality > Business > Manufacturing > Garment-Textile > Services-BPO > Maps of Sri Lanka > Area Guide > Point of
Interests > Property Buying Guide > Foreign Buyers'
Guide > Capital
Gains Tax > Sri Lanka House Price Index > Sri Lanka Land Price Index > Membership Benefits > News & Guides > About us > Careers > Contact Us > Events > FAQs > Ideal Home > Appliances &
Electronics > Furniture > Household items > Solar & Hot Water > Bathrooms > Gardening > Kitchen > Professionals > Flooring > House Construction > Lighting > Service Providers > Other Services > Home > ... > Sales > Colombo District > Dehiwala > House > Home > ... > Sales > Colombo District > Dehiwala > House",Dehiwala,"Rs. 180,000,000


















",180000000.0,True,House,4,4 Bathrooms,3500 sq.ft.,2,10 perches,Available Now,Furnished,1 year,20 ft.,4.0,4.0,3500.0,10.0,"{""Bathrooms/WCs"": ""4"", ""Car parking spaces"": ""4""}","(PH823)180M Furnished Four Storey House for Sale in Dehiwala 📍 Address	: Dehiwala 🛏️ Bedrooms	: 04 🚿 Bathrooms	: 04 🏠 House sqft	: 3,500.0 sqft 📏 Land size	: 10,0 perches *Description* ◆ furnishing: Fully Furnished • Luxury Fully Furnished 4 Storey Residential Building • Located in Highly Residential Area in Nedimala, Dehiwala • Modern Design with Elevator Access to All Floors • Ideal for Luxury Family Living ◉ Property Features ➤ 4 Luxury Bedrooms ➤ 4 Bathrooms ➤ Spacious Living Areas ➤ TV Room ➤ Modern Kitchen ➤ Store Room ➤ Servant Room with Bathroom ➤ Bar Area ➤ Two Balconies ➤ Two Small Garden Spaces ◉ Amenities ➤ Fully Furnished ➤ Fully Air Conditioned ➤ Lift (Elevator) ➤ Parking Garage for 4 Vehicles ➤ Electricity ➤ Water Supply ➤ Peaceful Residential Environment ➤ Clear Deed ➤ COC Available (If Applicable) ★ Close Areas -	1.2km to Dehiwala Town 900m to Galle Road Close to Nedimala Junction Easy Access to Dehiwala Railway Station ★ All infrastructure perfectly available including waste collection service. ★ There is no legal or financial issues associated with the property. ⇨ Feel free to call for an appointment or for More information Contact PEO Land Real Estate (Pvt) Ltd GENUINE BUYERS ONLY *NO BROKERS* (බ්‍රෝකර්වරු ඇමතීමෙන් වලකින්න) Social Media : Facebook | YouTube | WhatsApp| Instagram | Tiktok| peolands.com| Peo Land Real Estate (Pvt) Ltd"
https://www.lankapropertyweb.com/sale/property_details-5903374.html,5903374,2026-08-10T10:33:20.550512+00:00,Mt. Lavinia – Large 4 Bedroom House| 23.5 Perches| Selling @ Land Value| Rs. 105 Mil,"View all > Houses > Apartments > Commercial > Bungalows > Villas > Studio
/ Bedsit > Warehouse > Featured developments for sale > New Beachfront Projects > Newly
built property for sale > Colonial
Houses for sale > Urgent properties for sale > Luxury
Apartments > Mid-range
Apartments > Bungalows
in Nuwara Eliya > Houses
in Battaramulla area > Commercial property for sale
in
Colombo > Hotels for Sale > Warehouses for sale > Brand
new apartment > Beachfront properties for sale > Beachfront Apartments for sale > Below Market Value properties > Sri Lanka House Price Index > Sri Lanka Land Price Index > Guide for
foreigners
buying property > All property for Rent > Houses > Apartments > Commercial > Bungalows > Annexes > Hostels > Villas > Studio
/ Bedsit > Rooms
/ Boarding Places > View All Featured Properties > Warehouses for rent > Newly built property for rent > Urgent properties to let > Short
term rentals > Office spaces in
Colombo > Co-working places > House Prices > Find All Land for Sale or Lease > Bare
Land > Beachfront
Land > Cultivated
/ Agriculture > Land
with House > Tea
Estate Land > Rubber
Estate Land > Coconut
Estate Land > Paddy
(Rice) Land > Cinnamon
Estate Land > Waterfront
Land > Featured Land Projects > Lands
in Nuwara Eliya > Investment Lands
within 1 hour of Colombo > Lands
for less than 1 lakh a perch in Western Province > Cultivation
lands within 1 hour from Colombo > Land
Prices in Greater Colombo > View All New Projects > Featured Projects > Apartment FinderNew > Featured Land Projects > Condo Directory > Property
Valuations > Legal
Assistance > Document
preparation & submission > Mortgage
Advice > Fees
& taxes payment > Personal
Assistance > Other
Services > Market
Research and Advisory > Property
Buying Advisory > Business
Buying or Selling Advisory > Property
Buying Assistance for Foreigners > Advisory on Investing
in Sri Lanka > House
Construction > Packers &
Movers > Solar Panels > Invest Home > Top Investment
Properties > Luxury
Apartments > Mid-range
Apartments > Lands and
Bungalows
in Nuwara Eliya > Houses in
Battaramulla area > Cultivation
lands > Investment Lands
within 1 hour of Colombo > Commercial
property
for sale in Colombo > Hotels for
Sale > ROI calculator > Trending Properties > Top Investment
properties > House Price Index > Land price
index > Home Loan Rates > Home
Loan Calculator > Home
Loan Comparison > Market Insights > Price Meter > Property Buying Guide > Foreign Buyers'
Guide > Capital
Gains Tax > Sri Lanka House Price Index > Sri Lanka Land Price Index > Membership Benefits > Market Outlook Report > News & Guides > View All Wanted Properties > Houses wanted > Apartments wanted > Land wanted > Commercial Buildings > Rooms wanted > Post Your
Ad > View All Agents / Agents
Directory > Promote your
property > Become an Agent > Residential
sales > Letting
Agents > Commercial
property agents > Land Sales > Buyer
& Seller Assistance > Promote
your property > View All
Businesses for
Sale > Real
Estate > Restaurant > Construction > Agriculture > Tech > Hospitality > Business > Manufacturing > Garment-Textile > Services-BPO > Maps of Sri Lanka > Area Guide > Point of
Interests > Property Buying Guide > Foreign Buyers'
Guide > Capital
Gains Tax > Sri Lanka House Price Index > Sri Lanka Land Price Index > Membership Benefits > News & Guides > About us > Careers > Contact Us > Events > FAQs > Ideal Home > Appliances &
Electronics > Furniture > Household items > Solar & Hot Water > Bathrooms > Gardening > Kitchen > Professionals > Flooring > House Construction > Lighting > Service Providers > Other Services > Home > ... > Sales > Colombo District > Mount Lavinia > House > Home > ... > Sales > Colombo District > Mount Lavinia > House","Marine Drive, Mount Lavinia",Rs. 105 M,105000000.0,True,House,4,,2600 sq.ft.,2,23.5 perches,Available Now,Unfurnished,25+ years,30 ft.,4.0,,2600.0,23.5,"{""Bathrooms/WCs"": ""3"", ""Agent Ref"": ""VW #08H"", ""Car parking spaces"": ""4"", ""Primary USP"": ""Near the Sea""}","Mt. Lavinia – 4 Bedroom House| 23.5 Perches| Selling @ Land Value| Rs. 105 Mil A house for sale with a large garden in good residential area in Mount Lavinia. 23.5 Perches 4 Bedroom House Selling @ Land Value Close to Marine Drive Just 2 minutes walk to the BEACH Rs. 105 Mil Neg Rs. 4.5 Mil per perch Property Features BEACHFRONT / SEA VIEW HOT WATER MAINLINE WATER 3 PHASE ELECTRICITY COLONIAL ARCHITECTURE GARAGE LAWN GARDEN ATTACHED TOILETS MAID'S ROOM MAID'S TOILET OVERHEAD WATER STORAGE Explore Neighbourhood - Map View Marine Drive, Mount Lavinia [View on large map] Find out how much you can save with our Home Loan Calculator Apply now for a home loan More Details Property prices in Mount Lavinia Buy Rent Average Sale Price is Rs. 25,527 Per SQ.FT. PRICE TRENDS → 1.9% Price increased compared to last year Try our new price meter tool to find out the average price of a property in Mount Lavinia Try our new price meter tool to find out the average price of a property in Mount Lavinia PRICE METER → Contact Advertiser Silver Agent Temptation Real Estate Agent 94-7164... Click to view Number 94-7164... Click to view Number Carl Mahesh : 94-716447070 This advertiser has been advertising with us for 11 years Request a call back Please enter your phone number to request the advertiser to call you back Send SEND Important information : This ad has been posted on LankaPropertyWeb.com by the above mentioned advertiser. LankaPropertyWeb.com does not have any connection with this advertiser, nor do we vet the advertisers, guarantee their services, responsible for the accuracy of the ad's content or are responsible for services provided by the advertisers. LankaPropertyWeb.com does not provide any service other than list the advertisements posted by advertisers. You will be contacting the advertiser (owner/agent) of this property directly. We advise you to take precaution when making any payments or signing any agreements and be alert of any possible scams. If making any payments we recommend that you have two permanent & verified methods of contact of the payment receiver such as their landline number and home/business address. Posted/Edited: Today REPORT THIS AD Find Similar Properties Rs. 94M - 115M Rs. 30K - 50K PSF 2000 - 3000 sqft Mount Lavinia View all View all View all View all 10 7 4000 sqft 06 Perches - Unfurnished House for Sale - HL53435 Kalubowila Rs. 120M Negotiable 6 6 5500 sqft 16.25 Perches House for Sale - HL48046 Kalubowila Rs. 165M Negotiable 3 3 2500 sqft ￭ House with Annex ￭ 03 Bedroom House ￭ For... Colombo 5 Rs. 75M 8 4 1200 sqft Residential Property for Sale – Boralasgamuwa Boralesgamuwa Rs. 36M Negotiable 9 4 5000 sqft Lake View House for sale in Attidiya Dehiwala Rs. 150M Negotiable 8 4 3500 sqft 4 Bed House for Sale 28 Perch Land Mirihana Nugegoda Nugegoda Rs. 105M 5 6 5000 sqft House For Sale - Kohuwala Kohuwala Rs. 150M 9 5 2200 sqft 5BR Hous For Sale Kohuwala (NK10894) Kohuwala Rs. 66M 4 4 2100 sqft House for sale in Nugegoda Nugegoda Rs. 70M Negotiable 10 3 2000 sqft 3 Bedroom House New Construction in Mount Lavinia for... Mount Lavinia Rs. 23.63M 10 4 3000 sqft 4 Bedroom house for sales in Nugegoda for Rs. 87.5... Nugegoda Rs. 87.5M Negotiable 10 4 3000 sqft Spacious Two-Storey House for Sale in Pitakotte Pita Kotte Rs. 60M 9 4 2800 sqft 4 Bedroom House for Sale in Park Road, Colombo 05 |... Colombo 5 Rs. 120M 10 4 3000 sqft FOR SALE: Superb 25.5 Perch Nugegoda Home Nugegoda Rs. 130M Negotiable 7 4 2750 sqft FOR SALE: Excellent 10 Perch Thimbirigasyaya Family... Colombo 5 Rs. 150M Negotiable 10 4 3000 sqft FOR SALE: Delightful 12P Kotte Family House Madiwela Rs. 95M Negotiable 10 3 2000 sqft 3 Bedroom House New Construction in Mount Lavinia for... Mount Lavinia Rs. 23.63M 10 5 6000 sqft Unfurnished Brand New Luxury 3-Storey House for Sale... Mount Lavinia Rs. 90M 8 4 3720 sqft Luxury Brand New House for Sale in Mount Lavi... Mount Lavinia Rs. 87M Negotiable 10 4 2000 sqft Pool / 3 BR House Construction in Mount Lavinia / Rs.... Mount Lavinia Rs. 23.63M 9 5 6000 sqft (SE1693)🏡 Modern Luxury Brand New House For Sale... Mount Lavinia Rs. 108M 10 4 2700 sqft Two-Storey Modern House for Sale – Templers Road,... Mount Lavinia Rs. 88M 3 4 3000 sqft 2-story house with separate entrances for sale in Mount... Mount Lavinia Rs. 50M 6 4 2500 sqft Two Storied House for Sale in Colombo 6 Colombo 6 Rs. 95M 10 3 4500 sqft House for sale In Kirulapone In a Residential Location... Colombo 6 Rs. 95M 9 5 2175 sqft ￭ 05BR ￭ Dehiwala House ￭ For Sale ￭ (NK50168) Dehiwala Rs. 95M Negotiable 10 5 4200 sqft House for Sale in Mount Lavinia Mount Lavinia Rs. 95M 10 9+ 4500 sqft Nugegoda Mirihana 02 Upstair Houses on 16.5 Perches... Nugegoda Rs. 95M Negotiable 10 4 3000 sqft FOR SALE: Delightful 12P Kotte Family House Madiwela Rs. 95M Negotiable 9 6 3600 sqft Pepiliyana Rs. 95M 10 9+ 4500 sqft (PH1000) 2 Storey Houses for Sale in Mirihana Nugegoda Rs. 95M VIEW ALL PROPERTIES Within Rs. 94M - 115M (139) VIEW ALL PROPERTIES FOR sale in Mount Lavinia (80) VIEW ALL PROPERTIES Within 2,000 - 3,000 sq.ft. (547) VIEW ALL PROPERTIES Within Rs. 30K - 50K PSF (403) Next Steps for Buyers Guide to Buying a Property Legal Assistance & Document Preparation Property Valuation Help & Advisory on Buying a Property Get help applying for a Housing Loan Find a House Mover View more There is no place like home Explore everything you need to build and decorate your dream home Visit Website Be the first to know Get instant alerts on newly added Houses for sale in Mount Lavinia – your dream property awaits! Subscribe now Create Alert Now Top Searches Houses for sale in Mount Lavinia Apartments for sale in Mount Lavinia Commercial property for sale in Mount Lavinia Bungalows for sale in Mount Lavinia Hotels for sale in Mount Lavinia Villas for sale in Mount Lavinia Studio/Bedsit for sale in Mount Lavinia Featured Projects Aarana Boutique Residencies More Details The Elizabeth Colombo 07 More Details Mon Vie More Details Marina Square More Details ASTORIA More Details Altair More Details Property Saved!. Manage Favorite not saved! Try again Favorite removed! Ok Share Save Contact Advertiser Silver Agent Temptation Real Estate Agent View agent's properties Check Availability 94-7164... WHATSAPP EMAIL Share this property Email to a friend Messenger Whatsapp Viber X Linkedin Telegram Copy url More Share Options Temptation Real Estate Agent Please enter your details Interested in this property or want more details? Fill out the form below, and the advertiser will get in touch with you shortly! SUBMIT CALL CHAT Report this AD Please select a reason Not a property ad Property not available anymore No such property Incorrect contact details Advertiser unresponsive Unrealistic price Image on ad is not that of property Spam Scam/Fake ad Other Submit Please Enter Your Details To view the seller's number, please enter your name, email and contact number. This will help the seller follow up on your inquiry. Show Phone Number Silver Agent Temptation Real Estate Agent Carl Mahesh 94-716447070 Call Now Silver Agent Temptation Real Estate Agent Carl Mahesh 94-716447070 WhatsApp Find your favourite properties from the top of the page Click on the star icon to view your favourite ads LankaProperty web - Email property to a friend Send Email Please Enter Your Details To contact the advertiser on whatsapp, please enter your name, email and contact number. This will help the seller follow up on your inquiry. WHATSAPP Navigation Home Sales Rentals Land Featured Projects Ideal Home Post your ad Wanted Find Agent Our Services Market Insights House Price Index Invest Land Price Index Businesses for Sale Home Loan Comparison Property Buying Guide Maps News & Guides Become a Member Login All ads Features & Tools Home Loan Calculator Location Guide Trending Properties Price Meter Top Investment Properties Below Market Value Properties Email Alerts Market Outlook Report ROI Calculator Country Sri Lanka Maldives USA About Help Contact Us About Us Terms and Conditions Privacy Policy Careers Events Follow us on Social Media Subscribe to our newsletter You have successfully signed up for our newsletter Subscribe © Copyright LankaPropertyWeb.com, lpw.lk 2026 | All Rights Reserved × Newsletter You have successfully signed up for our newsletter Close Save Properties in Your Account × View saved properties Keep search history across devices See which properties you have contacted Continue with Google OR Login By registering you accept our Terms & Conditions and our privacy policy ."
https://www.lankapropertyweb.com/sale/property_details-5931713.html,5931713,2026-08-10T10:33:22.925457+00:00,"Brand New Luxury House with 10 Perch Land for Sale – Lake Road, Battaramulla","View all > Houses > Apartments > Commercial > Bungalows > Villas > Studio
/ Bedsit > Warehouse > Featured developments for sale > New Beachfront Projects > Newly
built property for sale > Colonial
Houses for sale > Urgent properties for sale > Luxury
Apartments > Mid-range
Apartments > Bungalows
in Nuwara Eliya > Houses
in Battaramulla area > Commercial property for sale
in
Colombo > Hotels for Sale > Warehouses for sale > Brand
new apartment > Beachfront properties for sale > Beachfront Apartments for sale > Below Market Value properties > Sri Lanka House Price Index > Sri Lanka Land Price Index > Guide for
foreigners
buying property > All property for Rent > Houses > Apartments > Commercial > Bungalows > Annexes > Hostels > Villas > Studio
/ Bedsit > Rooms
/ Boarding Places > View All Featured Properties > Warehouses for rent > Newly built property for rent > Urgent properties to let > Short
term rentals > Office spaces in
Colombo > Co-working places > House Prices > Find All Land for Sale or Lease > Bare
Land > Beachfront
Land > Cultivated
/ Agriculture > Land
with House > Tea
Estate Land > Rubber
Estate Land > Coconut
Estate Land > Paddy
(Rice) Land > Cinnamon
Estate Land > Waterfront
Land > Featured Land Projects > Lands
in Nuwara Eliya > Investment Lands
within 1 hour of Colombo > Lands
for less than 1 lakh a perch in Western Province > Cultivation
lands within 1 hour from Colombo > Land
Prices in Greater Colombo > View All New Projects > Featured Projects > Apartment FinderNew > Featured Land Projects > Condo Directory > Property
Valuations > Legal
Assistance > Document
preparation & submission > Mortgage
Advice > Fees
& taxes payment > Personal
Assistance > Other
Services > Market
Research and Advisory > Property
Buying Advisory > Business
Buying or Selling Advisory > Property
Buying Assistance for Foreigners > Advisory on Investing
in Sri Lanka > House
Construction > Packers &
Movers > Solar Panels > Invest Home > Top Investment
Properties > Luxury
Apartments > Mid-range
Apartments > Lands and
Bungalows
in Nuwara Eliya > Houses in
Battaramulla area > Cultivation
lands > Investment Lands
within 1 hour of Colombo > Commercial
property
for sale in Colombo > Hotels for
Sale > ROI calculator > Trending Properties > Top Investment
properties > House Price Index > Land price
index > Home Loan Rates > Home
Loan Calculator > Home
Loan Comparison > Market Insights > Price Meter > Property Buying Guide > Foreign Buyers'
Guide > Capital
Gains Tax > Sri Lanka House Price Index > Sri Lanka Land Price Index > Membership Benefits > Market Outlook Report > News & Guides > View All Wanted Properties > Houses wanted > Apartments wanted > Land wanted > Commercial Buildings > Rooms wanted > Post Your
Ad > View All Agents / Agents
Directory > Promote your
property > Become an Agent > Residential
sales > Letting
Agents > Commercial
property agents > Land Sales > Buyer
& Seller Assistance > Promote
your property > View All
Businesses for
Sale > Real
Estate > Restaurant > Construction > Agriculture > Tech > Hospitality > Business > Manufacturing > Garment-Textile > Services-BPO > Maps of Sri Lanka > Area Guide > Point of
Interests > Property Buying Guide > Foreign Buyers'
Guide > Capital
Gains Tax > Sri Lanka House Price Index > Sri Lanka Land Price Index > Membership Benefits > News & Guides > About us > Careers > Contact Us > Events > FAQs > Ideal Home > Appliances &
Electronics > Furniture > Household items > Solar & Hot Water > Bathrooms > Gardening > Kitchen > Professionals > Flooring > House Construction > Lighting > Service Providers > Other Services > Home > ... > Sales > Colombo District > Battaramulla > House > Home > ... > Sales > Colombo District > Battaramulla > House",Battaramulla,"Rs. 120,000,000





",120000000.0,True,House,4,,3500 sq.ft.,,10 perches,Available Now,,,,4.0,,3500.0,10.0,"{""Bathrooms/WCs"": ""3"", ""Agent Ref"": ""HS00641"", ""Car parking spaces"": ""2""}","Location: Lake Road, Battaramulla Price: LKR 120 Million (Slightly Negotiable) A beautifully designed brand-new luxury residence with the Certificate of Conformity (COC) obtained, offering modern finishes, spacious interiors, and a prime location in Battaramulla. ________________________________________ Property Overview •	Property Type: Brand New House for Sale •	Location: Lake Road, Battaramulla • Land 10 Perch •	Built-Up Area: Approx. 3,500 Sq.Ft. •	Bedrooms: 4 •	Bathrooms: 3 •	COC: Obtained •	Reference No.: HS00641 ________________________________________ Property Features •	Brand-new luxury house •	4 spacious bedrooms •	3 modern bathrooms •	2 fully fitted pantry kitchens •	Maid's room with attached bathroom •	Parking for 2 vehicles •	20-foot wide access road •	CCTV security camera system •	Air conditioning installed in the master bedroom •	Air conditioning for the remaining bedrooms will be completed free of charge upon booking with the advance payment •	Certificate of Conformity (COC) obtained and ready for immediate transfer ________________________________________ Location Advantages •	Prime residential location on Lake Road, Battaramulla •	Close to leading international schools, supermarkets, banks, restaurants, hospitals, and government institutions •	Easy access to Parliament Road, Rajagiriya, and Colombo City •	Peaceful and highly sought-after residential neighborhood ________________________________________ Ideal For Luxury Family Residence Property Investment Expatriate Residence Long-Term Capital Appreciation ________________________________________ Ref No.: HS00641 Contact us today for more details or to arrange a private viewing! A fantastic opportunity to own a brand-new 3,500 sq.ft. luxury home in one of Battaramulla's most desirable locations, complete with COC approval, premium finishes, and ready for immediate occupancy."
https://www.lankapropertyweb.com/sale/property_details-5904293.html,5904293,2026-08-10T10:33:26.264574+00:00,FOR Sale| Nugegoda | 4-Bedrooms | Luxury House,"View all > Houses > Apartments > Commercial > Bungalows > Villas > Studio
/ Bedsit > Warehouse > Featured developments for sale > New Beachfront Projects > Newly
built property for sale > Colonial
Houses for sale > Urgent properties for sale > Luxury
Apartments > Mid-range
Apartments > Bungalows
in Nuwara Eliya > Houses
in Battaramulla area > Commercial property for sale
in
Colombo > Hotels for Sale > Warehouses for sale > Brand
new apartment > Beachfront properties for sale > Beachfront Apartments for sale > Below Market Value properties > Sri Lanka House Price Index > Sri Lanka Land Price Index > Guide for
foreigners
buying property > All property for Rent > Houses > Apartments > Commercial > Bungalows > Annexes > Hostels > Villas > Studio
/ Bedsit > Rooms
/ Boarding Places > View All Featured Properties > Warehouses for rent > Newly built property for rent > Urgent properties to let > Short
term rentals > Office spaces in
Colombo > Co-working places > House Prices > Find All Land for Sale or Lease > Bare
Land > Beachfront
Land > Cultivated
/ Agriculture > Land
with House > Tea
Estate Land > Rubber
Estate Land > Coconut
Estate Land > Paddy
(Rice) Land > Cinnamon
Estate Land > Waterfront
Land > Featured Land Projects > Lands
in Nuwara Eliya > Investment Lands
within 1 hour of Colombo > Lands
for less than 1 lakh a perch in Western Province > Cultivation
lands within 1 hour from Colombo > Land
Prices in Greater Colombo > View All New Projects > Featured Projects > Apartment FinderNew > Featured Land Projects > Condo Directory > Property
Valuations > Legal
Assistance > Document
preparation & submission > Mortgage
Advice > Fees
& taxes payment > Personal
Assistance > Other
Services > Market
Research and Advisory > Property
Buying Advisory > Business
Buying or Selling Advisory > Property
Buying Assistance for Foreigners > Advisory on Investing
in Sri Lanka > House
Construction > Packers &
Movers > Solar Panels > Invest Home > Top Investment
Properties > Luxury
Apartments > Mid-range
Apartments > Lands and
Bungalows
in Nuwara Eliya > Houses in
Battaramulla area > Cultivation
lands > Investment Lands
within 1 hour of Colombo > Commercial
property
for sale in Colombo > Hotels for
Sale > ROI calculator > Trending Properties > Top Investment
properties > House Price Index > Land price
index > Home Loan Rates > Home
Loan Calculator > Home
Loan Comparison > Market Insights > Price Meter > Property Buying Guide > Foreign Buyers'
Guide > Capital
Gains Tax > Sri Lanka House Price Index > Sri Lanka Land Price Index > Membership Benefits > Market Outlook Report > News & Guides > View All Wanted Properties > Houses wanted > Apartments wanted > Land wanted > Commercial Buildings > Rooms wanted > Post Your
Ad > View All Agents / Agents
Directory > Promote your
property > Become an Agent > Residential
sales > Letting
Agents > Commercial
property agents > Land Sales > Buyer
& Seller Assistance > Promote
your property > View All
Businesses for
Sale > Real
Estate > Restaurant > Construction > Agriculture > Tech > Hospitality > Business > Manufacturing > Garment-Textile > Services-BPO > Maps of Sri Lanka > Area Guide > Point of
Interests > Property Buying Guide > Foreign Buyers'
Guide > Capital
Gains Tax > Sri Lanka House Price Index > Sri Lanka Land Price Index > Membership Benefits > News & Guides > About us > Careers > Contact Us > Events > FAQs > Ideal Home > Appliances &
Electronics > Furniture > Household items > Solar & Hot Water > Bathrooms > Gardening > Kitchen > Professionals > Flooring > House Construction > Lighting > Service Providers > Other Services > Home > ... > Sales > Colombo District > Nugegoda > House > Home > ... > Sales > Colombo District > Nugegoda > House",Nugegoda,"Rs. 150,000,000





",150000000.0,True,House,4,,3000 sq.ft.,,29.4 perches,Available Now,,,,4.0,,3000.0,29.4,"{""Bathrooms/WCs"": ""3""}",FOR Sale| Nugegoda | 4-Bedrooms | Luxury House Property Reference: AS-H204 Property Overview: ￭ Location: Nugegoda ￭ Bedrooms: 4 ￭ Bathrooms: 3 ￭ Sqft of the House: 3000 Sqft ￭ Land Extent: 29.4 Perches ￭ Property Type: House ￭ Car parking spaces: ￭ Furnishing status: Key Features: ￭ Living / Dining ￭ Kitchen with Pantry ￭ Garden ￭ 30 years old is the House Sale PRICE: Price: 150 Million (Negotiable) #Nugegoda #HouseForSale #LuxuryLiving #[AS-H204]
https://www.lankapropertyweb.com/sale/property_details-5881380.html,5881380,2026-08-10T10:33:29.778019+00:00,Super Luxury Fully Furnished House for Sale in Battaramulla for Rs.450 million,"View all > Houses > Apartments > Commercial > Bungalows > Villas > Studio
/ Bedsit > Warehouse > Featured developments for sale > New Beachfront Projects > Newly
built property for sale > Colonial
Houses for sale > Urgent properties for sale > Luxury
Apartments > Mid-range
Apartments > Bungalows
in Nuwara Eliya > Houses
in Battaramulla area > Commercial property for sale
in
Colombo > Hotels for Sale > Warehouses for sale > Brand
new apartment > Beachfront properties for sale > Beachfront Apartments for sale > Below Market Value properties > Sri Lanka House Price Index > Sri Lanka Land Price Index > Guide for
foreigners
buying property > All property for Rent > Houses > Apartments > Commercial > Bungalows > Annexes > Hostels > Villas > Studio
/ Bedsit > Rooms
/ Boarding Places > View All Featured Properties > Warehouses for rent > Newly built property for rent > Urgent properties to let > Short
term rentals > Office spaces in
Colombo > Co-working places > House Prices > Find All Land for Sale or Lease > Bare
Land > Beachfront
Land > Cultivated
/ Agriculture > Land
with House > Tea
Estate Land > Rubber
Estate Land > Coconut
Estate Land > Paddy
(Rice) Land > Cinnamon
Estate Land > Waterfront
Land > Featured Land Projects > Lands
in Nuwara Eliya > Investment Lands
within 1 hour of Colombo > Lands
for less than 1 lakh a perch in Western Province > Cultivation
lands within 1 hour from Colombo > Land
Prices in Greater Colombo > View All New Projects > Featured Projects > Apartment FinderNew > Featured Land Projects > Condo Directory > Property
Valuations > Legal
Assistance > Document
preparation & submission > Mortgage
Advice > Fees
& taxes payment > Personal
Assistance > Other
Services > Market
Research and Advisory > Property
Buying Advisory > Business
Buying or Selling Advisory > Property
Buying Assistance for Foreigners > Advisory on Investing
in Sri Lanka > House
Construction > Packers &
Movers > Solar Panels > Invest Home > Top Investment
Properties > Luxury
Apartments > Mid-range
Apartments > Lands and
Bungalows
in Nuwara Eliya > Houses in
Battaramulla area > Cultivation
lands > Investment Lands
within 1 hour of Colombo > Commercial
property
for sale in Colombo > Hotels for
Sale > ROI calculator > Trending Properties > Top Investment
properties > House Price Index > Land price
index > Home Loan Rates > Home
Loan Calculator > Home
Loan Comparison > Market Insights > Price Meter > Property Buying Guide > Foreign Buyers'
Guide > Capital
Gains Tax > Sri Lanka House Price Index > Sri Lanka Land Price Index > Membership Benefits > Market Outlook Report > News & Guides > View All Wanted Properties > Houses wanted > Apartments wanted > Land wanted > Commercial Buildings > Rooms wanted > Post Your
Ad > View All Agents / Agents
Directory > Promote your
property > Become an Agent > Residential
sales > Letting
Agents > Commercial
property agents > Land Sales > Buyer
& Seller Assistance > Promote
your property > View All
Businesses for
Sale > Real
Estate > Restaurant > Construction > Agriculture > Tech > Hospitality > Business > Manufacturing > Garment-Textile > Services-BPO > Maps of Sri Lanka > Area Guide > Point of
Interests > Property Buying Guide > Foreign Buyers'
Guide > Capital
Gains Tax > Sri Lanka House Price Index > Sri Lanka Land Price Index > Membership Benefits > News & Guides > About us > Careers > Contact Us > Events > FAQs > Ideal Home > Appliances &
Electronics > Furniture > Household items > Solar & Hot Water > Bathrooms > Gardening > Kitchen > Professionals > Flooring > House Construction > Lighting > Service Providers > Other Services > Home > ... > Sales > Colombo District > Battaramulla > House > Home > ... > Sales > Colombo District > Battaramulla > House","Jayanthipura, Battaramulla",Rs.450 m,450000000.0,True,House,6,7 bathrooms,9219 sq.ft.,,,Available Now,Furnished,,,6.0,7.0,9219.0,,"{""Bathrooms/WCs"": ""7"", ""Agent Ref"": ""B/J"", ""Car parking spaces"": ""4""}","•9219 sqfts •6 bedrooms •7 bathrooms •Living and dining •Air conditioned •Kitchen •Servant/Driver's quarters •4 car garage •Rooftop entertainment area •Spacious garden Property Features AC ROOMS LUXURY SPECS HOT WATER MAINLINE WATER 3 PHASE ELECTRICITY ROOF TOP GARDEN GARAGE LAWN GARDEN ATTACHED TOILETS GATED COMMUNITY MAID'S ROOM MAID'S TOILET OVERHEAD WATER STORAGE Explore Neighbourhood - Map View Jayanthipura, Battaramulla [View on large map] Find out how much you can save with our Home Loan Calculator Apply now for a home loan More Details Property prices in Battaramulla Buy Rent Average Sale Price is Rs. 28,157 Per SQ.FT. PRICE TRENDS → 4.6% Price increased compared to last year Try our new price meter tool to find out the average price of a property in Battaramulla Try our new price meter tool to find out the average price of a property in Battaramulla PRICE METER → Contact Advertiser Platinum Agent Sethmina Real Estate Agent 94-7672... Click to view Number 94-7672... Click to view Number Kamal Wijesekara : 94-767293199 Kamal Wijesekara : 94-775593199 This advertiser has been advertising with us for 12 years Request a call back Please enter your phone number to request the advertiser to call you back Send SEND Important information : This ad has been posted on LankaPropertyWeb.com by the above mentioned advertiser. LankaPropertyWeb.com does not have any connection with this advertiser, nor do we vet the advertisers, guarantee their services, responsible for the accuracy of the ad's content or are responsible for services provided by the advertisers. LankaPropertyWeb.com does not provide any service other than list the advertisements posted by advertisers. You will be contacting the advertiser (owner/agent) of this property directly. We advise you to take precaution when making any payments or signing any agreements and be alert of any possible scams. If making any payments we recommend that you have two permanent & verified methods of contact of the payment receiver such as their landline number and home/business address. Posted/Edited: Today REPORT THIS AD Find Similar Properties Rs. 405M - 495M Rs. 40K - 60K PSF 9000 - 10000 sqft Battaramulla View all View all View all View all 10 5 3000 sqft 5 Bedroom House for Sale - Colombo 5, Park Gardens,... Colombo 5 Rs. 120M 10 6 5000 sqft 10 Perches House for Sale - HL48440 Colombo 4 Rs. 200M Negotiable 10 4 5500 sqft House for Sale - Malabe | LKR 220,000,000 Malabe Rs. 220M 10 6 12500 sqft Luxury Fully furnished House for Sale or Rent in Colombo... Colombo 6 Rs. 500M 10 4 3125 sqft House for Sale - Battaramulla | LKR 125,000,000 Battaramulla Rs. 125M 6 4 2750 sqft 4 Bedroom house for sale in Colombo 5 for Rs. 110 million... Colombo 5 Rs. 110M Negotiable 9 5 5500 sqft Luxury House for Sale in Narahenpita, Colombo 5 Colombo 5 Rs. 220M 1 4 3500 sqft Recently re-furbished, four bedroom, two story house... Colombo 5 Rs. 140M 10 5 9000 sqft Morden architectural design luxury House located in... Nugegoda Rs. 300M Negotiable 10 13 9000 sqft Land with Building For Sale in Colombo 06 [HS 17] Colombo 6 Rs. 325M 10 5 9000 sqft Luxury 5 Bedroom Architectural Residence for Sale –... Nugegoda Rs. 300M 9 5 9000 sqft (SE1330) Architectural Designed 4-Story Super Luxury... Pelawatte Rs. 320M 10 5 9000 sqft Luxury 05 Bedroom House built on 31 perch for sale... Nugegoda Rs. 290M Negotiable 8 6 9000 sqft 31 Perches House for Sale - HL47545 Nugegoda Rs. 300M Negotiable 10 5 10000 sqft 5 Bedroom House for Sale in Battaramulla - PDH51 Battaramulla Rs. 320M 10 6 3775 sqft Super Luxury 6 Br House CONSTRUCTION IN Battaramulla... Battaramulla Rs. 44.55M 10 6 8132 sqft Modern Luxury Architect Designed House for Sale in... Battaramulla Rs. 450M 8 3 🏡 Battaramulla House for Sale – Land Value Only Battaramulla Rs. 92M Negotiable 10 4 3500 sqft Brand New Luxury House with 10 Perch Land for Sale... Battaramulla Rs. 120M ONO 9 3 2000 sqft 3 Bedroom Luxury House Construction in Sri Lanka /... Battaramulla Rs. 23.63M 10 4 5000 sqft Brand New Luxury House for Sale – Thalangama, Battaramulla... Battaramulla Rs. 75M 10 4 2750 sqft (SH1547) Luxury Two Storey House for Sale in Wickramasinghepura... Battaramulla Rs. 68M 8 5 6000 sqft 5 Bedrooms House Sale in Colombo 7- PDH170 Colombo 7 Rs. 405M 3 5 3000 sqft House for sale in Horton Place, Colombo 7 Colombo 7 Rs. 405.9M Negotiable 8 4 4000 sqft 04 Bedroom house for sale in Torrinton Colomb... Colombo 7 Rs. 410M 5 6 5600 sqft Property for sale off Park road, Colombo 5 Colombo 5 Rs. 417M Negotiable 5 6 6000 sqft Two Storied House for Sale in Colombo 5 Colombo 5 Rs. 418M 10 5 4000 sqft 5 Bedroom House for Sale - Colombo 7, Torrington Avenue... Colombo 7 Rs. 420M 1 4 5500 sqft Modern Architectural Designed House in Colpetty Colombo... Colombo 3 Rs. 420M 9 7 5320 sqft 7 Bedroom House for Sale - Colombo 7 | LKR 420 Million... Colombo 7 Rs. 420M VIEW ALL PROPERTIES Within Rs. 405M - 495M (63) VIEW ALL PROPERTIES FOR sale in Battaramulla (275) VIEW ALL PROPERTIES Within 9,000 - 10,000 sq.ft. (31) VIEW ALL PROPERTIES Within Rs. 40K - 60K PSF (413) Next Steps for Buyers Guide to Buying a Property Legal Assistance & Document Preparation Property Valuation Help & Advisory on Buying a Property Get help applying for a Housing Loan Find a House Mover View more There is no place like home Explore everything you need to build and decorate your dream home Visit Website Be the first to know Get instant alerts on newly added Houses for sale in Battaramulla – your dream property awaits! Subscribe now Create Alert Now Top Searches Houses for sale in Battaramulla Apartments for sale in Battaramulla Commercial property for sale in Battaramulla Bungalows for sale in Battaramulla Hotels for sale in Battaramulla Villas for sale in Battaramulla Studio/Bedsit for sale in Battaramulla Featured Projects Altair More Details Aarana Boutique Residencies More Details The Elizabeth Colombo 07 More Details Mon Vie More Details Marina Square More Details ASTORIA More Details Property Saved!. Manage Favorite not saved! Try again Favorite removed! Ok Share Save Contact Advertiser Platinum Agent Sethmina Real Estate Agent View agent's properties Check Availability 94-7672... WHATSAPP EMAIL Share this property Email to a friend Messenger Whatsapp Viber X Linkedin Telegram Copy url More Share Options Sethmina Real Estate Agent Please enter your details Interested in this property or want more details? Fill out the form below, and the advertiser will get in touch with you shortly! SUBMIT CALL CHAT Report this AD Please select a reason Not a property ad Property not available anymore No such property Incorrect contact details Advertiser unresponsive Unrealistic price Image on ad is not that of property Spam Scam/Fake ad Other Submit Please Enter Your Details To view the seller's number, please enter your name, email and contact number. This will help the seller follow up on your inquiry. Show Phone Number Platinum Agent Sethmina Real Estate Agent Kamal Wijesekara 94-767293199 Call Now Kamal Wijesekara 94-775593199 Call Now Platinum Agent Sethmina Real Estate Agent Kamal Wijesekara 94-767293199 WhatsApp Kamal Wijesekara 94-775593199 WhatsApp Find your favourite properties from the top of the page Click on the star icon to view your favourite ads LankaProperty web - Email property to a friend Send Email Please Enter Your Details To contact the advertiser on whatsapp, please enter your name, email and contact number. This will help the seller follow up on your inquiry. WHATSAPP Navigation Home Sales Rentals Land Featured Projects Ideal Home Post your ad Wanted Find Agent Our Services Market Insights House Price Index Invest Land Price Index Businesses for Sale Home Loan Comparison Property Buying Guide Maps News & Guides Become a Member Login All ads Features & Tools Home Loan Calculator Location Guide Trending Properties Price Meter Top Investment Properties Below Market Value Properties Email Alerts Market Outlook Report ROI Calculator Country Sri Lanka Maldives USA About Help Contact Us About Us Terms and Conditions Privacy Policy Careers Events Follow us on Social Media Subscribe to our newsletter You have successfully signed up for our newsletter Subscribe © Copyright LankaPropertyWeb.com, lpw.lk 2026 | All Rights Reserved × Newsletter You have successfully signed up for our newsletter Close Save Properties in Your Account × View saved properties Keep search history across devices See which properties you have contacted Continue with Google OR Login By registering you accept our Terms & Conditions and our privacy policy ."
https://www.lankapropertyweb.com/sale/property_details-5885456.html,5885456,2026-08-10T10:33:32.385402+00:00,Prime Roadfront Property for Sale in Thalawathugoda – Exceptional Residential & Commercial Potential,"View all > Houses > Apartments > Commercial > Bungalows > Villas > Studio
/ Bedsit > Warehouse > Featured developments for sale > New Beachfront Projects > Newly
built property for sale > Colonial
Houses for sale > Urgent properties for sale > Luxury
Apartments > Mid-range
Apartments > Bungalows
in Nuwara Eliya > Houses
in Battaramulla area > Commercial property for sale
in
Colombo > Hotels for Sale > Warehouses for sale > Brand
new apartment > Beachfront properties for sale > Beachfront Apartments for sale > Below Market Value properties > Sri Lanka House Price Index > Sri Lanka Land Price Index > Guide for
foreigners
buying property > All property for Rent > Houses > Apartments > Commercial > Bungalows > Annexes > Hostels > Villas > Studio
/ Bedsit > Rooms
/ Boarding Places > View All Featured Properties > Warehouses for rent > Newly built property for rent > Urgent properties to let > Short
term rentals > Office spaces in
Colombo > Co-working places > House Prices > Find All Land for Sale or Lease > Bare
Land > Beachfront
Land > Cultivated
/ Agriculture > Land
with House > Tea
Estate Land > Rubber
Estate Land > Coconut
Estate Land > Paddy
(Rice) Land > Cinnamon
Estate Land > Waterfront
Land > Featured Land Projects > Lands
in Nuwara Eliya > Investment Lands
within 1 hour of Colombo > Lands
for less than 1 lakh a perch in Western Province > Cultivation
lands within 1 hour from Colombo > Land
Prices in Greater Colombo > View All New Projects > Featured Projects > Apartment FinderNew > Featured Land Projects > Condo Directory > Property
Valuations > Legal
Assistance > Document
preparation & submission > Mortgage
Advice > Fees
& taxes payment > Personal
Assistance > Other
Services > Market
Research and Advisory > Property
Buying Advisory > Business
Buying or Selling Advisory > Property
Buying Assistance for Foreigners > Advisory on Investing
in Sri Lanka > House
Construction > Packers &
Movers > Solar Panels > Invest Home > Top Investment
Properties > Luxury
Apartments > Mid-range
Apartments > Lands and
Bungalows
in Nuwara Eliya > Houses in
Battaramulla area > Cultivation
lands > Investment Lands
within 1 hour of Colombo > Commercial
property
for sale in Colombo > Hotels for
Sale > ROI calculator > Trending Properties > Top Investment
properties > House Price Index > Land price
index > Home Loan Rates > Home
Loan Calculator > Home
Loan Comparison > Market Insights > Price Meter > Property Buying Guide > Foreign Buyers'
Guide > Capital
Gains Tax > Sri Lanka House Price Index > Sri Lanka Land Price Index > Membership Benefits > Market Outlook Report > News & Guides > View All Wanted Properties > Houses wanted > Apartments wanted > Land wanted > Commercial Buildings > Rooms wanted > Post Your
Ad > View All Agents / Agents
Directory > Promote your
property > Become an Agent > Residential
sales > Letting
Agents > Commercial
property agents > Land Sales > Buyer
& Seller Assistance > Promote
your property > View All
Businesses for
Sale > Real
Estate > Restaurant > Construction > Agriculture > Tech > Hospitality > Business > Manufacturing > Garment-Textile > Services-BPO > Maps of Sri Lanka > Area Guide > Point of
Interests > Property Buying Guide > Foreign Buyers'
Guide > Capital
Gains Tax > Sri Lanka House Price Index > Sri Lanka Land Price Index > Membership Benefits > News & Guides > About us > Careers > Contact Us > Events > FAQs > Ideal Home > Appliances &
Electronics > Furniture > Household items > Solar & Hot Water > Bathrooms > Gardening > Kitchen > Professionals > Flooring > House Construction > Lighting > Service Providers > Other Services > Home > ... > Sales > Colombo District > Thalawathugoda > House > Home > ... > Sales > Colombo District > Thalawathugoda > House",Thalawathugoda,"Rs. 140,000,000


















",140000000.0,True,House,5,2 Bathrooms,3000 sq.ft.,2,15.25 perches,Available Now,Unfurnished,,,5.0,2.0,3000.0,15.25,"{""Bathrooms/WCs"": ""2"", ""Agent Ref"": ""H201"", ""Car parking spaces"": ""2""}","Positioned along the highly sought-after Thalawathugoda–Kotte Main Road, this valuable property offers outstanding visibility, accessibility, and investment potential in one of Colombo's fastest-growing suburbs. Whether you're looking for a spacious family residence, a commercial premises, or a long-term investment, this property presents a rare opportunity in a prime location. Property Highlights: Location: Facing Thalawathugoda-Kotte main road Land Extent: 15.25 Perches Two-Storey House 5 Bedrooms 2 Bathrooms Powder Room Maids' Room & Bathroom Separate Living & Dining Areas Excellent Main Road Frontage Why This Property Stands Out: Prime frontage on the Thalawathugoda–Kotte Main Road Suitable for both residential living and commercial operations High-demand location with strong future appreciation potential Convenient access to leading schools, supermarkets, banks, hospitals, restaurants, and public transport Ideal for offices, showrooms, clinics, educational institutes, or redevelopment projects Excellent investment opportunity in a rapidly developing area"
https://www.lankapropertyweb.com/sale/property_details-5934389.html,5934389,2026-08-10T10:33:35.605315+00:00,Spanish-Style Villa & 65 Perches of Land Near Galle – Rs. 75 Million- SALE,"View all > Houses > Apartments > Commercial > Bungalows > Villas > Studio
/ Bedsit > Warehouse > Featured developments for sale > New Beachfront Projects > Newly
built property for sale > Colonial
Houses for sale > Urgent properties for sale > Luxury
Apartments > Mid-range
Apartments > Bungalows
in Nuwara Eliya > Houses
in Battaramulla area > Commercial property for sale
in
Colombo > Hotels for Sale > Warehouses for sale > Brand
new apartment > Beachfront properties for sale > Beachfront Apartments for sale > Below Market Value properties > Sri Lanka House Price Index > Sri Lanka Land Price Index > Guide for
foreigners
buying property > All property for Rent > Houses > Apartments > Commercial > Bungalows > Annexes > Hostels > Villas > Studio
/ Bedsit > Rooms
/ Boarding Places > View All Featured Properties > Warehouses for rent > Newly built property for rent > Urgent properties to let > Short
term rentals > Office spaces in
Colombo > Co-working places > House Prices > Find All Land for Sale or Lease > Bare
Land > Beachfront
Land > Cultivated
/ Agriculture > Land
with House > Tea
Estate Land > Rubber
Estate Land > Coconut
Estate Land > Paddy
(Rice) Land > Cinnamon
Estate Land > Waterfront
Land > Featured Land Projects > Lands
in Nuwara Eliya > Investment Lands
within 1 hour of Colombo > Lands
for less than 1 lakh a perch in Western Province > Cultivation
lands within 1 hour from Colombo > Land
Prices in Greater Colombo > View All New Projects > Featured Projects > Apartment FinderNew > Featured Land Projects > Condo Directory > Property
Valuations > Legal
Assistance > Document
preparation & submission > Mortgage
Advice > Fees
& taxes payment > Personal
Assistance > Other
Services > Market
Research and Advisory > Property
Buying Advisory > Business
Buying or Selling Advisory > Property
Buying Assistance for Foreigners > Advisory on Investing
in Sri Lanka > House
Construction > Packers &
Movers > Solar Panels > Invest Home > Top Investment
Properties > Luxury
Apartments > Mid-range
Apartments > Lands and
Bungalows
in Nuwara Eliya > Houses in
Battaramulla area > Cultivation
lands > Investment Lands
within 1 hour of Colombo > Commercial
property
for sale in Colombo > Hotels for
Sale > ROI calculator > Trending Properties > Top Investment
properties > House Price Index > Land price
index > Home Loan Rates > Home
Loan Calculator > Home
Loan Comparison > Market Insights > Price Meter > Property Buying Guide > Foreign Buyers'
Guide > Capital
Gains Tax > Sri Lanka House Price Index > Sri Lanka Land Price Index > Membership Benefits > Market Outlook Report > News & Guides > View All Wanted Properties > Houses wanted > Apartments wanted > Land wanted > Commercial Buildings > Rooms wanted > Post Your
Ad > View All Agents / Agents
Directory > Promote your
property > Become an Agent > Residential
sales > Letting
Agents > Commercial
property agents > Land Sales > Buyer
& Seller Assistance > Promote
your property > View All
Businesses for
Sale > Real
Estate > Restaurant > Construction > Agriculture > Tech > Hospitality > Business > Manufacturing > Garment-Textile > Services-BPO > Maps of Sri Lanka > Area Guide > Point of
Interests > Property Buying Guide > Foreign Buyers'
Guide > Capital
Gains Tax > Sri Lanka House Price Index > Sri Lanka Land Price Index > Membership Benefits > News & Guides > About us > Careers > Contact Us > Events > FAQs > Ideal Home > Appliances &
Electronics > Furniture > Household items > Solar & Hot Water > Bathrooms > Gardening > Kitchen > Professionals > Flooring > House Construction > Lighting > Service Providers > Other Services > Home > ... > Sales > Galle District > Galle > House > Home > ... > Sales > Galle District > Galle > House","Akuressa road, Kalahe Junction, Galle",Rs. 75 M,75000000.0,True,House,5,,4000 sq.ft.,2,65 perches,Available Now,Semi-furnished,25+ years,75 ft.,5.0,,4000.0,65.0,"{""Bathrooms/WCs"": ""4"", ""Car parking spaces"": ""10""}","# Spanish-Style Villa & 65 Perches of Land Near Galle – Rs. 75 Million ### **A Versatile Tourism & Residential Investment Opportunity in Galle** A rare opportunity to acquire a **fully renovated, two-storey Spanish-style residence** set on approximately **65 perches of land** in a peaceful and well-established neighbourhood close to Galle. The property combines **character, generous land extent, excellent accessibility and proximity to some of the Southern Province’s most attractive destinations**, making it suitable for both **private residential living and tourism-related development**. ## 🏡 Property Highlights * **Land:** Approximately 65 perches * **Building:** Fully renovated two-storey Spanish-style house * **Bedrooms:** 5 * **Bathrooms:** 3 * **Setting:** Calm, quiet and green environment * **Vegetation:** Mature, fully landscaped/vegetated land * **Road access:** Good road frontage and easy access * **Neighbourhood:** Established and desirable residential surroundings * **Amenities:** Essential day-to-day facilities available within a few metres * **Asking Price:** **Rs. 75 Million** ## 📍 Strategic Location The property is positioned within easy reach of key destinations in and around Galle: | Destination | Approx. Distance | | **Galle City & Galle Fort** | 5 km | | **Unawatuna Beach** | 5 km | | **Dewata Beach** | 4 km | | **Southern Highway Access** | 4 km | This location provides a strong combination of **tourism accessibility and residential convenience**, with beaches, Galle's historic attractions and the Southern Expressway all within a short drive. ## 💼 Investment Potential The property offers several possible investment strategies: ### **1. Boutique Villa / Holiday Home** The existing five-bedroom configuration could be positioned as a **boutique villa or private holiday residence**, targeting domestic and international visitors seeking a quieter alternative to beachfront properties. ### **2. Guesthouse / Small Tourism Business** With five bedrooms, three bathrooms and substantial surrounding land, the property has potential for a **small-scale guest accommodation concept**, subject to obtaining the required approvals and licences. ### **3. Premium Residential Property** The property can also serve as a **large family residence**, second home or retirement residence in a peaceful environment while remaining close to Galle and the southern coastal belt. ### **4. Land-Banked Investment** The **65-perch land extent** provides an important underlying asset value. An investor could acquire the property today and consider future improvements or development according to market demand and applicable planning regulations. ## Why This Property? **65 perches + renovated 5-bedroom house + strategic Galle location + beach proximity + highway connectivity** The combination of a substantial landholding and a ready-to-use renovated residence makes this a **versatile investment rather than simply a residential property**. At an asking price of **Rs. 75 million**, the property should be evaluated not only on the existing building but also on the **long-term value of the land and its potential tourism/residential use**. ### **Investment Proposition** > **Acquire a renovated Spanish-style villa on 65 perches in a strategic Galle location—use it as a residence, operate it as a boutique tourism property, or retain the land as a long-term Southern Province investment.** **Asking Price: Rs. 75,000,000** *All tourism, commercial and development uses are subject to applicable local authority, planning and regulatory approvals. For more information & personal showing please contact our strategic real estate advisor"
https://www.lankapropertyweb.com/sale/property_details-5934060.html,5934060,2026-08-10T10:33:38.943170+00:00,3 Storied Lucxury House for Sale in Pita Kotte for Rs.180 million,"View all > Houses > Apartments > Commercial > Bungalows > Villas > Studio
/ Bedsit > Warehouse > Featured developments for sale > New Beachfront Projects > Newly
built property for sale > Colonial
Houses for sale > Urgent properties for sale > Luxury
Apartments > Mid-range
Apartments > Bungalows
in Nuwara Eliya > Houses
in Battaramulla area > Commercial property for sale
in
Colombo > Hotels for Sale > Warehouses for sale > Brand
new apartment > Beachfront properties for sale > Beachfront Apartments for sale > Below Market Value properties > Sri Lanka House Price Index > Sri Lanka Land Price Index > Guide for
foreigners
buying property > All property for Rent > Houses > Apartments > Commercial > Bungalows > Annexes > Hostels > Villas > Studio
/ Bedsit > Rooms
/ Boarding Places > View All Featured Properties > Warehouses for rent > Newly built property for rent > Urgent properties to let > Short
term rentals > Office spaces in
Colombo > Co-working places > House Prices > Find All Land for Sale or Lease > Bare
Land > Beachfront
Land > Cultivated
/ Agriculture > Land
with House > Tea
Estate Land > Rubber
Estate Land > Coconut
Estate Land > Paddy
(Rice) Land > Cinnamon
Estate Land > Waterfront
Land > Featured Land Projects > Lands
in Nuwara Eliya > Investment Lands
within 1 hour of Colombo > Lands
for less than 1 lakh a perch in Western Province > Cultivation
lands within 1 hour from Colombo > Land
Prices in Greater Colombo > View All New Projects > Featured Projects > Apartment FinderNew > Featured Land Projects > Condo Directory > Property
Valuations > Legal
Assistance > Document
preparation & submission > Mortgage
Advice > Fees
& taxes payment > Personal
Assistance > Other
Services > Market
Research and Advisory > Property
Buying Advisory > Business
Buying or Selling Advisory > Property
Buying Assistance for Foreigners > Advisory on Investing
in Sri Lanka > House
Construction > Packers &
Movers > Solar Panels > Invest Home > Top Investment
Properties > Luxury
Apartments > Mid-range
Apartments > Lands and
Bungalows
in Nuwara Eliya > Houses in
Battaramulla area > Cultivation
lands > Investment Lands
within 1 hour of Colombo > Commercial
property
for sale in Colombo > Hotels for
Sale > ROI calculator > Trending Properties > Top Investment
properties > House Price Index > Land price
index > Home Loan Rates > Home
Loan Calculator > Home
Loan Comparison > Market Insights > Price Meter > Property Buying Guide > Foreign Buyers'
Guide > Capital
Gains Tax > Sri Lanka House Price Index > Sri Lanka Land Price Index > Membership Benefits > Market Outlook Report > News & Guides > View All Wanted Properties > Houses wanted > Apartments wanted > Land wanted > Commercial Buildings > Rooms wanted > Post Your
Ad > View All Agents / Agents
Directory > Promote your
property > Become an Agent > Residential
sales > Letting
Agents > Commercial
property agents > Land Sales > Buyer
& Seller Assistance > Promote
your property > View All
Businesses for
Sale > Real
Estate > Restaurant > Construction > Agriculture > Tech > Hospitality > Business > Manufacturing > Garment-Textile > Services-BPO > Maps of Sri Lanka > Area Guide > Point of
Interests > Property Buying Guide > Foreign Buyers'
Guide > Capital
Gains Tax > Sri Lanka House Price Index > Sri Lanka Land Price Index > Membership Benefits > News & Guides > About us > Careers > Contact Us > Events > FAQs > Ideal Home > Appliances &
Electronics > Furniture > Household items > Solar & Hot Water > Bathrooms > Gardening > Kitchen > Professionals > Flooring > House Construction > Lighting > Service Providers > Other Services > Home > ... > Sales > Colombo District > Pita Kotte > House > Home > ... > Sales > Colombo District > Pita Kotte > House","Baddagana Road, Pita Kotte",Rs.180 m,180000000.0,True,House,5,,5000 sq.ft.,,14.5 perches,Available Now,Unfurnished,,,5.0,,5000.0,14.5,"{""Bathrooms/WCs"": ""4"", ""Agent Ref"": ""P/B"", ""Car parking spaces"": ""3""}","📍 Prime Residential Location 📐 14.5 Perches of Land 🏢 3 Stories 🛏️ 5 Bedrooms – 3 Air-Conditioned 🚿 4 Attached Bathrooms with Solar-Powered Hot Water 🛋️ Spacious Living Area with A/C Section 🍳 Pantry & Kitchen 🧹 Servant’s Quarters with Bathroom 🚗 Parking for 3 Vehicles 💼 Separate Air-Conditioned Office Room adjoining the Parking Area ⚡ 3-Phase Electricity Supply 💧 NWSDB Water Supply 📞 Landline + SLT Fibre Internet Connection 🚰 2 × 2,000L Water Tanks 📍 Conveniently Located Close To: 🏥 Hospitals & Medical Clinics 🛒 Supermarkets & Grocery Stores ⛽ Ceypetco Filling Stations 🔧 Service Stations 🧺 Laundries 🛣️ Highway Access 🌳 Recreational Areas & Other Essential Utilities 💰 Selling Price: Rs. 180,000,000/- (Negotiable) ✨ Ideal for Domestic or Corporate Use"
https://www.lankapropertyweb.com/sale/property_details-5931639.html,5931639,2026-08-10T10:33:42.062179+00:00,House & Land for Sale in Kahathuduwa |LKR 21 Million (HS4822),"View all > Houses > Apartments > Commercial > Bungalows > Villas > Studio
/ Bedsit > Warehouse > Featured developments for sale > New Beachfront Projects > Newly
built property for sale > Colonial
Houses for sale > Urgent properties for sale > Luxury
Apartments > Mid-range
Apartments > Bungalows
in Nuwara Eliya > Houses
in Battaramulla area > Commercial property for sale
in
Colombo > Hotels for Sale > Warehouses for sale > Brand
new apartment > Beachfront properties for sale > Beachfront Apartments for sale > Below Market Value properties > Sri Lanka House Price Index > Sri Lanka Land Price Index > Guide for
foreigners
buying property > All property for Rent > Houses > Apartments > Commercial > Bungalows > Annexes > Hostels > Villas > Studio
/ Bedsit > Rooms
/ Boarding Places > View All Featured Properties > Warehouses for rent > Newly built property for rent > Urgent properties to let > Short
term rentals > Office spaces in
Colombo > Co-working places > House Prices > Find All Land for Sale or Lease > Bare
Land > Beachfront
Land > Cultivated
/ Agriculture > Land
with House > Tea
Estate Land > Rubber
Estate Land > Coconut
Estate Land > Paddy
(Rice) Land > Cinnamon
Estate Land > Waterfront
Land > Featured Land Projects > Lands
in Nuwara Eliya > Investment Lands
within 1 hour of Colombo > Lands
for less than 1 lakh a perch in Western Province > Cultivation
lands within 1 hour from Colombo > Land
Prices in Greater Colombo > View All New Projects > Featured Projects > Apartment FinderNew > Featured Land Projects > Condo Directory > Property
Valuations > Legal
Assistance > Document
preparation & submission > Mortgage
Advice > Fees
& taxes payment > Personal
Assistance > Other
Services > Market
Research and Advisory > Property
Buying Advisory > Business
Buying or Selling Advisory > Property
Buying Assistance for Foreigners > Advisory on Investing
in Sri Lanka > House
Construction > Packers &
Movers > Solar Panels > Invest Home > Top Investment
Properties > Luxury
Apartments > Mid-range
Apartments > Lands and
Bungalows
in Nuwara Eliya > Houses in
Battaramulla area > Cultivation
lands > Investment Lands
within 1 hour of Colombo > Commercial
property
for sale in Colombo > Hotels for
Sale > ROI calculator > Trending Properties > Top Investment
properties > House Price Index > Land price
index > Home Loan Rates > Home
Loan Calculator > Home
Loan Comparison > Market Insights > Price Meter > Property Buying Guide > Foreign Buyers'
Guide > Capital
Gains Tax > Sri Lanka House Price Index > Sri Lanka Land Price Index > Membership Benefits > Market Outlook Report > News & Guides > View All Wanted Properties > Houses wanted > Apartments wanted > Land wanted > Commercial Buildings > Rooms wanted > Post Your
Ad > View All Agents / Agents
Directory > Promote your
property > Become an Agent > Residential
sales > Letting
Agents > Commercial
property agents > Land Sales > Buyer
& Seller Assistance > Promote
your property > View All
Businesses for
Sale > Real
Estate > Restaurant > Construction > Agriculture > Tech > Hospitality > Business > Manufacturing > Garment-Textile > Services-BPO > Maps of Sri Lanka > Area Guide > Point of
Interests > Property Buying Guide > Foreign Buyers'
Guide > Capital
Gains Tax > Sri Lanka House Price Index > Sri Lanka Land Price Index > Membership Benefits > News & Guides > About us > Careers > Contact Us > Events > FAQs > Ideal Home > Appliances &
Electronics > Furniture > Household items > Solar & Hot Water > Bathrooms > Gardening > Kitchen > Professionals > Flooring > House Construction > Lighting > Service Providers > Other Services > Home > ... > Sales > Colombo District > Kahathuduwa > House > Home > ... > Sales > Colombo District > Kahathuduwa > House",Kahathuduwa,"Rs. 21,000,000


















",21000000.0,True,House,3,,2722.5 sq.ft.,,10 perches,Available Now,Unfurnished,,,3.0,,2722.5,10.0,"{""Bathrooms/WCs"": ""2"", ""Agent Ref"": ""Brayan""}","House & Land for Sale in Kahathuduwa |LKR 21 Million (Negotiable) Property Details:- 📍 Location :- Kahathuduwa 🌿 Land Extent :- 10 Perches 🏡 Property Type :- House with Land 🛏️ Bedrooms :- 3 ❄️ Air Conditioning :- 1 Air-Conditioned Bedroom 🛁 Bathrooms :- 2 (Hot & Cold Water for Showers & Wash Basins) 🍽️ Pantries :- 2 🛋️ Living & Dining :- Spacious Living & Dining Area 🌤️ Terrace :- Open Terrace 🧺 Utility Areas :- Laundry Area & Store Room 🚗 Parking :- Open Garage 🌳 Garden :- Front Garden, Backyard & Walking Space Around the House 🛣️ Access Road :- 20 Ft Private Access Lane 💧 Water Storage :- 1,000L Water Tank Extra - ✅ Beautiful Garden with Valuable Plants ✅ Electricity & Water Supply Available ✅ Selected Furniture & Electrical Items Worth Over LKR 2 Million Can Be Included for the Best Offer ✅ Fast Developing Residential Area ✅ Approximately 6 Minutes to the Kahathuduwa Highway Entrance ✅ Close to Fuel Stations, Schools, Supermarkets, Banks & International Schools ✅ Near Golf Links & Other Recreational Facilities ✅ Excellent Long-Term Investment Opportunity ✅ Price Negotiable After Inspection Price :- LKR 21 Million (Negotiable) Contact our property consultant Brayan for more information and immediate viewings. At 73 Avenue Realtors, we provide a comprehensive range of real estate services including interior upliftment options, mortgage and financing assistance, and legal and property management solutions."
https://www.lankapropertyweb.com/sale/property_details-5915778.html,5915778,2026-08-10T10:33:45.074636+00:00,🏡 Well-Maintained 4-Bedroom Family Home for Sale in Thalawathugoda,"View all > Houses > Apartments > Commercial > Bungalows > Villas > Studio
/ Bedsit > Warehouse > Featured developments for sale > New Beachfront Projects > Newly
built property for sale > Colonial
Houses for sale > Urgent properties for sale > Luxury
Apartments > Mid-range
Apartments > Bungalows
in Nuwara Eliya > Houses
in Battaramulla area > Commercial property for sale
in
Colombo > Hotels for Sale > Warehouses for sale > Brand
new apartment > Beachfront properties for sale > Beachfront Apartments for sale > Below Market Value properties > Sri Lanka House Price Index > Sri Lanka Land Price Index > Guide for
foreigners
buying property > All property for Rent > Houses > Apartments > Commercial > Bungalows > Annexes > Hostels > Villas > Studio
/ Bedsit > Rooms
/ Boarding Places > View All Featured Properties > Warehouses for rent > Newly built property for rent > Urgent properties to let > Short
term rentals > Office spaces in
Colombo > Co-working places > House Prices > Find All Land for Sale or Lease > Bare
Land > Beachfront
Land > Cultivated
/ Agriculture > Land
with House > Tea
Estate Land > Rubber
Estate Land > Coconut
Estate Land > Paddy
(Rice) Land > Cinnamon
Estate Land > Waterfront
Land > Featured Land Projects > Lands
in Nuwara Eliya > Investment Lands
within 1 hour of Colombo > Lands
for less than 1 lakh a perch in Western Province > Cultivation
lands within 1 hour from Colombo > Land
Prices in Greater Colombo > View All New Projects > Featured Projects > Apartment FinderNew > Featured Land Projects > Condo Directory > Property
Valuations > Legal
Assistance > Document
preparation & submission > Mortgage
Advice > Fees
& taxes payment > Personal
Assistance > Other
Services > Market
Research and Advisory > Property
Buying Advisory > Business
Buying or Selling Advisory > Property
Buying Assistance for Foreigners > Advisory on Investing
in Sri Lanka > House
Construction > Packers &
Movers > Solar Panels > Invest Home > Top Investment
Properties > Luxury
Apartments > Mid-range
Apartments > Lands and
Bungalows
in Nuwara Eliya > Houses in
Battaramulla area > Cultivation
lands > Investment Lands
within 1 hour of Colombo > Commercial
property
for sale in Colombo > Hotels for
Sale > ROI calculator > Trending Properties > Top Investment
properties > House Price Index > Land price
index > Home Loan Rates > Home
Loan Calculator > Home
Loan Comparison > Market Insights > Price Meter > Property Buying Guide > Foreign Buyers'
Guide > Capital
Gains Tax > Sri Lanka House Price Index > Sri Lanka Land Price Index > Membership Benefits > Market Outlook Report > News & Guides > View All Wanted Properties > Houses wanted > Apartments wanted > Land wanted > Commercial Buildings > Rooms wanted > Post Your
Ad > View All Agents / Agents
Directory > Promote your
property > Become an Agent > Residential
sales > Letting
Agents > Commercial
property agents > Land Sales > Buyer
& Seller Assistance > Promote
your property > View All
Businesses for
Sale > Real
Estate > Restaurant > Construction > Agriculture > Tech > Hospitality > Business > Manufacturing > Garment-Textile > Services-BPO > Maps of Sri Lanka > Area Guide > Point of
Interests > Property Buying Guide > Foreign Buyers'
Guide > Capital
Gains Tax > Sri Lanka House Price Index > Sri Lanka Land Price Index > Membership Benefits > News & Guides > About us > Careers > Contact Us > Events > FAQs > Ideal Home > Appliances &
Electronics > Furniture > Household items > Solar & Hot Water > Bathrooms > Gardening > Kitchen > Professionals > Flooring > House Construction > Lighting > Service Providers > Other Services > Home > ... > Sales > Colombo District > Thalawathugoda > House > Home > ... > Sales > Colombo District > Thalawathugoda > House","Dolalanda Gardens, Thalawathugoda","Rs. 85,000,000





",85000000.0,True,House,4,2 Bathrooms,2218 sq.ft.,2,12.7 perches,Available Now,,,,4.0,2.0,2218.0,12.7,"{""Bathrooms/WCs"": ""2"", ""Agent Ref"": ""H223"", ""Car parking spaces"": ""1""}","This spacious two-storey home offers the perfect combination of comfort, practicality, and convenience. Set on 12.7 perches the property has been meticulously maintained and is move-in ready, making it an excellent choice for families seeking a secure and comfortable residence. Property Features ✅ 4 Bedrooms ✅ 2 Bathrooms ✅ 2,218 sq.ft. Floor Area ✅ 12.7 Perches of Land ✅ Built-in wardrobes in the Master Bedroom and an additional bedroom ✅ Spacious Living & Dining Areas ✅ TV Lobby with SLT Fibre Internet Connection ✅ Covered Balcony / Veranda ✅ Front & Rear Gardens ✅ Maid's Room with Separate Bathroom ✅ Covered Parking ✅ 20 ft Access Road ✅ Three-Phase Electricity Premium Features ✔ Fully Air-Conditioned (Bedrooms, Living, Dining & Pantry Areas) ✔ Fitted Pantry with Electric Cooktop, Oven & Microwave ✔ Hot Water Connections via Geyser ✔ 5kW German Antaris Solar Power System ✔ Hydraulic Platform Lift between Ground & First Floors ✔ Frame-Mounted Mosquito Nets Throughout the House ✔ Security Iron Grills on Windows & Doors ✔ Quality Bathroom Fittings ✔ Semi-Furnished / Unfurnished Option Available Excellent Location Located in a quiet and highly residential neighbourhood, the property enjoys close proximity to: 📍 Hemas Hospital 📍 Keells, SPAR, Arpico, Glomark & Food City 📍 Overseas School of Colombo (OSC) 📍 IWMI 📍 Main access roads and public amenities This is an excellent opportunity to own a spacious family home in one of Thalawathugoda's most convenient and established residential locations."
https://www.lankapropertyweb.com/sale/property_details-5718356.html,5718356,2026-08-10T10:33:48.631933+00:00,Modern 4 Bedroom Luxury House Construction in Dehiwala / Rs. 40.25 million / Rs. 402 Laks (Construction Cost),"View all > Houses > Apartments > Commercial > Bungalows > Villas > Studio
/ Bedsit > Warehouse > Featured developments for sale > New Beachfront Projects > Newly
built property for sale > Colonial
Houses for sale > Urgent properties for sale > Luxury
Apartments > Mid-range
Apartments > Bungalows
in Nuwara Eliya > Houses
in Battaramulla area > Commercial property for sale
in
Colombo > Hotels for Sale > Warehouses for sale > Brand
new apartment > Beachfront properties for sale > Beachfront Apartments for sale > Below Market Value properties > Sri Lanka House Price Index > Sri Lanka Land Price Index > Guide for
foreigners
buying property > All property for Rent > Houses > Apartments > Commercial > Bungalows > Annexes > Hostels > Villas > Studio
/ Bedsit > Rooms
/ Boarding Places > View All Featured Properties > Warehouses for rent > Newly built property for rent > Urgent properties to let > Short
term rentals > Office spaces in
Colombo > Co-working places > House Prices > Find All Land for Sale or Lease > Bare
Land > Beachfront
Land > Cultivated
/ Agriculture > Land
with House > Tea
Estate Land > Rubber
Estate Land > Coconut
Estate Land > Paddy
(Rice) Land > Cinnamon
Estate Land > Waterfront
Land > Featured Land Projects > Lands
in Nuwara Eliya > Investment Lands
within 1 hour of Colombo > Lands
for less than 1 lakh a perch in Western Province > Cultivation
lands within 1 hour from Colombo > Land
Prices in Greater Colombo > View All New Projects > Featured Projects > Apartment FinderNew > Featured Land Projects > Condo Directory > Property
Valuations > Legal
Assistance > Document
preparation & submission > Mortgage
Advice > Fees
& taxes payment > Personal
Assistance > Other
Services > Market
Research and Advisory > Property
Buying Advisory > Business
Buying or Selling Advisory > Property
Buying Assistance for Foreigners > Advisory on Investing
in Sri Lanka > House
Construction > Packers &
Movers > Solar Panels > Invest Home > Top Investment
Properties > Luxury
Apartments > Mid-range
Apartments > Lands and
Bungalows
in Nuwara Eliya > Houses in
Battaramulla area > Cultivation
lands > Investment Lands
within 1 hour of Colombo > Commercial
property
for sale in Colombo > Hotels for
Sale > ROI calculator > Trending Properties > Top Investment
properties > House Price Index > Land price
index > Home Loan Rates > Home
Loan Calculator > Home
Loan Comparison > Market Insights > Price Meter > Property Buying Guide > Foreign Buyers'
Guide > Capital
Gains Tax > Sri Lanka House Price Index > Sri Lanka Land Price Index > Membership Benefits > Market Outlook Report > News & Guides > View All Wanted Properties > Houses wanted > Apartments wanted > Land wanted > Commercial Buildings > Rooms wanted > Post Your
Ad > View All Agents / Agents
Directory > Promote your
property > Become an Agent > Residential
sales > Letting
Agents > Commercial
property agents > Land Sales > Buyer
& Seller Assistance > Promote
your property > View All
Businesses for
Sale > Real
Estate > Restaurant > Construction > Agriculture > Tech > Hospitality > Business > Manufacturing > Garment-Textile > Services-BPO > Maps of Sri Lanka > Area Guide > Point of
Interests > Property Buying Guide > Foreign Buyers'
Guide > Capital
Gains Tax > Sri Lanka House Price Index > Sri Lanka Land Price Index > Membership Benefits > News & Guides > About us > Careers > Contact Us > Events > FAQs > Ideal Home > Appliances &
Electronics > Furniture > Household items > Solar & Hot Water > Bathrooms > Gardening > Kitchen > Professionals > Flooring > House Construction > Lighting > Service Providers > Other Services > Home > ... > Sales > Colombo District > Dehiwala > House > Home > ... > Sales > Colombo District > Dehiwala > House","With or Without Land, Dehiwala",Rs. 40.25 m,40250000.0,True,House,5,5 Bathrooms,3500 sq.ft.,3,12 perches,Available soon,Unfurnished,1 year,,5.0,5.0,3500.0,12.0,"{""Bathrooms/WCs"": ""5"", ""Car parking spaces"": ""2""}",Ultra Modern Luxury House Consists of 5 Bedrooms - Construction on your land 5 Bathrooms Living Room Maid's room and bathroom Private Pool Roof top entertainment area Watch the house video below for more info Construction Duration 9 Months 3 Decades of Excellence in the Build Environment UK Qualified Design Team Members Construction Included in the price Private Pool and Outdoor Entertainment Area 4 Car Parking Remote Roller Gate Selected No 1 Quality Lanka Tiles Selected Rocell Bathroom Fittings Marble Top Kitchen with PVC Pantry
https://www.lankapropertyweb.com/sale/property_details-5895144.html,5895144,2026-08-10T10:33:51.414216+00:00,Luxury Brand New House for Sale in Mount Lavinia 🏡✨,"View all > Houses > Apartments > Commercial > Bungalows > Villas > Studio
/ Bedsit > Warehouse > Featured developments for sale > New Beachfront Projects > Newly
built property for sale > Colonial
Houses for sale > Urgent properties for sale > Luxury
Apartments > Mid-range
Apartments > Bungalows
in Nuwara Eliya > Houses
in Battaramulla area > Commercial property for sale
in
Colombo > Hotels for Sale > Warehouses for sale > Brand
new apartment > Beachfront properties for sale > Beachfront Apartments for sale > Below Market Value properties > Sri Lanka House Price Index > Sri Lanka Land Price Index > Guide for
foreigners
buying property > All property for Rent > Houses > Apartments > Commercial > Bungalows > Annexes > Hostels > Villas > Studio
/ Bedsit > Rooms
/ Boarding Places > View All Featured Properties > Warehouses for rent > Newly built property for rent > Urgent properties to let > Short
term rentals > Office spaces in
Colombo > Co-working places > House Prices > Find All Land for Sale or Lease > Bare
Land > Beachfront
Land > Cultivated
/ Agriculture > Land
with House > Tea
Estate Land > Rubber
Estate Land > Coconut
Estate Land > Paddy
(Rice) Land > Cinnamon
Estate Land > Waterfront
Land > Featured Land Projects > Lands
in Nuwara Eliya > Investment Lands
within 1 hour of Colombo > Lands
for less than 1 lakh a perch in Western Province > Cultivation
lands within 1 hour from Colombo > Land
Prices in Greater Colombo > View All New Projects > Featured Projects > Apartment FinderNew > Featured Land Projects > Condo Directory > Property
Valuations > Legal
Assistance > Document
preparation & submission > Mortgage
Advice > Fees
& taxes payment > Personal
Assistance > Other
Services > Market
Research and Advisory > Property
Buying Advisory > Business
Buying or Selling Advisory > Property
Buying Assistance for Foreigners > Advisory on Investing
in Sri Lanka > House
Construction > Packers &
Movers > Solar Panels > Invest Home > Top Investment
Properties > Luxury
Apartments > Mid-range
Apartments > Lands and
Bungalows
in Nuwara Eliya > Houses in
Battaramulla area > Cultivation
lands > Investment Lands
within 1 hour of Colombo > Commercial
property
for sale in Colombo > Hotels for
Sale > ROI calculator > Trending Properties > Top Investment
properties > House Price Index > Land price
index > Home Loan Rates > Home
Loan Calculator > Home
Loan Comparison > Market Insights > Price Meter > Property Buying Guide > Foreign Buyers'
Guide > Capital
Gains Tax > Sri Lanka House Price Index > Sri Lanka Land Price Index > Membership Benefits > Market Outlook Report > News & Guides > View All Wanted Properties > Houses wanted > Apartments wanted > Land wanted > Commercial Buildings > Rooms wanted > Post Your
Ad > View All Agents / Agents
Directory > Promote your
property > Become an Agent > Residential
sales > Letting
Agents > Commercial
property agents > Land Sales > Buyer
& Seller Assistance > Promote
your property > View All
Businesses for
Sale > Real
Estate > Restaurant > Construction > Agriculture > Tech > Hospitality > Business > Manufacturing > Garment-Textile > Services-BPO > Maps of Sri Lanka > Area Guide > Point of
Interests > Property Buying Guide > Foreign Buyers'
Guide > Capital
Gains Tax > Sri Lanka House Price Index > Sri Lanka Land Price Index > Membership Benefits > News & Guides > About us > Careers > Contact Us > Events > FAQs > Ideal Home > Appliances &
Electronics > Furniture > Household items > Solar & Hot Water > Bathrooms > Gardening > Kitchen > Professionals > Flooring > House Construction > Lighting > Service Providers > Other Services > Home > ... > Sales > Colombo District > Mount Lavinia > House > Home > ... > Sales > Colombo District > Mount Lavinia > House",Mount Lavinia,"Rs. 87,000,000





",87000000.0,True,House,4,,3720 sq.ft.,,10.1 perches,Available Now,Unfurnished,,,4.0,,3720.0,10.1,"{""Bathrooms/WCs"": ""4""}","Experience premium living in this stunning two-storey super luxury home located in the highly sought-after area of Mount Lavinia. 🔹 Property Details: • Bedrooms: 04 • Bathrooms: 04 • Maid Room + Maid Toilet • Land Size: 10.1 Perches • House Size: 3,720 Sq.ft 🔹 Features & Facilities: • Spacious Living Area & Dining Area • Modern Kitchen • European Standard Large Pantry with 4 Burner Cooker • Upper Floor Lobby & Library Area • Front Balcony & Rear Balcony • Fully Tiled Rooftop Terrace • Double Garage • Remote Control Rolling Gate • Imported Light Fittings & Fans • Beautiful Landscaped Garden – 900 Sq.ft • Only One Blind Wall 🔹 Location Benefits: • Just 200m to Galle Road • 20 Feet Interlocked Access Road • Located in a Gated Community Project • 10ft Boundary Walls with Main Entrance Gate • 24 Hours Security 💰 Price: LKR 87 Million (Negotiable)"
https://www.lankapropertyweb.com/sale/property_details-5934397.html,5934397,2026-08-10T10:33:54.627813+00:00,"House & Land for Sale in Dehiwala, Nadimala |LKR 117.6 Million (HS4849)","View all > Houses > Apartments > Commercial > Bungalows > Villas > Studio
/ Bedsit > Warehouse > Featured developments for sale > New Beachfront Projects > Newly
built property for sale > Colonial
Houses for sale > Urgent properties for sale > Luxury
Apartments > Mid-range
Apartments > Bungalows
in Nuwara Eliya > Houses
in Battaramulla area > Commercial property for sale
in
Colombo > Hotels for Sale > Warehouses for sale > Brand
new apartment > Beachfront properties for sale > Beachfront Apartments for sale > Below Market Value properties > Sri Lanka House Price Index > Sri Lanka Land Price Index > Guide for
foreigners
buying property > All property for Rent > Houses > Apartments > Commercial > Bungalows > Annexes > Hostels > Villas > Studio
/ Bedsit > Rooms
/ Boarding Places > View All Featured Properties > Warehouses for rent > Newly built property for rent > Urgent properties to let > Short
term rentals > Office spaces in
Colombo > Co-working places > House Prices > Find All Land for Sale or Lease > Bare
Land > Beachfront
Land > Cultivated
/ Agriculture > Land
with House > Tea
Estate Land > Rubber
Estate Land > Coconut
Estate Land > Paddy
(Rice) Land > Cinnamon
Estate Land > Waterfront
Land > Featured Land Projects > Lands
in Nuwara Eliya > Investment Lands
within 1 hour of Colombo > Lands
for less than 1 lakh a perch in Western Province > Cultivation
lands within 1 hour from Colombo > Land
Prices in Greater Colombo > View All New Projects > Featured Projects > Apartment FinderNew > Featured Land Projects > Condo Directory > Property
Valuations > Legal
Assistance > Document
preparation & submission > Mortgage
Advice > Fees
& taxes payment > Personal
Assistance > Other
Services > Market
Research and Advisory > Property
Buying Advisory > Business
Buying or Selling Advisory > Property
Buying Assistance for Foreigners > Advisory on Investing
in Sri Lanka > House
Construction > Packers &
Movers > Solar Panels > Invest Home > Top Investment
Properties > Luxury
Apartments > Mid-range
Apartments > Lands and
Bungalows
in Nuwara Eliya > Houses in
Battaramulla area > Cultivation
lands > Investment Lands
within 1 hour of Colombo > Commercial
property
for sale in Colombo > Hotels for
Sale > ROI calculator > Trending Properties > Top Investment
properties > House Price Index > Land price
index > Home Loan Rates > Home
Loan Calculator > Home
Loan Comparison > Market Insights > Price Meter > Property Buying Guide > Foreign Buyers'
Guide > Capital
Gains Tax > Sri Lanka House Price Index > Sri Lanka Land Price Index > Membership Benefits > Market Outlook Report > News & Guides > View All Wanted Properties > Houses wanted > Apartments wanted > Land wanted > Commercial Buildings > Rooms wanted > Post Your
Ad > View All Agents / Agents
Directory > Promote your
property > Become an Agent > Residential
sales > Letting
Agents > Commercial
property agents > Land Sales > Buyer
& Seller Assistance > Promote
your property > View All
Businesses for
Sale > Real
Estate > Restaurant > Construction > Agriculture > Tech > Hospitality > Business > Manufacturing > Garment-Textile > Services-BPO > Maps of Sri Lanka > Area Guide > Point of
Interests > Property Buying Guide > Foreign Buyers'
Guide > Capital
Gains Tax > Sri Lanka House Price Index > Sri Lanka Land Price Index > Membership Benefits > News & Guides > About us > Careers > Contact Us > Events > FAQs > Ideal Home > Appliances &
Electronics > Furniture > Household items > Solar & Hot Water > Bathrooms > Gardening > Kitchen > Professionals > Flooring > House Construction > Lighting > Service Providers > Other Services > Home > ... > Sales > Colombo District > Dehiwala > House > Home > ... > Sales > Colombo District > Dehiwala > House",Dehiwala,"Rs. 117,600,000


















",117600000.0,True,House,6,3 Bathrooms,6207.30 sq.ft.,,22.80 perches,Available Now,,,,6.0,3.0,6207.3,22.8,"{""Bathrooms/WCs"": ""3"", ""Agent Ref"": ""Brayan""}","House & Land for Sale in Dehiwala, Nadimala |LKR 117.6 Million Property Details:- 📍 Location :- Nadimala, Dehiwala 📏 Distance :- 50m to Bellanthota Main Road 🌿 Land Extent :- 22.80 Perches 🏡 Property Type :- Residential Property with Two Houses 🏠 No. of Houses :- 2 🛏️ Total Rooms :- 6 🛁 Bathrooms :- 3 🛣️ Access Road :- 15 Ft Road 🚌 Road Frontage :- 119 Bus Route Facing Extra - ✅ Prime Residential Location ✅ Only 50m to Bellanthota Main Road ✅ Two Existing Houses on the Property ✅ Total of 6 Rooms & 3 Bathrooms ✅ 15 Ft Wide Access Road ✅ 119 Bus Route Facing ✅ Ideal for Residential Living or Redevelopment ✅ Excellent Investment Opportunity ✅ Close to Schools, Banks, Supermarkets, Hospitals & Other Essential Amenities Price Breakdown:- Land Price :- LKR 4,500,000 Per Perch Land Extent :- 22.80 Perches Land Value :- LKR 102,600,000 Two Houses :- LKR 15,000,000 Total Price :- LKR 117,600,000 Price :- LKR 117.6 Million (Negotiable) Contact our property consultant Brayan for more information and immediate viewings. At 73 Avenue Realtors, we provide a comprehensive range of real estate services including interior upliftment options, mortgage and financing assistance, and legal and property management solutions."
https://www.lankapropertyweb.com/sale/property_details-5912358.html,5912358,2026-08-10T10:33:57.965189+00:00,"House for Sale at Old Kottawa Road, Ambuldeniya (HSSH134)","View all > Houses > Apartments > Commercial > Bungalows > Villas > Studio
/ Bedsit > Warehouse > Featured developments for sale > New Beachfront Projects > Newly
built property for sale > Colonial
Houses for sale > Urgent properties for sale > Luxury
Apartments > Mid-range
Apartments > Bungalows
in Nuwara Eliya > Houses
in Battaramulla area > Commercial property for sale
in
Colombo > Hotels for Sale > Warehouses for sale > Brand
new apartment > Beachfront properties for sale > Beachfront Apartments for sale > Below Market Value properties > Sri Lanka House Price Index > Sri Lanka Land Price Index > Guide for
foreigners
buying property > All property for Rent > Houses > Apartments > Commercial > Bungalows > Annexes > Hostels > Villas > Studio
/ Bedsit > Rooms
/ Boarding Places > View All Featured Properties > Warehouses for rent > Newly built property for rent > Urgent properties to let > Short
term rentals > Office spaces in
Colombo > Co-working places > House Prices > Find All Land for Sale or Lease > Bare
Land > Beachfront
Land > Cultivated
/ Agriculture > Land
with House > Tea
Estate Land > Rubber
Estate Land > Coconut
Estate Land > Paddy
(Rice) Land > Cinnamon
Estate Land > Waterfront
Land > Featured Land Projects > Lands
in Nuwara Eliya > Investment Lands
within 1 hour of Colombo > Lands
for less than 1 lakh a perch in Western Province > Cultivation
lands within 1 hour from Colombo > Land
Prices in Greater Colombo > View All New Projects > Featured Projects > Apartment FinderNew > Featured Land Projects > Condo Directory > Property
Valuations > Legal
Assistance > Document
preparation & submission > Mortgage
Advice > Fees
& taxes payment > Personal
Assistance > Other
Services > Market
Research and Advisory > Property
Buying Advisory > Business
Buying or Selling Advisory > Property
Buying Assistance for Foreigners > Advisory on Investing
in Sri Lanka > House
Construction > Packers &
Movers > Solar Panels > Invest Home > Top Investment
Properties > Luxury
Apartments > Mid-range
Apartments > Lands and
Bungalows
in Nuwara Eliya > Houses in
Battaramulla area > Cultivation
lands > Investment Lands
within 1 hour of Colombo > Commercial
property
for sale in Colombo > Hotels for
Sale > ROI calculator > Trending Properties > Top Investment
properties > House Price Index > Land price
index > Home Loan Rates > Home
Loan Calculator > Home
Loan Comparison > Market Insights > Price Meter > Property Buying Guide > Foreign Buyers'
Guide > Capital
Gains Tax > Sri Lanka House Price Index > Sri Lanka Land Price Index > Membership Benefits > Market Outlook Report > News & Guides > View All Wanted Properties > Houses wanted > Apartments wanted > Land wanted > Commercial Buildings > Rooms wanted > Post Your
Ad > View All Agents / Agents
Directory > Promote your
property > Become an Agent > Residential
sales > Letting
Agents > Commercial
property agents > Land Sales > Buyer
& Seller Assistance > Promote
your property > View All
Businesses for
Sale > Real
Estate > Restaurant > Construction > Agriculture > Tech > Hospitality > Business > Manufacturing > Garment-Textile > Services-BPO > Maps of Sri Lanka > Area Guide > Point of
Interests > Property Buying Guide > Foreign Buyers'
Guide > Capital
Gains Tax > Sri Lanka House Price Index > Sri Lanka Land Price Index > Membership Benefits > News & Guides > About us > Careers > Contact Us > Events > FAQs > Ideal Home > Appliances &
Electronics > Furniture > Household items > Solar & Hot Water > Bathrooms > Gardening > Kitchen > Professionals > Flooring > House Construction > Lighting > Service Providers > Other Services > Home > ... > Sales > Colombo District > Embuldeniya > House > Home > ... > Sales > Colombo District > Embuldeniya > House",Embuldeniya,"Rs. 100,000,000





",100000000.0,True,House,4,,3000 sq.ft.,2,14 perches,Available Now,,12+ years,,4.0,,3000.0,14.0,"{""Bathrooms/WCs"": ""2"", ""Agent Ref"": ""HSSH134""}","04 Bedrooms 02 Washrooms Land Size – 14 Perches Year of Construction – 12 Years This well-maintained house located at Old Kottawa Road, Ambuldeniya, near Pizza Hut, offers a comfortable and convenient living environment in one of the area's most sought-after residential locations. Positioned in a highly accessible neighborhood, the property is ideal for families seeking a spacious home with easy access to essential amenities and major transport routes. The house features practical living spaces, comfortable bedrooms, and a functional layout designed for everyday family living. Situated on a valuable 14-perch land, the property also presents excellent long-term investment potential. Features & Facilities 04 Spacious Bedrooms 02 Washrooms Large Living & Dining Areas Well-Maintained Property 14 Perches of Valuable Land Ideal for Family Living Peaceful Residential Environment Location Advantages Prime location on Old Kottawa Road, Ambuldeniya Walking distance to shops, restaurants, and essential amenities Close proximity to schools, supermarkets, banks, and hospitals Easy access to Nugegoda, Maharagama, and Colombo City Well-connected to major road networks and public transport A valuable opportunity to own a spacious family home in a highly convenient and rapidly developing residential area. Price – LKR 100,000,000 To schedule a visit / receive more information, contact: The Real Realtor (Pvt) Ltd"
https://www.lankapropertyweb.com/sale/property_details-5932938.html,5932938,2026-08-10T10:34:01.357887+00:00,House For Sale in Athurugiriya,"View all > Houses > Apartments > Commercial > Bungalows > Villas > Studio
/ Bedsit > Warehouse > Featured developments for sale > New Beachfront Projects > Newly
built property for sale > Colonial
Houses for sale > Urgent properties for sale > Luxury
Apartments > Mid-range
Apartments > Bungalows
in Nuwara Eliya > Houses
in Battaramulla area > Commercial property for sale
in
Colombo > Hotels for Sale > Warehouses for sale > Brand
new apartment > Beachfront properties for sale > Beachfront Apartments for sale > Below Market Value properties > Sri Lanka House Price Index > Sri Lanka Land Price Index > Guide for
foreigners
buying property > All property for Rent > Houses > Apartments > Commercial > Bungalows > Annexes > Hostels > Villas > Studio
/ Bedsit > Rooms
/ Boarding Places > View All Featured Properties > Warehouses for rent > Newly built property for rent > Urgent properties to let > Short
term rentals > Office spaces in
Colombo > Co-working places > House Prices > Find All Land for Sale or Lease > Bare
Land > Beachfront
Land > Cultivated
/ Agriculture > Land
with House > Tea
Estate Land > Rubber
Estate Land > Coconut
Estate Land > Paddy
(Rice) Land > Cinnamon
Estate Land > Waterfront
Land > Featured Land Projects > Lands
in Nuwara Eliya > Investment Lands
within 1 hour of Colombo > Lands
for less than 1 lakh a perch in Western Province > Cultivation
lands within 1 hour from Colombo > Land
Prices in Greater Colombo > View All New Projects > Featured Projects > Apartment FinderNew > Featured Land Projects > Condo Directory > Property
Valuations > Legal
Assistance > Document
preparation & submission > Mortgage
Advice > Fees
& taxes payment > Personal
Assistance > Other
Services > Market
Research and Advisory > Property
Buying Advisory > Business
Buying or Selling Advisory > Property
Buying Assistance for Foreigners > Advisory on Investing
in Sri Lanka > House
Construction > Packers &
Movers > Solar Panels > Invest Home > Top Investment
Properties > Luxury
Apartments > Mid-range
Apartments > Lands and
Bungalows
in Nuwara Eliya > Houses in
Battaramulla area > Cultivation
lands > Investment Lands
within 1 hour of Colombo > Commercial
property
for sale in Colombo > Hotels for
Sale > ROI calculator > Trending Properties > Top Investment
properties > House Price Index > Land price
index > Home Loan Rates > Home
Loan Calculator > Home
Loan Comparison > Market Insights > Price Meter > Property Buying Guide > Foreign Buyers'
Guide > Capital
Gains Tax > Sri Lanka House Price Index > Sri Lanka Land Price Index > Membership Benefits > Market Outlook Report > News & Guides > View All Wanted Properties > Houses wanted > Apartments wanted > Land wanted > Commercial Buildings > Rooms wanted > Post Your
Ad > View All Agents / Agents
Directory > Promote your
property > Become an Agent > Residential
sales > Letting
Agents > Commercial
property agents > Land Sales > Buyer
& Seller Assistance > Promote
your property > View All
Businesses for
Sale > Real
Estate > Restaurant > Construction > Agriculture > Tech > Hospitality > Business > Manufacturing > Garment-Textile > Services-BPO > Maps of Sri Lanka > Area Guide > Point of
Interests > Property Buying Guide > Foreign Buyers'
Guide > Capital
Gains Tax > Sri Lanka House Price Index > Sri Lanka Land Price Index > Membership Benefits > News & Guides > About us > Careers > Contact Us > Events > FAQs > Ideal Home > Appliances &
Electronics > Furniture > Household items > Solar & Hot Water > Bathrooms > Gardening > Kitchen > Professionals > Flooring > House Construction > Lighting > Service Providers > Other Services > Home > ... > Sales > Colombo District > Athurugiriya > House > Home > ... > Sales > Colombo District > Athurugiriya > House",Athurugiriya Kottawa Road,"Rs. 53,000,000


















",53000000.0,True,House,4,,4000 sq.ft.,,12 perches,Available Now,Unfurnished,,,4.0,,4000.0,12.0,"{""Bathrooms/WCs"": ""3"", ""Agent Ref"": ""10892"", ""Car parking spaces"": ""4""}","Discover this beautifully designed home located in the peaceful residential neighborhood of Mihindupura, Athurugiriya, offering the perfect blend of comfort, space, and modern living. Set on 12 perches of land with over 4,000 sq. ft. of living space, this impressive 3-storey residence features 4 spacious bedrooms, 3 modern bathrooms, generous living and dining areas, a contemporary kitchen, and a versatile studio style upper floor complete with its own living area, kitchen, and bathroom. The home is equipped with air conditioning in four bedrooms, a 5kW solar power system that helps minimize electricity costs, a hot water system, three backup water tanks with a pressure pump, a solid teak staircase, panoramic windows on every floor offering beautiful natural views, elegant LED lighting, two remote controlled entrance gates, an external storeroom, and parking for four vehicles. Conveniently located just 10 minutes from the Athurugiriya Expressway Exit and 5 minutes from Athurugiriya Town, this property is an excellent choice for a luxury family home or an investment opportunity as a boutique guest house. Priced at only LKR 53 Million, this is an exceptional opportunity not to be missed."
https://www.lankapropertyweb.com/sale/property_details-5929634.html,5929634,2026-08-10T10:34:05.097366+00:00,FOR Sale | Pelawatta | 6-Bedrooms | Luxury House,"View all > Houses > Apartments > Commercial > Bungalows > Villas > Studio
/ Bedsit > Warehouse > Featured developments for sale > New Beachfront Projects > Newly
built property for sale > Colonial
Houses for sale > Urgent properties for sale > Luxury
Apartments > Mid-range
Apartments > Bungalows
in Nuwara Eliya > Houses
in Battaramulla area > Commercial property for sale
in
Colombo > Hotels for Sale > Warehouses for sale > Brand
new apartment > Beachfront properties for sale > Beachfront Apartments for sale > Below Market Value properties > Sri Lanka House Price Index > Sri Lanka Land Price Index > Guide for
foreigners
buying property > All property for Rent > Houses > Apartments > Commercial > Bungalows > Annexes > Hostels > Villas > Studio
/ Bedsit > Rooms
/ Boarding Places > View All Featured Properties > Warehouses for rent > Newly built property for rent > Urgent properties to let > Short
term rentals > Office spaces in
Colombo > Co-working places > House Prices > Find All Land for Sale or Lease > Bare
Land > Beachfront
Land > Cultivated
/ Agriculture > Land
with House > Tea
Estate Land > Rubber
Estate Land > Coconut
Estate Land > Paddy
(Rice) Land > Cinnamon
Estate Land > Waterfront
Land > Featured Land Projects > Lands
in Nuwara Eliya > Investment Lands
within 1 hour of Colombo > Lands
for less than 1 lakh a perch in Western Province > Cultivation
lands within 1 hour from Colombo > Land
Prices in Greater Colombo > View All New Projects > Featured Projects > Apartment FinderNew > Featured Land Projects > Condo Directory > Property
Valuations > Legal
Assistance > Document
preparation & submission > Mortgage
Advice > Fees
& taxes payment > Personal
Assistance > Other
Services > Market
Research and Advisory > Property
Buying Advisory > Business
Buying or Selling Advisory > Property
Buying Assistance for Foreigners > Advisory on Investing
in Sri Lanka > House
Construction > Packers &
Movers > Solar Panels > Invest Home > Top Investment
Properties > Luxury
Apartments > Mid-range
Apartments > Lands and
Bungalows
in Nuwara Eliya > Houses in
Battaramulla area > Cultivation
lands > Investment Lands
within 1 hour of Colombo > Commercial
property
for sale in Colombo > Hotels for
Sale > ROI calculator > Trending Properties > Top Investment
properties > House Price Index > Land price
index > Home Loan Rates > Home
Loan Calculator > Home
Loan Comparison > Market Insights > Price Meter > Property Buying Guide > Foreign Buyers'
Guide > Capital
Gains Tax > Sri Lanka House Price Index > Sri Lanka Land Price Index > Membership Benefits > Market Outlook Report > News & Guides > View All Wanted Properties > Houses wanted > Apartments wanted > Land wanted > Commercial Buildings > Rooms wanted > Post Your
Ad > View All Agents / Agents
Directory > Promote your
property > Become an Agent > Residential
sales > Letting
Agents > Commercial
property agents > Land Sales > Buyer
& Seller Assistance > Promote
your property > View All
Businesses for
Sale > Real
Estate > Restaurant > Construction > Agriculture > Tech > Hospitality > Business > Manufacturing > Garment-Textile > Services-BPO > Maps of Sri Lanka > Area Guide > Point of
Interests > Property Buying Guide > Foreign Buyers'
Guide > Capital
Gains Tax > Sri Lanka House Price Index > Sri Lanka Land Price Index > Membership Benefits > News & Guides > About us > Careers > Contact Us > Events > FAQs > Ideal Home > Appliances &
Electronics > Furniture > Household items > Solar & Hot Water > Bathrooms > Gardening > Kitchen > Professionals > Flooring > House Construction > Lighting > Service Providers > Other Services > Home > ... > Sales > Colombo District > Pelawatte > House > Home > ... > Sales > Colombo District > Pelawatte > House",Pelawatte,"Rs. 350,000,000





",350000000.0,True,House,6,,8000 sq.ft.,,53 perches,Available Now,,,,6.0,,8000.0,53.0,"{""Bathrooms/WCs"": ""5""}",FOR Sale | Pelawatta | 6-Bedrooms | Luxury House Property Reference: AS-H215 Property Overview: ￭ Location: Pelawatta ￭ Bedrooms: 6 ￭ Bathrooms: 5 ￭ Sqft of the House: 8000 Sqft ￭ Land Extent: 53 Perches ￭ Property Type: House ￭ Car parking spaces: Parking for 6 vehicles ￭ Furnishing status: Key Features: ￭ Living/Dining ￭ Kitchen With Pantry ￭ Garden ￭ Maid quarters Sale PRICE: Price: 350 Million #Pelawatta #HouseForSale #LuxuryLiving [AS-H215]
https://www.lankapropertyweb.com/sale/property_details-5718507.html,5718507,2026-08-10T10:34:08.581771+00:00,3 Bedroom House Construction in Ratnapura / Rs. 23.6 million / Rs.236 Laks,"View all > Houses > Apartments > Commercial > Bungalows > Villas > Studio
/ Bedsit > Warehouse > Featured developments for sale > New Beachfront Projects > Newly
built property for sale > Colonial
Houses for sale > Urgent properties for sale > Luxury
Apartments > Mid-range
Apartments > Bungalows
in Nuwara Eliya > Houses
in Battaramulla area > Commercial property for sale
in
Colombo > Hotels for Sale > Warehouses for sale > Brand
new apartment > Beachfront properties for sale > Beachfront Apartments for sale > Below Market Value properties > Sri Lanka House Price Index > Sri Lanka Land Price Index > Guide for
foreigners
buying property > All property for Rent > Houses > Apartments > Commercial > Bungalows > Annexes > Hostels > Villas > Studio
/ Bedsit > Rooms
/ Boarding Places > View All Featured Properties > Warehouses for rent > Newly built property for rent > Urgent properties to let > Short
term rentals > Office spaces in
Colombo > Co-working places > House Prices > Find All Land for Sale or Lease > Bare
Land > Beachfront
Land > Cultivated
/ Agriculture > Land
with House > Tea
Estate Land > Rubber
Estate Land > Coconut
Estate Land > Paddy
(Rice) Land > Cinnamon
Estate Land > Waterfront
Land > Featured Land Projects > Lands
in Nuwara Eliya > Investment Lands
within 1 hour of Colombo > Lands
for less than 1 lakh a perch in Western Province > Cultivation
lands within 1 hour from Colombo > Land
Prices in Greater Colombo > View All New Projects > Featured Projects > Apartment FinderNew > Featured Land Projects > Condo Directory > Property
Valuations > Legal
Assistance > Document
preparation & submission > Mortgage
Advice > Fees
& taxes payment > Personal
Assistance > Other
Services > Market
Research and Advisory > Property
Buying Advisory > Business
Buying or Selling Advisory > Property
Buying Assistance for Foreigners > Advisory on Investing
in Sri Lanka > House
Construction > Packers &
Movers > Solar Panels > Invest Home > Top Investment
Properties > Luxury
Apartments > Mid-range
Apartments > Lands and
Bungalows
in Nuwara Eliya > Houses in
Battaramulla area > Cultivation
lands > Investment Lands
within 1 hour of Colombo > Commercial
property
for sale in Colombo > Hotels for
Sale > ROI calculator > Trending Properties > Top Investment
properties > House Price Index > Land price
index > Home Loan Rates > Home
Loan Calculator > Home
Loan Comparison > Market Insights > Price Meter > Property Buying Guide > Foreign Buyers'
Guide > Capital
Gains Tax > Sri Lanka House Price Index > Sri Lanka Land Price Index > Membership Benefits > Market Outlook Report > News & Guides > View All Wanted Properties > Houses wanted > Apartments wanted > Land wanted > Commercial Buildings > Rooms wanted > Post Your
Ad > View All Agents / Agents
Directory > Promote your
property > Become an Agent > Residential
sales > Letting
Agents > Commercial
property agents > Land Sales > Buyer
& Seller Assistance > Promote
your property > View All
Businesses for
Sale > Real
Estate > Restaurant > Construction > Agriculture > Tech > Hospitality > Business > Manufacturing > Garment-Textile > Services-BPO > Maps of Sri Lanka > Area Guide > Point of
Interests > Property Buying Guide > Foreign Buyers'
Guide > Capital
Gains Tax > Sri Lanka House Price Index > Sri Lanka Land Price Index > Membership Benefits > News & Guides > About us > Careers > Contact Us > Events > FAQs > Ideal Home > Appliances &
Electronics > Furniture > Household items > Solar & Hot Water > Bathrooms > Gardening > Kitchen > Professionals > Flooring > House Construction > Lighting > Service Providers > Other Services > Home > ... > Sales > Ratnapura District > Ratnapura > House > Home > ... > Sales > Ratnapura District > Ratnapura > House","With or Without Land, Ratnapura",Rs. 23.6 m,23600000.0,True,House,3,2 Bathrooms,2000 sq.ft.,2,7 perches,Available soon,Unfurnished,1 year,,3.0,2.0,2000.0,7.0,"{""Bathrooms/WCs"": ""2"", ""Car parking spaces"": ""2""}","Super Luxury House with 3 Bedrooms 2 Bathrooms Private Pool with outdoor entertainment area Reinforced concrete structure - 25 years warranty Selected Bathroom Fittings - 5 years warranty Construction Duration 6 Months + Rain Construction Cost Rs.23,632,000/- Cant find a land to build? We can help you. Call or Whats App 3 Decades + Experience in the Build Environment Call or WhatsApp for more info"
https://www.lankapropertyweb.com/sale/property_details-5754433.html,5754433,2026-08-10T10:34:11.656545+00:00,Brand New House for Sale in Homagama,"View all > Houses > Apartments > Commercial > Bungalows > Villas > Studio
/ Bedsit > Warehouse > Featured developments for sale > New Beachfront Projects > Newly
built property for sale > Colonial
Houses for sale > Urgent properties for sale > Luxury
Apartments > Mid-range
Apartments > Bungalows
in Nuwara Eliya > Houses
in Battaramulla area > Commercial property for sale
in
Colombo > Hotels for Sale > Warehouses for sale > Brand
new apartment > Beachfront properties for sale > Beachfront Apartments for sale > Below Market Value properties > Sri Lanka House Price Index > Sri Lanka Land Price Index > Guide for
foreigners
buying property > All property for Rent > Houses > Apartments > Commercial > Bungalows > Annexes > Hostels > Villas > Studio
/ Bedsit > Rooms
/ Boarding Places > View All Featured Properties > Warehouses for rent > Newly built property for rent > Urgent properties to let > Short
term rentals > Office spaces in
Colombo > Co-working places > House Prices > Find All Land for Sale or Lease > Bare
Land > Beachfront
Land > Cultivated
/ Agriculture > Land
with House > Tea
Estate Land > Rubber
Estate Land > Coconut
Estate Land > Paddy
(Rice) Land > Cinnamon
Estate Land > Waterfront
Land > Featured Land Projects > Lands
in Nuwara Eliya > Investment Lands
within 1 hour of Colombo > Lands
for less than 1 lakh a perch in Western Province > Cultivation
lands within 1 hour from Colombo > Land
Prices in Greater Colombo > View All New Projects > Featured Projects > Apartment FinderNew > Featured Land Projects > Condo Directory > Property
Valuations > Legal
Assistance > Document
preparation & submission > Mortgage
Advice > Fees
& taxes payment > Personal
Assistance > Other
Services > Market
Research and Advisory > Property
Buying Advisory > Business
Buying or Selling Advisory > Property
Buying Assistance for Foreigners > Advisory on Investing
in Sri Lanka > House
Construction > Packers &
Movers > Solar Panels > Invest Home > Top Investment
Properties > Luxury
Apartments > Mid-range
Apartments > Lands and
Bungalows
in Nuwara Eliya > Houses in
Battaramulla area > Cultivation
lands > Investment Lands
within 1 hour of Colombo > Commercial
property
for sale in Colombo > Hotels for
Sale > ROI calculator > Trending Properties > Top Investment
properties > House Price Index > Land price
index > Home Loan Rates > Home
Loan Calculator > Home
Loan Comparison > Market Insights > Price Meter > Property Buying Guide > Foreign Buyers'
Guide > Capital
Gains Tax > Sri Lanka House Price Index > Sri Lanka Land Price Index > Membership Benefits > Market Outlook Report > News & Guides > View All Wanted Properties > Houses wanted > Apartments wanted > Land wanted > Commercial Buildings > Rooms wanted > Post Your
Ad > View All Agents / Agents
Directory > Promote your
property > Become an Agent > Residential
sales > Letting
Agents > Commercial
property agents > Land Sales > Buyer
& Seller Assistance > Promote
your property > View All
Businesses for
Sale > Real
Estate > Restaurant > Construction > Agriculture > Tech > Hospitality > Business > Manufacturing > Garment-Textile > Services-BPO > Maps of Sri Lanka > Area Guide > Point of
Interests > Property Buying Guide > Foreign Buyers'
Guide > Capital
Gains Tax > Sri Lanka House Price Index > Sri Lanka Land Price Index > Membership Benefits > News & Guides > About us > Careers > Contact Us > Events > FAQs > Ideal Home > Appliances &
Electronics > Furniture > Household items > Solar & Hot Water > Bathrooms > Gardening > Kitchen > Professionals > Flooring > House Construction > Lighting > Service Providers > Other Services > Home > ... > Sales > Colombo District > Homagama > House > Home > ... > Sales > Colombo District > Homagama > House",Homagama,"Rs. 44,500,000
  ",44500000.0,True,House,4,3 Bathrooms,2276 sq.ft.,2,14.9 perches,Available Now,Unfurnished,1 year,20 ft.,4.0,3.0,2276.0,14.9,"{""Bathrooms/WCs"": ""3"", ""Agent Ref"": ""SCO_0200"", ""Car parking spaces"": ""4""}","This brand-new two-storey home in Homagama is thoughtfully designed for modern living, offering a spacious layout with elegant natural wood finishes and high-quality materials throughout. The staircase is crafted from rich Nadun timber, while the windows and doors feature sturdy Colon and treated mahogany wood, adding both durability and charm. The property includes a sleek Amano gutter system with a long-term warranty and ample parking for multiple vehicles. Located in a peaceful yet convenient neighborhood, it provides quick access to the highway and is just a short drive from Homagama town, making everyday living both comfortable and connected. හෝමාගම නිදහස්, සාමකාමී පරිසරයක අලුතින් ඉදිකල අගනා දෙමහල් නිවස වහාම විකිණීමට… | උසස් තත්ත්වයේ අමුද්‍රව්‍ය යොදා නිමවා ඇත | අධිවේග පිවිසුමට විනාඩි 10යි | පර්චස් 14.9 | කාමර 4, නාන කාමර 3 | රු. මිලියන 44.5 | පිරිසිදු ඔප්පු - 2 Storey, 4 Bedrooms, 3 Bathrooms - 2,276 Sqft House, 14.9 Perches Land - Master Bedroom With Attached Bathroom - Pantry Cupboards - Roller Gate with boundary walls - 4 Vehicle Parking Spaces - Staircase Finished With Nadun Timber - Amano Gutter With 10 Years Warranty - 1.5 Inches Treated Mahogany Wood For Windows - Window & Door Frames Are Colon Wood - 10 Minutes Drive To The Highway Interchange - 7 Minutes Drive To Homagama Town"
https://www.lankapropertyweb.com/sale/property_details-5715409.html,5715409,2026-08-10T10:34:15.423453+00:00,3 Br House Construction in Maharagama / Rs. 23.6 million / 236Laks / Private Pool,"View all > Houses > Apartments > Commercial > Bungalows > Villas > Studio
/ Bedsit > Warehouse > Featured developments for sale > New Beachfront Projects > Newly
built property for sale > Colonial
Houses for sale > Urgent properties for sale > Luxury
Apartments > Mid-range
Apartments > Bungalows
in Nuwara Eliya > Houses
in Battaramulla area > Commercial property for sale
in
Colombo > Hotels for Sale > Warehouses for sale > Brand
new apartment > Beachfront properties for sale > Beachfront Apartments for sale > Below Market Value properties > Sri Lanka House Price Index > Sri Lanka Land Price Index > Guide for
foreigners
buying property > All property for Rent > Houses > Apartments > Commercial > Bungalows > Annexes > Hostels > Villas > Studio
/ Bedsit > Rooms
/ Boarding Places > View All Featured Properties > Warehouses for rent > Newly built property for rent > Urgent properties to let > Short
term rentals > Office spaces in
Colombo > Co-working places > House Prices > Find All Land for Sale or Lease > Bare
Land > Beachfront
Land > Cultivated
/ Agriculture > Land
with House > Tea
Estate Land > Rubber
Estate Land > Coconut
Estate Land > Paddy
(Rice) Land > Cinnamon
Estate Land > Waterfront
Land > Featured Land Projects > Lands
in Nuwara Eliya > Investment Lands
within 1 hour of Colombo > Lands
for less than 1 lakh a perch in Western Province > Cultivation
lands within 1 hour from Colombo > Land
Prices in Greater Colombo > View All New Projects > Featured Projects > Apartment FinderNew > Featured Land Projects > Condo Directory > Property
Valuations > Legal
Assistance > Document
preparation & submission > Mortgage
Advice > Fees
& taxes payment > Personal
Assistance > Other
Services > Market
Research and Advisory > Property
Buying Advisory > Business
Buying or Selling Advisory > Property
Buying Assistance for Foreigners > Advisory on Investing
in Sri Lanka > House
Construction > Packers &
Movers > Solar Panels > Invest Home > Top Investment
Properties > Luxury
Apartments > Mid-range
Apartments > Lands and
Bungalows
in Nuwara Eliya > Houses in
Battaramulla area > Cultivation
lands > Investment Lands
within 1 hour of Colombo > Commercial
property
for sale in Colombo > Hotels for
Sale > ROI calculator > Trending Properties > Top Investment
properties > House Price Index > Land price
index > Home Loan Rates > Home
Loan Calculator > Home
Loan Comparison > Market Insights > Price Meter > Property Buying Guide > Foreign Buyers'
Guide > Capital
Gains Tax > Sri Lanka House Price Index > Sri Lanka Land Price Index > Membership Benefits > Market Outlook Report > News & Guides > View All Wanted Properties > Houses wanted > Apartments wanted > Land wanted > Commercial Buildings > Rooms wanted > Post Your
Ad > View All Agents / Agents
Directory > Promote your
property > Become an Agent > Residential
sales > Letting
Agents > Commercial
property agents > Land Sales > Buyer
& Seller Assistance > Promote
your property > View All
Businesses for
Sale > Real
Estate > Restaurant > Construction > Agriculture > Tech > Hospitality > Business > Manufacturing > Garment-Textile > Services-BPO > Maps of Sri Lanka > Area Guide > Point of
Interests > Property Buying Guide > Foreign Buyers'
Guide > Capital
Gains Tax > Sri Lanka House Price Index > Sri Lanka Land Price Index > Membership Benefits > News & Guides > About us > Careers > Contact Us > Events > FAQs > Ideal Home > Appliances &
Electronics > Furniture > Household items > Solar & Hot Water > Bathrooms > Gardening > Kitchen > Professionals > Flooring > House Construction > Lighting > Service Providers > Other Services > Home > ... > Sales > Colombo District > Maharagama > House > Home > ... > Sales > Colombo District > Maharagama > House","With or Without Land, Maharagama",Rs. 23.6 m,23600000.0,True,House,3,2 Bathrooms,2000 sq.ft.,2,7 perches,Available soon,Unfurnished,1 year,,3.0,2.0,2000.0,7.0,"{""Bathrooms/WCs"": ""2"", ""Car parking spaces"": ""2""}","Super Luxury House with 3 Bedrooms 2 Bathrooms Private Pool with outdoor entertainment area Reinforced concrete structure - 25 years warranty Selected Bathroom Fittings - 5 years warranty Construction Duration 6 Months + Rain Construction Cost Rs.23,632,000/- Cant find a land to build? We can help you. Call or Whats App 3 Decades + Experience in the Build Environment Call or WhatsApp for more info"
https://www.lankapropertyweb.com/sale/property_details-5723622.html,5723622,2026-08-10T10:34:18.397610+00:00,4 Bedroom house Construction in Negombo for Rs. 19.8 million / Rs. 198 Laks / (Construction Cost),"View all > Houses > Apartments > Commercial > Bungalows > Villas > Studio
/ Bedsit > Warehouse > Featured developments for sale > New Beachfront Projects > Newly
built property for sale > Colonial
Houses for sale > Urgent properties for sale > Luxury
Apartments > Mid-range
Apartments > Bungalows
in Nuwara Eliya > Houses
in Battaramulla area > Commercial property for sale
in
Colombo > Hotels for Sale > Warehouses for sale > Brand
new apartment > Beachfront properties for sale > Beachfront Apartments for sale > Below Market Value properties > Sri Lanka House Price Index > Sri Lanka Land Price Index > Guide for
foreigners
buying property > All property for Rent > Houses > Apartments > Commercial > Bungalows > Annexes > Hostels > Villas > Studio
/ Bedsit > Rooms
/ Boarding Places > View All Featured Properties > Warehouses for rent > Newly built property for rent > Urgent properties to let > Short
term rentals > Office spaces in
Colombo > Co-working places > House Prices > Find All Land for Sale or Lease > Bare
Land > Beachfront
Land > Cultivated
/ Agriculture > Land
with House > Tea
Estate Land > Rubber
Estate Land > Coconut
Estate Land > Paddy
(Rice) Land > Cinnamon
Estate Land > Waterfront
Land > Featured Land Projects > Lands
in Nuwara Eliya > Investment Lands
within 1 hour of Colombo > Lands
for less than 1 lakh a perch in Western Province > Cultivation
lands within 1 hour from Colombo > Land
Prices in Greater Colombo > View All New Projects > Featured Projects > Apartment FinderNew > Featured Land Projects > Condo Directory > Property
Valuations > Legal
Assistance > Document
preparation & submission > Mortgage
Advice > Fees
& taxes payment > Personal
Assistance > Other
Services > Market
Research and Advisory > Property
Buying Advisory > Business
Buying or Selling Advisory > Property
Buying Assistance for Foreigners > Advisory on Investing
in Sri Lanka > House
Construction > Packers &
Movers > Solar Panels > Invest Home > Top Investment
Properties > Luxury
Apartments > Mid-range
Apartments > Lands and
Bungalows
in Nuwara Eliya > Houses in
Battaramulla area > Cultivation
lands > Investment Lands
within 1 hour of Colombo > Commercial
property
for sale in Colombo > Hotels for
Sale > ROI calculator > Trending Properties > Top Investment
properties > House Price Index > Land price
index > Home Loan Rates > Home
Loan Calculator > Home
Loan Comparison > Market Insights > Price Meter > Property Buying Guide > Foreign Buyers'
Guide > Capital
Gains Tax > Sri Lanka House Price Index > Sri Lanka Land Price Index > Membership Benefits > Market Outlook Report > News & Guides > View All Wanted Properties > Houses wanted > Apartments wanted > Land wanted > Commercial Buildings > Rooms wanted > Post Your
Ad > View All Agents / Agents
Directory > Promote your
property > Become an Agent > Residential
sales > Letting
Agents > Commercial
property agents > Land Sales > Buyer
& Seller Assistance > Promote
your property > View All
Businesses for
Sale > Real
Estate > Restaurant > Construction > Agriculture > Tech > Hospitality > Business > Manufacturing > Garment-Textile > Services-BPO > Maps of Sri Lanka > Area Guide > Point of
Interests > Property Buying Guide > Foreign Buyers'
Guide > Capital
Gains Tax > Sri Lanka House Price Index > Sri Lanka Land Price Index > Membership Benefits > News & Guides > About us > Careers > Contact Us > Events > FAQs > Ideal Home > Appliances &
Electronics > Furniture > Household items > Solar & Hot Water > Bathrooms > Gardening > Kitchen > Professionals > Flooring > House Construction > Lighting > Service Providers > Other Services > Home > ... > Sales > Gampaha District > Negombo > House > Home > ... > Sales > Gampaha District > Negombo > House","With or Without Land, Negombo",Rs. 19.8 m,19800000.0,True,House,4,2 Bathrooms,1816 sq.ft.,2,7 perches,Available soon,Unfurnished,1 year,,4.0,2.0,1816.0,7.0,"{""Bathrooms/WCs"": ""2"", ""Car parking spaces"": ""2""}",1816 Sq.Ft House Construction - Ultra Modern Luxury House Consists of 4 Bedrooms 2 Bathrooms Watch 3D video for more info - Call or WhatsApp Luxury Living Room Watch the house video below for more info Construction Duration 7 Months Construction Cost - Rs. 19.8 million / Rs. 198 Laks 3 Decades of Excellence in the Build Environment UK Qualified Design Team Members Construction Included in the price Car Parking Selected Tiles Rocell Bathroom Fittings Granite Top Kitchen with PVC Pantry/Mahogani Pantry Call or WhatsApp for more info
https://www.lankapropertyweb.com/sale/property_details-5826463.html,5826463,2026-08-10T10:34:21.924429+00:00,Modern Two-Storey House for Sale in Negombo,"View all > Houses > Apartments > Commercial > Bungalows > Villas > Studio
/ Bedsit > Warehouse > Featured developments for sale > New Beachfront Projects > Newly
built property for sale > Colonial
Houses for sale > Urgent properties for sale > Luxury
Apartments > Mid-range
Apartments > Bungalows
in Nuwara Eliya > Houses
in Battaramulla area > Commercial property for sale
in
Colombo > Hotels for Sale > Warehouses for sale > Brand
new apartment > Beachfront properties for sale > Beachfront Apartments for sale > Below Market Value properties > Sri Lanka House Price Index > Sri Lanka Land Price Index > Guide for
foreigners
buying property > All property for Rent > Houses > Apartments > Commercial > Bungalows > Annexes > Hostels > Villas > Studio
/ Bedsit > Rooms
/ Boarding Places > View All Featured Properties > Warehouses for rent > Newly built property for rent > Urgent properties to let > Short
term rentals > Office spaces in
Colombo > Co-working places > House Prices > Find All Land for Sale or Lease > Bare
Land > Beachfront
Land > Cultivated
/ Agriculture > Land
with House > Tea
Estate Land > Rubber
Estate Land > Coconut
Estate Land > Paddy
(Rice) Land > Cinnamon
Estate Land > Waterfront
Land > Featured Land Projects > Lands
in Nuwara Eliya > Investment Lands
within 1 hour of Colombo > Lands
for less than 1 lakh a perch in Western Province > Cultivation
lands within 1 hour from Colombo > Land
Prices in Greater Colombo > View All New Projects > Featured Projects > Apartment FinderNew > Featured Land Projects > Condo Directory > Property
Valuations > Legal
Assistance > Document
preparation & submission > Mortgage
Advice > Fees
& taxes payment > Personal
Assistance > Other
Services > Market
Research and Advisory > Property
Buying Advisory > Business
Buying or Selling Advisory > Property
Buying Assistance for Foreigners > Advisory on Investing
in Sri Lanka > House
Construction > Packers &
Movers > Solar Panels > Invest Home > Top Investment
Properties > Luxury
Apartments > Mid-range
Apartments > Lands and
Bungalows
in Nuwara Eliya > Houses in
Battaramulla area > Cultivation
lands > Investment Lands
within 1 hour of Colombo > Commercial
property
for sale in Colombo > Hotels for
Sale > ROI calculator > Trending Properties > Top Investment
properties > House Price Index > Land price
index > Home Loan Rates > Home
Loan Calculator > Home
Loan Comparison > Market Insights > Price Meter > Property Buying Guide > Foreign Buyers'
Guide > Capital
Gains Tax > Sri Lanka House Price Index > Sri Lanka Land Price Index > Membership Benefits > Market Outlook Report > News & Guides > View All Wanted Properties > Houses wanted > Apartments wanted > Land wanted > Commercial Buildings > Rooms wanted > Post Your
Ad > View All Agents / Agents
Directory > Promote your
property > Become an Agent > Residential
sales > Letting
Agents > Commercial
property agents > Land Sales > Buyer
& Seller Assistance > Promote
your property > View All
Businesses for
Sale > Real
Estate > Restaurant > Construction > Agriculture > Tech > Hospitality > Business > Manufacturing > Garment-Textile > Services-BPO > Maps of Sri Lanka > Area Guide > Point of
Interests > Property Buying Guide > Foreign Buyers'
Guide > Capital
Gains Tax > Sri Lanka House Price Index > Sri Lanka Land Price Index > Membership Benefits > News & Guides > About us > Careers > Contact Us > Events > FAQs > Ideal Home > Appliances &
Electronics > Furniture > Household items > Solar & Hot Water > Bathrooms > Gardening > Kitchen > Professionals > Flooring > House Construction > Lighting > Service Providers > Other Services > Home > ... > Sales > Gampaha District > Negombo > House > Home > ... > Sales > Gampaha District > Negombo > House",Negombo,"Rs. 42,500,000
  ",42500000.0,True,House,3,,2800 sq.ft.,2,12 perches,Available Now,Furnished,,15 ft.,3.0,,2800.0,12.0,"{""Bathrooms/WCs"": ""2"", ""Agent Ref"": ""SGM_0029"", ""Car parking spaces"": ""2""}","This meticulously designed two-storey house offers modern comfort, superior build quality, and unmatched convenience — perfect for families or professionals seeking a peaceful yet connected lifestyle. Or suitable for a short-term rental villa close to the airport. Key Features: 🏠 3 Spacious Bedrooms, including a master suite with a walk-in closet and air conditioning 🚿 2 Modern Bathrooms + additional servant toilet 🔋 Fully solar-powered electricity for energy efficiency 🧱 Fully tiled with Rocell tiles for a sleek, high-quality finish 🌐 SLT Fibre internet with PeoTV connection 📶 In-built Dialog signal enhancer for uninterrupted mobile connectivity 📐 Architecturally designed by a Chartered Architect 🔧 Construction inspected and certified by a qualified Structural Engineer 🛻 Garage space for two vehicles 🎥 Wi-Fi connected CCTV security system 🌿 Fully landscaped garden in a serene, green neighbourhood 📏 Spacious 2,800 sqft built on 12 perches of land 📜 Clear deeds ensuring a hassle-free transaction Location Advantages: 🚏 Just 50m to main bus routes (246/245 – Minuwangoda/Negombo) ✈️ Only 5 minutes to Bandaranaike International Airport and Export Processing Zone 🛣️ 5 minutes to expressway entrance 🏙️ 5 minutes to Negombo town for shopping, schools, and services This home combines smart design, superior construction, and an ideal location — a rare find. Contact us today to schedule a viewing or to learn more! මීගමුව නගරයට සහ ගුවන් තොටුපලට ඉතා ආසන්නයෙන් පිහිටි අගනා දෙමහල් නිවස වහාම විකිණීමට… | සංචාරක නිවාඩු නිකේතනයකට (විලා එකකට) සුදුසුයි | අධිවේග පිවිසුමට, ගුවන් තොටුපලට විනාඩි 5යි | පර්චස් 12 | කාමර 3, නාන කාමර 2 | රු. මිලියන 42.5 | පිරිසිදු ඔප්පු | වැඩිදුර විස්තර සඳහා අමතන්න..."
https://www.lankapropertyweb.com/sale/property_details-5712332.html,5712332,2026-08-10T10:34:24.649491+00:00,Pool / 3 BR House Construction in Mount Lavinia / Rs. 23.6 million / 78800 USD / 59100 GBP /AUD / Rs.236 Laks,"View all > Houses > Apartments > Commercial > Bungalows > Villas > Studio
/ Bedsit > Warehouse > Featured developments for sale > New Beachfront Projects > Newly
built property for sale > Colonial
Houses for sale > Urgent properties for sale > Luxury
Apartments > Mid-range
Apartments > Bungalows
in Nuwara Eliya > Houses
in Battaramulla area > Commercial property for sale
in
Colombo > Hotels for Sale > Warehouses for sale > Brand
new apartment > Beachfront properties for sale > Beachfront Apartments for sale > Below Market Value properties > Sri Lanka House Price Index > Sri Lanka Land Price Index > Guide for
foreigners
buying property > All property for Rent > Houses > Apartments > Commercial > Bungalows > Annexes > Hostels > Villas > Studio
/ Bedsit > Rooms
/ Boarding Places > View All Featured Properties > Warehouses for rent > Newly built property for rent > Urgent properties to let > Short
term rentals > Office spaces in
Colombo > Co-working places > House Prices > Find All Land for Sale or Lease > Bare
Land > Beachfront
Land > Cultivated
/ Agriculture > Land
with House > Tea
Estate Land > Rubber
Estate Land > Coconut
Estate Land > Paddy
(Rice) Land > Cinnamon
Estate Land > Waterfront
Land > Featured Land Projects > Lands
in Nuwara Eliya > Investment Lands
within 1 hour of Colombo > Lands
for less than 1 lakh a perch in Western Province > Cultivation
lands within 1 hour from Colombo > Land
Prices in Greater Colombo > View All New Projects > Featured Projects > Apartment FinderNew > Featured Land Projects > Condo Directory > Property
Valuations > Legal
Assistance > Document
preparation & submission > Mortgage
Advice > Fees
& taxes payment > Personal
Assistance > Other
Services > Market
Research and Advisory > Property
Buying Advisory > Business
Buying or Selling Advisory > Property
Buying Assistance for Foreigners > Advisory on Investing
in Sri Lanka > House
Construction > Packers &
Movers > Solar Panels > Invest Home > Top Investment
Properties > Luxury
Apartments > Mid-range
Apartments > Lands and
Bungalows
in Nuwara Eliya > Houses in
Battaramulla area > Cultivation
lands > Investment Lands
within 1 hour of Colombo > Commercial
property
for sale in Colombo > Hotels for
Sale > ROI calculator > Trending Properties > Top Investment
properties > House Price Index > Land price
index > Home Loan Rates > Home
Loan Calculator > Home
Loan Comparison > Market Insights > Price Meter > Property Buying Guide > Foreign Buyers'
Guide > Capital
Gains Tax > Sri Lanka House Price Index > Sri Lanka Land Price Index > Membership Benefits > Market Outlook Report > News & Guides > View All Wanted Properties > Houses wanted > Apartments wanted > Land wanted > Commercial Buildings > Rooms wanted > Post Your
Ad > View All Agents / Agents
Directory > Promote your
property > Become an Agent > Residential
sales > Letting
Agents > Commercial
property agents > Land Sales > Buyer
& Seller Assistance > Promote
your property > View All
Businesses for
Sale > Real
Estate > Restaurant > Construction > Agriculture > Tech > Hospitality > Business > Manufacturing > Garment-Textile > Services-BPO > Maps of Sri Lanka > Area Guide > Point of
Interests > Property Buying Guide > Foreign Buyers'
Guide > Capital
Gains Tax > Sri Lanka House Price Index > Sri Lanka Land Price Index > Membership Benefits > News & Guides > About us > Careers > Contact Us > Events > FAQs > Ideal Home > Appliances &
Electronics > Furniture > Household items > Solar & Hot Water > Bathrooms > Gardening > Kitchen > Professionals > Flooring > House Construction > Lighting > Service Providers > Other Services > Home > ... > Sales > Colombo District > Mount Lavinia > House > Home > ... > Sales > Colombo District > Mount Lavinia > House","With or without land, Mount Lavinia",Rs. 23.6 m,23600000.0,True,House,4,2 Bathrooms,2000 sq.ft.,2,7 perches,Available soon,Unfurnished,1 year,,4.0,2.0,2000.0,7.0,"{""Bathrooms/WCs"": ""2"", ""Car parking spaces"": ""2""}","Super Luxury House with 3 Bedrooms 2 Bathrooms Private Pool with outdoor entertainment area Reinforced concrete structure - 25 years warranty Selected Bathroom Fittings - 5 years warranty Construction Duration 6 Months + Rain Construction Cost Rs.23,632,000/- (RS.236 LAKS) Cant find a land to build? We can help you. Call or Whats App 3 Decades + Experience in the Build Environment Call or WhatsApp for more info"
https://www.lankapropertyweb.com/sale/property_details-5718334.html,5718334,2026-08-10T10:34:26.974502+00:00,3 Bedroom Luxury House Construction in Sri Lanka / Rs. 23.6 million / Rs. 236 Laks,"View all > Houses > Apartments > Commercial > Bungalows > Villas > Studio
/ Bedsit > Warehouse > Featured developments for sale > New Beachfront Projects > Newly
built property for sale > Colonial
Houses for sale > Urgent properties for sale > Luxury
Apartments > Mid-range
Apartments > Bungalows
in Nuwara Eliya > Houses
in Battaramulla area > Commercial property for sale
in
Colombo > Hotels for Sale > Warehouses for sale > Brand
new apartment > Beachfront properties for sale > Beachfront Apartments for sale > Below Market Value properties > Sri Lanka House Price Index > Sri Lanka Land Price Index > Guide for
foreigners
buying property > All property for Rent > Houses > Apartments > Commercial > Bungalows > Annexes > Hostels > Villas > Studio
/ Bedsit > Rooms
/ Boarding Places > View All Featured Properties > Warehouses for rent > Newly built property for rent > Urgent properties to let > Short
term rentals > Office spaces in
Colombo > Co-working places > House Prices > Find All Land for Sale or Lease > Bare
Land > Beachfront
Land > Cultivated
/ Agriculture > Land
with House > Tea
Estate Land > Rubber
Estate Land > Coconut
Estate Land > Paddy
(Rice) Land > Cinnamon
Estate Land > Waterfront
Land > Featured Land Projects > Lands
in Nuwara Eliya > Investment Lands
within 1 hour of Colombo > Lands
for less than 1 lakh a perch in Western Province > Cultivation
lands within 1 hour from Colombo > Land
Prices in Greater Colombo > View All New Projects > Featured Projects > Apartment FinderNew > Featured Land Projects > Condo Directory > Property
Valuations > Legal
Assistance > Document
preparation & submission > Mortgage
Advice > Fees
& taxes payment > Personal
Assistance > Other
Services > Market
Research and Advisory > Property
Buying Advisory > Business
Buying or Selling Advisory > Property
Buying Assistance for Foreigners > Advisory on Investing
in Sri Lanka > House
Construction > Packers &
Movers > Solar Panels > Invest Home > Top Investment
Properties > Luxury
Apartments > Mid-range
Apartments > Lands and
Bungalows
in Nuwara Eliya > Houses in
Battaramulla area > Cultivation
lands > Investment Lands
within 1 hour of Colombo > Commercial
property
for sale in Colombo > Hotels for
Sale > ROI calculator > Trending Properties > Top Investment
properties > House Price Index > Land price
index > Home Loan Rates > Home
Loan Calculator > Home
Loan Comparison > Market Insights > Price Meter > Property Buying Guide > Foreign Buyers'
Guide > Capital
Gains Tax > Sri Lanka House Price Index > Sri Lanka Land Price Index > Membership Benefits > Market Outlook Report > News & Guides > View All Wanted Properties > Houses wanted > Apartments wanted > Land wanted > Commercial Buildings > Rooms wanted > Post Your
Ad > View All Agents / Agents
Directory > Promote your
property > Become an Agent > Residential
sales > Letting
Agents > Commercial
property agents > Land Sales > Buyer
& Seller Assistance > Promote
your property > View All
Businesses for
Sale > Real
Estate > Restaurant > Construction > Agriculture > Tech > Hospitality > Business > Manufacturing > Garment-Textile > Services-BPO > Maps of Sri Lanka > Area Guide > Point of
Interests > Property Buying Guide > Foreign Buyers'
Guide > Capital
Gains Tax > Sri Lanka House Price Index > Sri Lanka Land Price Index > Membership Benefits > News & Guides > About us > Careers > Contact Us > Events > FAQs > Ideal Home > Appliances &
Electronics > Furniture > Household items > Solar & Hot Water > Bathrooms > Gardening > Kitchen > Professionals > Flooring > House Construction > Lighting > Service Providers > Other Services > Home > ... > Sales > Colombo District > Battaramulla > House > Home > ... > Sales > Colombo District > Battaramulla > House","With or Without Land, Battaramulla",Rs. 23.6 m,23600000.0,True,House,3,2 Bathrooms,2000 sq.ft.,2,7 perches,Available soon,Unfurnished,1 year,,3.0,2.0,2000.0,7.0,"{""Bathrooms/WCs"": ""2"", ""Car parking spaces"": ""2""}","Super Luxury House with 3 Bedrooms 2 Bathrooms Private Pool with outdoor entertainment area Reinforced concrete structure - 25 years warranty Selected Bathroom Fittings - 5 years warranty Construction Duration 6 Months + Rain Construction Cost Rs.23,632,000/- Cant find a land to build? We can help you. Call or Whats App 3 Decades + Experience in the Build Environment Call or WhatsApp for more info"
https://www.lankapropertyweb.com/sale/property_details-5720836.html,5720836,2026-08-10T10:34:29.411280+00:00,Ultra Modern 5 Bedroom House Construction in Nugegoda // Rs. 34.6 million // Rs. 346 Laks (Construction Cost),"View all > Houses > Apartments > Commercial > Bungalows > Villas > Studio
/ Bedsit > Warehouse > Featured developments for sale > New Beachfront Projects > Newly
built property for sale > Colonial
Houses for sale > Urgent properties for sale > Luxury
Apartments > Mid-range
Apartments > Bungalows
in Nuwara Eliya > Houses
in Battaramulla area > Commercial property for sale
in
Colombo > Hotels for Sale > Warehouses for sale > Brand
new apartment > Beachfront properties for sale > Beachfront Apartments for sale > Below Market Value properties > Sri Lanka House Price Index > Sri Lanka Land Price Index > Guide for
foreigners
buying property > All property for Rent > Houses > Apartments > Commercial > Bungalows > Annexes > Hostels > Villas > Studio
/ Bedsit > Rooms
/ Boarding Places > View All Featured Properties > Warehouses for rent > Newly built property for rent > Urgent properties to let > Short
term rentals > Office spaces in
Colombo > Co-working places > House Prices > Find All Land for Sale or Lease > Bare
Land > Beachfront
Land > Cultivated
/ Agriculture > Land
with House > Tea
Estate Land > Rubber
Estate Land > Coconut
Estate Land > Paddy
(Rice) Land > Cinnamon
Estate Land > Waterfront
Land > Featured Land Projects > Lands
in Nuwara Eliya > Investment Lands
within 1 hour of Colombo > Lands
for less than 1 lakh a perch in Western Province > Cultivation
lands within 1 hour from Colombo > Land
Prices in Greater Colombo > View All New Projects > Featured Projects > Apartment FinderNew > Featured Land Projects > Condo Directory > Property
Valuations > Legal
Assistance > Document
preparation & submission > Mortgage
Advice > Fees
& taxes payment > Personal
Assistance > Other
Services > Market
Research and Advisory > Property
Buying Advisory > Business
Buying or Selling Advisory > Property
Buying Assistance for Foreigners > Advisory on Investing
in Sri Lanka > House
Construction > Packers &
Movers > Solar Panels > Invest Home > Top Investment
Properties > Luxury
Apartments > Mid-range
Apartments > Lands and
Bungalows
in Nuwara Eliya > Houses in
Battaramulla area > Cultivation
lands > Investment Lands
within 1 hour of Colombo > Commercial
property
for sale in Colombo > Hotels for
Sale > ROI calculator > Trending Properties > Top Investment
properties > House Price Index > Land price
index > Home Loan Rates > Home
Loan Calculator > Home
Loan Comparison > Market Insights > Price Meter > Property Buying Guide > Foreign Buyers'
Guide > Capital
Gains Tax > Sri Lanka House Price Index > Sri Lanka Land Price Index > Membership Benefits > Market Outlook Report > News & Guides > View All Wanted Properties > Houses wanted > Apartments wanted > Land wanted > Commercial Buildings > Rooms wanted > Post Your
Ad > View All Agents / Agents
Directory > Promote your
property > Become an Agent > Residential
sales > Letting
Agents > Commercial
property agents > Land Sales > Buyer
& Seller Assistance > Promote
your property > View All
Businesses for
Sale > Real
Estate > Restaurant > Construction > Agriculture > Tech > Hospitality > Business > Manufacturing > Garment-Textile > Services-BPO > Maps of Sri Lanka > Area Guide > Point of
Interests > Property Buying Guide > Foreign Buyers'
Guide > Capital
Gains Tax > Sri Lanka House Price Index > Sri Lanka Land Price Index > Membership Benefits > News & Guides > About us > Careers > Contact Us > Events > FAQs > Ideal Home > Appliances &
Electronics > Furniture > Household items > Solar & Hot Water > Bathrooms > Gardening > Kitchen > Professionals > Flooring > House Construction > Lighting > Service Providers > Other Services > Home > ... > Sales > Colombo District > Nugegoda > House > Home > ... > Sales > Colombo District > Nugegoda > House","With or Without Land, Nugegoda",Rs. 34.6 m,34600000.0,True,House,5,5 Bathrooms,2932 sq.ft.,2,12 perches,Available soon,Unfurnished,1 year,,5.0,5.0,2932.0,12.0,"{""Bathrooms/WCs"": ""5"", ""Car parking spaces"": ""2""}",2932Sq.Ft Ultra Modern House 5 Bedrooms and attached bathrooms Cant find a land - let us guide you - Call or WhatsApp This ultra modern super luxury house - Construction Duration 9 months - On Your Land Exceptional House Consists of 5 Bedrooms and 5 Bathrooms Double Ceiling Height Living Room Maid's room and bathroom Private Pool Outdoor entertainment area Watch the video below for more info Construction Duration 7 Months Call or WhatsApp for more info
https://www.lankapropertyweb.com/sale/property_details-5720568.html,5720568,2026-08-10T10:34:32.973611+00:00,4 Bedroom house Construction in Dehiwala for Rs. 19.8 million / Rs. 198 Laks (Construction Cost),"View all > Houses > Apartments > Commercial > Bungalows > Villas > Studio
/ Bedsit > Warehouse > Featured developments for sale > New Beachfront Projects > Newly
built property for sale > Colonial
Houses for sale > Urgent properties for sale > Luxury
Apartments > Mid-range
Apartments > Bungalows
in Nuwara Eliya > Houses
in Battaramulla area > Commercial property for sale
in
Colombo > Hotels for Sale > Warehouses for sale > Brand
new apartment > Beachfront properties for sale > Beachfront Apartments for sale > Below Market Value properties > Sri Lanka House Price Index > Sri Lanka Land Price Index > Guide for
foreigners
buying property > All property for Rent > Houses > Apartments > Commercial > Bungalows > Annexes > Hostels > Villas > Studio
/ Bedsit > Rooms
/ Boarding Places > View All Featured Properties > Warehouses for rent > Newly built property for rent > Urgent properties to let > Short
term rentals > Office spaces in
Colombo > Co-working places > House Prices > Find All Land for Sale or Lease > Bare
Land > Beachfront
Land > Cultivated
/ Agriculture > Land
with House > Tea
Estate Land > Rubber
Estate Land > Coconut
Estate Land > Paddy
(Rice) Land > Cinnamon
Estate Land > Waterfront
Land > Featured Land Projects > Lands
in Nuwara Eliya > Investment Lands
within 1 hour of Colombo > Lands
for less than 1 lakh a perch in Western Province > Cultivation
lands within 1 hour from Colombo > Land
Prices in Greater Colombo > View All New Projects > Featured Projects > Apartment FinderNew > Featured Land Projects > Condo Directory > Property
Valuations > Legal
Assistance > Document
preparation & submission > Mortgage
Advice > Fees
& taxes payment > Personal
Assistance > Other
Services > Market
Research and Advisory > Property
Buying Advisory > Business
Buying or Selling Advisory > Property
Buying Assistance for Foreigners > Advisory on Investing
in Sri Lanka > House
Construction > Packers &
Movers > Solar Panels > Invest Home > Top Investment
Properties > Luxury
Apartments > Mid-range
Apartments > Lands and
Bungalows
in Nuwara Eliya > Houses in
Battaramulla area > Cultivation
lands > Investment Lands
within 1 hour of Colombo > Commercial
property
for sale in Colombo > Hotels for
Sale > ROI calculator > Trending Properties > Top Investment
properties > House Price Index > Land price
index > Home Loan Rates > Home
Loan Calculator > Home
Loan Comparison > Market Insights > Price Meter > Property Buying Guide > Foreign Buyers'
Guide > Capital
Gains Tax > Sri Lanka House Price Index > Sri Lanka Land Price Index > Membership Benefits > Market Outlook Report > News & Guides > View All Wanted Properties > Houses wanted > Apartments wanted > Land wanted > Commercial Buildings > Rooms wanted > Post Your
Ad > View All Agents / Agents
Directory > Promote your
property > Become an Agent > Residential
sales > Letting
Agents > Commercial
property agents > Land Sales > Buyer
& Seller Assistance > Promote
your property > View All
Businesses for
Sale > Real
Estate > Restaurant > Construction > Agriculture > Tech > Hospitality > Business > Manufacturing > Garment-Textile > Services-BPO > Maps of Sri Lanka > Area Guide > Point of
Interests > Property Buying Guide > Foreign Buyers'
Guide > Capital
Gains Tax > Sri Lanka House Price Index > Sri Lanka Land Price Index > Membership Benefits > News & Guides > About us > Careers > Contact Us > Events > FAQs > Ideal Home > Appliances &
Electronics > Furniture > Household items > Solar & Hot Water > Bathrooms > Gardening > Kitchen > Professionals > Flooring > House Construction > Lighting > Service Providers > Other Services > Home > ... > Sales > Colombo District > Dehiwala > House > Home > ... > Sales > Colombo District > Dehiwala > House","With or Without Land, Dehiwala",Rs. 19.8 m,19800000.0,True,House,4,2 Bathrooms,1816 sq.ft.,2,7 perches,Available soon,Unfurnished,1 year,,4.0,2.0,1816.0,7.0,"{""Bathrooms/WCs"": ""2"", ""Car parking spaces"": ""1""}",1816 Sq.Ft House Construction - Ultra Modern Luxury House Consists of 4 Bedrooms 2 Bathrooms Watch 3D video for more info - Call or WhatsApp Luxury Living Room Watch the house video below for more info Construction Duration 7 Months Construction Cost - Rs. 19.8 million / Rs. 198 Laks 3 Decades of Excellence in the Build Environment UK Qualified Design Team Members Construction Included in the price Car Parking Selected Tiles Rocell Bathroom Fittings Granite Top Kitchen with PVC Pantry/Mahogani Pantry Call or WhatsApp for more info
https://www.lankapropertyweb.com/sale/property_details-5724569.html,5724569,2026-08-10T10:34:35.653535+00:00,2 Bedroom house construction in Galle for Rs. 14.6 million / Rs. 146 Laks / Please Read Below V V V,"View all > Houses > Apartments > Commercial > Bungalows > Villas > Studio
/ Bedsit > Warehouse > Featured developments for sale > New Beachfront Projects > Newly
built property for sale > Colonial
Houses for sale > Urgent properties for sale > Luxury
Apartments > Mid-range
Apartments > Bungalows
in Nuwara Eliya > Houses
in Battaramulla area > Commercial property for sale
in
Colombo > Hotels for Sale > Warehouses for sale > Brand
new apartment > Beachfront properties for sale > Beachfront Apartments for sale > Below Market Value properties > Sri Lanka House Price Index > Sri Lanka Land Price Index > Guide for
foreigners
buying property > All property for Rent > Houses > Apartments > Commercial > Bungalows > Annexes > Hostels > Villas > Studio
/ Bedsit > Rooms
/ Boarding Places > View All Featured Properties > Warehouses for rent > Newly built property for rent > Urgent properties to let > Short
term rentals > Office spaces in
Colombo > Co-working places > House Prices > Find All Land for Sale or Lease > Bare
Land > Beachfront
Land > Cultivated
/ Agriculture > Land
with House > Tea
Estate Land > Rubber
Estate Land > Coconut
Estate Land > Paddy
(Rice) Land > Cinnamon
Estate Land > Waterfront
Land > Featured Land Projects > Lands
in Nuwara Eliya > Investment Lands
within 1 hour of Colombo > Lands
for less than 1 lakh a perch in Western Province > Cultivation
lands within 1 hour from Colombo > Land
Prices in Greater Colombo > View All New Projects > Featured Projects > Apartment FinderNew > Featured Land Projects > Condo Directory > Property
Valuations > Legal
Assistance > Document
preparation & submission > Mortgage
Advice > Fees
& taxes payment > Personal
Assistance > Other
Services > Market
Research and Advisory > Property
Buying Advisory > Business
Buying or Selling Advisory > Property
Buying Assistance for Foreigners > Advisory on Investing
in Sri Lanka > House
Construction > Packers &
Movers > Solar Panels > Invest Home > Top Investment
Properties > Luxury
Apartments > Mid-range
Apartments > Lands and
Bungalows
in Nuwara Eliya > Houses in
Battaramulla area > Cultivation
lands > Investment Lands
within 1 hour of Colombo > Commercial
property
for sale in Colombo > Hotels for
Sale > ROI calculator > Trending Properties > Top Investment
properties > House Price Index > Land price
index > Home Loan Rates > Home
Loan Calculator > Home
Loan Comparison > Market Insights > Price Meter > Property Buying Guide > Foreign Buyers'
Guide > Capital
Gains Tax > Sri Lanka House Price Index > Sri Lanka Land Price Index > Membership Benefits > Market Outlook Report > News & Guides > View All Wanted Properties > Houses wanted > Apartments wanted > Land wanted > Commercial Buildings > Rooms wanted > Post Your
Ad > View All Agents / Agents
Directory > Promote your
property > Become an Agent > Residential
sales > Letting
Agents > Commercial
property agents > Land Sales > Buyer
& Seller Assistance > Promote
your property > View All
Businesses for
Sale > Real
Estate > Restaurant > Construction > Agriculture > Tech > Hospitality > Business > Manufacturing > Garment-Textile > Services-BPO > Maps of Sri Lanka > Area Guide > Point of
Interests > Property Buying Guide > Foreign Buyers'
Guide > Capital
Gains Tax > Sri Lanka House Price Index > Sri Lanka Land Price Index > Membership Benefits > News & Guides > About us > Careers > Contact Us > Events > FAQs > Ideal Home > Appliances &
Electronics > Furniture > Household items > Solar & Hot Water > Bathrooms > Gardening > Kitchen > Professionals > Flooring > House Construction > Lighting > Service Providers > Other Services > Home > ... > Sales > Galle District > Galle > House > Home > ... > Sales > Galle District > Galle > House","With or Without Land, Galle",Rs. 14.6 m,14600000.0,True,House,2,2 Bathrooms,1000 sq.ft.,1,7 perches,Available soon,Unfurnished,1 year,,2.0,2.0,1000.0,7.0,"{""Bathrooms/WCs"": ""2"", ""Car parking spaces"": ""1""}","New Development - Construction Duration 4 months (2 Bedrooms 2 Bathrooms) Construction Duration 4 Months With 2 spacious bedrooms and 2 bathrooms, there's plenty of room for your family to grow. The floor area is a whopping 1000 sq ft, giving you ample space for all your needs. Private Pool and Outdoor Entertainment Area This exquisite house in Katana is a dream come true! Build on your land = Rs. 14.6 million / Rs. 146 Laks Call or WhatsApp for more information Legal Support For Foreigners Construction Duration 4 Months Get Quote To Build On Your Land -If you are unable to find a land - we can help you Call or WhatsApp for more info"
https://www.lankapropertyweb.com/sale/property_details-5880579.html,5880579,2026-08-10T10:34:38.703713+00:00,URGENT SALE!!! Newly Built House for Sale in Thunandahena Road – Malabe | LKR 28 Million,"View all > Houses > Apartments > Commercial > Bungalows > Villas > Studio
/ Bedsit > Warehouse > Featured developments for sale > New Beachfront Projects > Newly
built property for sale > Colonial
Houses for sale > Urgent properties for sale > Luxury
Apartments > Mid-range
Apartments > Bungalows
in Nuwara Eliya > Houses
in Battaramulla area > Commercial property for sale
in
Colombo > Hotels for Sale > Warehouses for sale > Brand
new apartment > Beachfront properties for sale > Beachfront Apartments for sale > Below Market Value properties > Sri Lanka House Price Index > Sri Lanka Land Price Index > Guide for
foreigners
buying property > All property for Rent > Houses > Apartments > Commercial > Bungalows > Annexes > Hostels > Villas > Studio
/ Bedsit > Rooms
/ Boarding Places > View All Featured Properties > Warehouses for rent > Newly built property for rent > Urgent properties to let > Short
term rentals > Office spaces in
Colombo > Co-working places > House Prices > Find All Land for Sale or Lease > Bare
Land > Beachfront
Land > Cultivated
/ Agriculture > Land
with House > Tea
Estate Land > Rubber
Estate Land > Coconut
Estate Land > Paddy
(Rice) Land > Cinnamon
Estate Land > Waterfront
Land > Featured Land Projects > Lands
in Nuwara Eliya > Investment Lands
within 1 hour of Colombo > Lands
for less than 1 lakh a perch in Western Province > Cultivation
lands within 1 hour from Colombo > Land
Prices in Greater Colombo > View All New Projects > Featured Projects > Apartment FinderNew > Featured Land Projects > Condo Directory > Property
Valuations > Legal
Assistance > Document
preparation & submission > Mortgage
Advice > Fees
& taxes payment > Personal
Assistance > Other
Services > Market
Research and Advisory > Property
Buying Advisory > Business
Buying or Selling Advisory > Property
Buying Assistance for Foreigners > Advisory on Investing
in Sri Lanka > House
Construction > Packers &
Movers > Solar Panels > Invest Home > Top Investment
Properties > Luxury
Apartments > Mid-range
Apartments > Lands and
Bungalows
in Nuwara Eliya > Houses in
Battaramulla area > Cultivation
lands > Investment Lands
within 1 hour of Colombo > Commercial
property
for sale in Colombo > Hotels for
Sale > ROI calculator > Trending Properties > Top Investment
properties > House Price Index > Land price
index > Home Loan Rates > Home
Loan Calculator > Home
Loan Comparison > Market Insights > Price Meter > Property Buying Guide > Foreign Buyers'
Guide > Capital
Gains Tax > Sri Lanka House Price Index > Sri Lanka Land Price Index > Membership Benefits > Market Outlook Report > News & Guides > View All Wanted Properties > Houses wanted > Apartments wanted > Land wanted > Commercial Buildings > Rooms wanted > Post Your
Ad > View All Agents / Agents
Directory > Promote your
property > Become an Agent > Residential
sales > Letting
Agents > Commercial
property agents > Land Sales > Buyer
& Seller Assistance > Promote
your property > View All
Businesses for
Sale > Real
Estate > Restaurant > Construction > Agriculture > Tech > Hospitality > Business > Manufacturing > Garment-Textile > Services-BPO > Maps of Sri Lanka > Area Guide > Point of
Interests > Property Buying Guide > Foreign Buyers'
Guide > Capital
Gains Tax > Sri Lanka House Price Index > Sri Lanka Land Price Index > Membership Benefits > News & Guides > About us > Careers > Contact Us > Events > FAQs > Ideal Home > Appliances &
Electronics > Furniture > Household items > Solar & Hot Water > Bathrooms > Gardening > Kitchen > Professionals > Flooring > House Construction > Lighting > Service Providers > Other Services > Home > ... > Sales > Colombo District > Malabe > House > Home > ... > Sales > Colombo District > Malabe > House","Thunandahena Road, Malabe","Rs. 28,000,000





",28000000.0,True,House,5,3 Bathrooms,4000 sq.ft.,3,10 perches,Price reduced,,,20 ft.,5.0,3.0,4000.0,10.0,"{""Bathrooms/WCs"": ""3"", ""Agent Ref"": ""HS-025"", ""Car parking spaces"": ""2""}","URGENT SALE - PRICE REDUCED!!! Newly Built House for Sale in Thunandahena Road – Malabe... A beautifully designed, newly built home is now available for immediate sale in the peaceful surroundings of Thunandahena Road, Malabe. This property is uniquely positioned bordering scenic paddy fields, offering a breathtaking, seasonally changing natural view. Just 10 minutes’ drive to Athurugiriya Expressway Entrance SLIIT, CINEC Campus, Horizon International School & University, and Neville Fernando Teaching Hospital are all within a convenient 10-minute radius Property Details: Land Extent: 10 Perches Floor Area : 2500 Sqft Two-Storey House 5 Bedrooms 3 Bathrooms Spacious Living & Dining Areas Pantry & Kitchen Large Rooftop Terrace with Stunning Paddy Field Views Small Garden Space Garage Previous Price: LKR 35 Million New Price : LKR 28 Million Enjoy serene living with picturesque surroundings while still being conveniently close to Malabe town and essential amenities. Schedule Your Private Viewing Today For more information or to arrange a viewing, please contact: Nadee Jayasinghe - Property Consultant Your Trusted Partner in Real Estate Agent's Ref # HS-025"
https://www.lankapropertyweb.com/sale/property_details-5724613.html,5724613,2026-08-10T10:34:41.233908+00:00,3 Bedroom House Construction in Colombo 7 for Rs. 23.6 million / Rs. 236 Laks / New Construction,"View all > Houses > Apartments > Commercial > Bungalows > Villas > Studio
/ Bedsit > Warehouse > Featured developments for sale > New Beachfront Projects > Newly
built property for sale > Colonial
Houses for sale > Urgent properties for sale > Luxury
Apartments > Mid-range
Apartments > Bungalows
in Nuwara Eliya > Houses
in Battaramulla area > Commercial property for sale
in
Colombo > Hotels for Sale > Warehouses for sale > Brand
new apartment > Beachfront properties for sale > Beachfront Apartments for sale > Below Market Value properties > Sri Lanka House Price Index > Sri Lanka Land Price Index > Guide for
foreigners
buying property > All property for Rent > Houses > Apartments > Commercial > Bungalows > Annexes > Hostels > Villas > Studio
/ Bedsit > Rooms
/ Boarding Places > View All Featured Properties > Warehouses for rent > Newly built property for rent > Urgent properties to let > Short
term rentals > Office spaces in
Colombo > Co-working places > House Prices > Find All Land for Sale or Lease > Bare
Land > Beachfront
Land > Cultivated
/ Agriculture > Land
with House > Tea
Estate Land > Rubber
Estate Land > Coconut
Estate Land > Paddy
(Rice) Land > Cinnamon
Estate Land > Waterfront
Land > Featured Land Projects > Lands
in Nuwara Eliya > Investment Lands
within 1 hour of Colombo > Lands
for less than 1 lakh a perch in Western Province > Cultivation
lands within 1 hour from Colombo > Land
Prices in Greater Colombo > View All New Projects > Featured Projects > Apartment FinderNew > Featured Land Projects > Condo Directory > Property
Valuations > Legal
Assistance > Document
preparation & submission > Mortgage
Advice > Fees
& taxes payment > Personal
Assistance > Other
Services > Market
Research and Advisory > Property
Buying Advisory > Business
Buying or Selling Advisory > Property
Buying Assistance for Foreigners > Advisory on Investing
in Sri Lanka > House
Construction > Packers &
Movers > Solar Panels > Invest Home > Top Investment
Properties > Luxury
Apartments > Mid-range
Apartments > Lands and
Bungalows
in Nuwara Eliya > Houses in
Battaramulla area > Cultivation
lands > Investment Lands
within 1 hour of Colombo > Commercial
property
for sale in Colombo > Hotels for
Sale > ROI calculator > Trending Properties > Top Investment
properties > House Price Index > Land price
index > Home Loan Rates > Home
Loan Calculator > Home
Loan Comparison > Market Insights > Price Meter > Property Buying Guide > Foreign Buyers'
Guide > Capital
Gains Tax > Sri Lanka House Price Index > Sri Lanka Land Price Index > Membership Benefits > Market Outlook Report > News & Guides > View All Wanted Properties > Houses wanted > Apartments wanted > Land wanted > Commercial Buildings > Rooms wanted > Post Your
Ad > View All Agents / Agents
Directory > Promote your
property > Become an Agent > Residential
sales > Letting
Agents > Commercial
property agents > Land Sales > Buyer
& Seller Assistance > Promote
your property > View All
Businesses for
Sale > Real
Estate > Restaurant > Construction > Agriculture > Tech > Hospitality > Business > Manufacturing > Garment-Textile > Services-BPO > Maps of Sri Lanka > Area Guide > Point of
Interests > Property Buying Guide > Foreign Buyers'
Guide > Capital
Gains Tax > Sri Lanka House Price Index > Sri Lanka Land Price Index > Membership Benefits > News & Guides > About us > Careers > Contact Us > Events > FAQs > Ideal Home > Appliances &
Electronics > Furniture > Household items > Solar & Hot Water > Bathrooms > Gardening > Kitchen > Professionals > Flooring > House Construction > Lighting > Service Providers > Other Services > Home > ... > Sales > Colombo District > Colombo 7 > House > Home > ... > Sales > Colombo District > Colombo 7 > House","With or Without Land, Colombo 7",Rs. 23.6 m,23600000.0,True,House,3,2 Bathrooms,2000 sq.ft.,2,7 perches,Available soon,Unfurnished,1 year,,3.0,2.0,2000.0,7.0,"{""Bathrooms/WCs"": ""2"", ""Car parking spaces"": ""1""}","Super Luxury House with 3 Bedrooms 2 Bathrooms Private Pool with outdoor entertainment area Reinforced concrete structure - 25 years warranty Selected Bathroom Fittings - 5 years warranty Construction Duration 6 Months + Rain Construction Cost Rs.23,632,000/- Cant find a land to build? We can help you. Call or Whats App 3 Decades + Experience in the Build Environment Call or WhatsApp for more info"
https://www.lankapropertyweb.com/sale/property_details-5720546.html,5720546,2026-08-10T10:34:44.244134+00:00,4 Bedroom Luxury house Construction in Pannipitiya / Rs. 24.7 million / Rs. 247 Laks (Construction Cost),"View all > Houses > Apartments > Commercial > Bungalows > Villas > Studio
/ Bedsit > Warehouse > Featured developments for sale > New Beachfront Projects > Newly
built property for sale > Colonial
Houses for sale > Urgent properties for sale > Luxury
Apartments > Mid-range
Apartments > Bungalows
in Nuwara Eliya > Houses
in Battaramulla area > Commercial property for sale
in
Colombo > Hotels for Sale > Warehouses for sale > Brand
new apartment > Beachfront properties for sale > Beachfront Apartments for sale > Below Market Value properties > Sri Lanka House Price Index > Sri Lanka Land Price Index > Guide for
foreigners
buying property > All property for Rent > Houses > Apartments > Commercial > Bungalows > Annexes > Hostels > Villas > Studio
/ Bedsit > Rooms
/ Boarding Places > View All Featured Properties > Warehouses for rent > Newly built property for rent > Urgent properties to let > Short
term rentals > Office spaces in
Colombo > Co-working places > House Prices > Find All Land for Sale or Lease > Bare
Land > Beachfront
Land > Cultivated
/ Agriculture > Land
with House > Tea
Estate Land > Rubber
Estate Land > Coconut
Estate Land > Paddy
(Rice) Land > Cinnamon
Estate Land > Waterfront
Land > Featured Land Projects > Lands
in Nuwara Eliya > Investment Lands
within 1 hour of Colombo > Lands
for less than 1 lakh a perch in Western Province > Cultivation
lands within 1 hour from Colombo > Land
Prices in Greater Colombo > View All New Projects > Featured Projects > Apartment FinderNew > Featured Land Projects > Condo Directory > Property
Valuations > Legal
Assistance > Document
preparation & submission > Mortgage
Advice > Fees
& taxes payment > Personal
Assistance > Other
Services > Market
Research and Advisory > Property
Buying Advisory > Business
Buying or Selling Advisory > Property
Buying Assistance for Foreigners > Advisory on Investing
in Sri Lanka > House
Construction > Packers &
Movers > Solar Panels > Invest Home > Top Investment
Properties > Luxury
Apartments > Mid-range
Apartments > Lands and
Bungalows
in Nuwara Eliya > Houses in
Battaramulla area > Cultivation
lands > Investment Lands
within 1 hour of Colombo > Commercial
property
for sale in Colombo > Hotels for
Sale > ROI calculator > Trending Properties > Top Investment
properties > House Price Index > Land price
index > Home Loan Rates > Home
Loan Calculator > Home
Loan Comparison > Market Insights > Price Meter > Property Buying Guide > Foreign Buyers'
Guide > Capital
Gains Tax > Sri Lanka House Price Index > Sri Lanka Land Price Index > Membership Benefits > Market Outlook Report > News & Guides > View All Wanted Properties > Houses wanted > Apartments wanted > Land wanted > Commercial Buildings > Rooms wanted > Post Your
Ad > View All Agents / Agents
Directory > Promote your
property > Become an Agent > Residential
sales > Letting
Agents > Commercial
property agents > Land Sales > Buyer
& Seller Assistance > Promote
your property > View All
Businesses for
Sale > Real
Estate > Restaurant > Construction > Agriculture > Tech > Hospitality > Business > Manufacturing > Garment-Textile > Services-BPO > Maps of Sri Lanka > Area Guide > Point of
Interests > Property Buying Guide > Foreign Buyers'
Guide > Capital
Gains Tax > Sri Lanka House Price Index > Sri Lanka Land Price Index > Membership Benefits > News & Guides > About us > Careers > Contact Us > Events > FAQs > Ideal Home > Appliances &
Electronics > Furniture > Household items > Solar & Hot Water > Bathrooms > Gardening > Kitchen > Professionals > Flooring > House Construction > Lighting > Service Providers > Other Services > Home > ... > Sales > Colombo District > Pannipitiya > House > Home > ... > Sales > Colombo District > Pannipitiya > House","With or without land, Pannipitiya",Rs. 24.7 m,24700000.0,True,House,4,4 Bathrooms,2271 sq.ft.,3,7 perches,Available soon,Unfurnished,1 year,,4.0,4.0,2271.0,7.0,"{""Bathrooms/WCs"": ""3"", ""Car parking spaces"": ""1""}",2271 Sq.Ft exceptional House Consists of 4 Bedrooms and 4 Bathrooms Living Room Maid's bathroom 2nd Floor entertainment area Watch the video below for more info Construction Duration 8 Months 3 Decades of Excellence in the Build Environment UK Qualified Design Team Members Construction Cost Included in the price Selected Tiles Selected Rocell Bathroom Fittings Granite Top Kitchen with PVC Pantry Car Parking get a quote to build on your land (Call or WhatsApp)
https://www.lankapropertyweb.com/sale/property_details-5718361.html,5718361,2026-08-10T10:34:46.475106+00:00,4 Bedroom Luxury house Construction in Gampaha / Rs. 19.8 million / Rs. 198 Laks (Construction Cost),"View all > Houses > Apartments > Commercial > Bungalows > Villas > Studio
/ Bedsit > Warehouse > Featured developments for sale > New Beachfront Projects > Newly
built property for sale > Colonial
Houses for sale > Urgent properties for sale > Luxury
Apartments > Mid-range
Apartments > Bungalows
in Nuwara Eliya > Houses
in Battaramulla area > Commercial property for sale
in
Colombo > Hotels for Sale > Warehouses for sale > Brand
new apartment > Beachfront properties for sale > Beachfront Apartments for sale > Below Market Value properties > Sri Lanka House Price Index > Sri Lanka Land Price Index > Guide for
foreigners
buying property > All property for Rent > Houses > Apartments > Commercial > Bungalows > Annexes > Hostels > Villas > Studio
/ Bedsit > Rooms
/ Boarding Places > View All Featured Properties > Warehouses for rent > Newly built property for rent > Urgent properties to let > Short
term rentals > Office spaces in
Colombo > Co-working places > House Prices > Find All Land for Sale or Lease > Bare
Land > Beachfront
Land > Cultivated
/ Agriculture > Land
with House > Tea
Estate Land > Rubber
Estate Land > Coconut
Estate Land > Paddy
(Rice) Land > Cinnamon
Estate Land > Waterfront
Land > Featured Land Projects > Lands
in Nuwara Eliya > Investment Lands
within 1 hour of Colombo > Lands
for less than 1 lakh a perch in Western Province > Cultivation
lands within 1 hour from Colombo > Land
Prices in Greater Colombo > View All New Projects > Featured Projects > Apartment FinderNew > Featured Land Projects > Condo Directory > Property
Valuations > Legal
Assistance > Document
preparation & submission > Mortgage
Advice > Fees
& taxes payment > Personal
Assistance > Other
Services > Market
Research and Advisory > Property
Buying Advisory > Business
Buying or Selling Advisory > Property
Buying Assistance for Foreigners > Advisory on Investing
in Sri Lanka > House
Construction > Packers &
Movers > Solar Panels > Invest Home > Top Investment
Properties > Luxury
Apartments > Mid-range
Apartments > Lands and
Bungalows
in Nuwara Eliya > Houses in
Battaramulla area > Cultivation
lands > Investment Lands
within 1 hour of Colombo > Commercial
property
for sale in Colombo > Hotels for
Sale > ROI calculator > Trending Properties > Top Investment
properties > House Price Index > Land price
index > Home Loan Rates > Home
Loan Calculator > Home
Loan Comparison > Market Insights > Price Meter > Property Buying Guide > Foreign Buyers'
Guide > Capital
Gains Tax > Sri Lanka House Price Index > Sri Lanka Land Price Index > Membership Benefits > Market Outlook Report > News & Guides > View All Wanted Properties > Houses wanted > Apartments wanted > Land wanted > Commercial Buildings > Rooms wanted > Post Your
Ad > View All Agents / Agents
Directory > Promote your
property > Become an Agent > Residential
sales > Letting
Agents > Commercial
property agents > Land Sales > Buyer
& Seller Assistance > Promote
your property > View All
Businesses for
Sale > Real
Estate > Restaurant > Construction > Agriculture > Tech > Hospitality > Business > Manufacturing > Garment-Textile > Services-BPO > Maps of Sri Lanka > Area Guide > Point of
Interests > Property Buying Guide > Foreign Buyers'
Guide > Capital
Gains Tax > Sri Lanka House Price Index > Sri Lanka Land Price Index > Membership Benefits > News & Guides > About us > Careers > Contact Us > Events > FAQs > Ideal Home > Appliances &
Electronics > Furniture > Household items > Solar & Hot Water > Bathrooms > Gardening > Kitchen > Professionals > Flooring > House Construction > Lighting > Service Providers > Other Services > Home > ... > Sales > Gampaha District > Gampaha > House > Home > ... > Sales > Gampaha District > Gampaha > House","With or Without Land, Gampaha",Rs. 19.8 m,19800000.0,True,House,4,2 Bathrooms,1816 sq.ft.,2,7 perches,Available soon,Unfurnished,1 year,,4.0,2.0,1816.0,7.0,"{""Bathrooms/WCs"": ""3"", ""Car parking spaces"": ""2""}",1816 Sq.Ft House Construction - Ultra Modern Luxury House Consists of 4 Bedrooms 2 Bathrooms Watch 3D video for more info - Call or WhatsApp Luxury Living Room Watch the house video below for more info Construction Duration 7 Months Construction Cost - Rs. 19.8 million / Rs. 198 Laks 3 Decades of Excellence in the Build Environment UK Qualified Design Team Members Construction Included in the price Car Parking Selected Tiles Rocell Bathroom Fittings Granite Top Kitchen with PVC Pantry/Mahogani Pantry Call or WhatsApp for more info
https://www.lankapropertyweb.com/sale/property_details-5720275.html,5720275,2026-08-10T10:34:49.207067+00:00,Super Luxury 4 Bedroom House Construction in Nawala or Anywhere in Sri Lanka/ (Construction Cost Rs 40.2 Million),"View all > Houses > Apartments > Commercial > Bungalows > Villas > Studio
/ Bedsit > Warehouse > Featured developments for sale > New Beachfront Projects > Newly
built property for sale > Colonial
Houses for sale > Urgent properties for sale > Luxury
Apartments > Mid-range
Apartments > Bungalows
in Nuwara Eliya > Houses
in Battaramulla area > Commercial property for sale
in
Colombo > Hotels for Sale > Warehouses for sale > Brand
new apartment > Beachfront properties for sale > Beachfront Apartments for sale > Below Market Value properties > Sri Lanka House Price Index > Sri Lanka Land Price Index > Guide for
foreigners
buying property > All property for Rent > Houses > Apartments > Commercial > Bungalows > Annexes > Hostels > Villas > Studio
/ Bedsit > Rooms
/ Boarding Places > View All Featured Properties > Warehouses for rent > Newly built property for rent > Urgent properties to let > Short
term rentals > Office spaces in
Colombo > Co-working places > House Prices > Find All Land for Sale or Lease > Bare
Land > Beachfront
Land > Cultivated
/ Agriculture > Land
with House > Tea
Estate Land > Rubber
Estate Land > Coconut
Estate Land > Paddy
(Rice) Land > Cinnamon
Estate Land > Waterfront
Land > Featured Land Projects > Lands
in Nuwara Eliya > Investment Lands
within 1 hour of Colombo > Lands
for less than 1 lakh a perch in Western Province > Cultivation
lands within 1 hour from Colombo > Land
Prices in Greater Colombo > View All New Projects > Featured Projects > Apartment FinderNew > Featured Land Projects > Condo Directory > Property
Valuations > Legal
Assistance > Document
preparation & submission > Mortgage
Advice > Fees
& taxes payment > Personal
Assistance > Other
Services > Market
Research and Advisory > Property
Buying Advisory > Business
Buying or Selling Advisory > Property
Buying Assistance for Foreigners > Advisory on Investing
in Sri Lanka > House
Construction > Packers &
Movers > Solar Panels > Invest Home > Top Investment
Properties > Luxury
Apartments > Mid-range
Apartments > Lands and
Bungalows
in Nuwara Eliya > Houses in
Battaramulla area > Cultivation
lands > Investment Lands
within 1 hour of Colombo > Commercial
property
for sale in Colombo > Hotels for
Sale > ROI calculator > Trending Properties > Top Investment
properties > House Price Index > Land price
index > Home Loan Rates > Home
Loan Calculator > Home
Loan Comparison > Market Insights > Price Meter > Property Buying Guide > Foreign Buyers'
Guide > Capital
Gains Tax > Sri Lanka House Price Index > Sri Lanka Land Price Index > Membership Benefits > Market Outlook Report > News & Guides > View All Wanted Properties > Houses wanted > Apartments wanted > Land wanted > Commercial Buildings > Rooms wanted > Post Your
Ad > View All Agents / Agents
Directory > Promote your
property > Become an Agent > Residential
sales > Letting
Agents > Commercial
property agents > Land Sales > Buyer
& Seller Assistance > Promote
your property > View All
Businesses for
Sale > Real
Estate > Restaurant > Construction > Agriculture > Tech > Hospitality > Business > Manufacturing > Garment-Textile > Services-BPO > Maps of Sri Lanka > Area Guide > Point of
Interests > Property Buying Guide > Foreign Buyers'
Guide > Capital
Gains Tax > Sri Lanka House Price Index > Sri Lanka Land Price Index > Membership Benefits > News & Guides > About us > Careers > Contact Us > Events > FAQs > Ideal Home > Appliances &
Electronics > Furniture > Household items > Solar & Hot Water > Bathrooms > Gardening > Kitchen > Professionals > Flooring > House Construction > Lighting > Service Providers > Other Services > Home > ... > Sales > Colombo District > Nawala > House > Home > ... > Sales > Colombo District > Nawala > House","With or Without Land, Nawala","Rs. 40,250,000
  ",40250000.0,True,House,4,5 Bathrooms,3500 sq.ft.,3,7 perches,Available soon,Unfurnished,1 year,,4.0,5.0,3500.0,7.0,"{""Bathrooms/WCs"": ""4"", ""Car parking spaces"": ""2""}",Ultra Modern Super Luxury House Consists of 5 Bedrooms - Construction on your land 5 Bathrooms Double ceiling height - Living Room Maid's room and bathroom Private Pool Roof top entertainment area - With jacuzzi Watch the house video below for more info Construction Duration 9 Months 3 Decades of Excellence in the Build Environment UK Qualified Design Team Members Construction Included in the price Private Pool and Outdoor Entertainment Area 2 Car Parking Selected Tiles Selected Rocell Bathroom Fittings Granite Top Kitchen with PVC Pantry
https://www.lankapropertyweb.com/sale/property_details-5715378.html,5715378,2026-08-10T10:34:52.483686+00:00,5 Bedroom House Construction in Maharagama / Rs. 40.2 million / Private Pool / Rs.402 laks (Construction Cost),"View all > Houses > Apartments > Commercial > Bungalows > Villas > Studio
/ Bedsit > Warehouse > Featured developments for sale > New Beachfront Projects > Newly
built property for sale > Colonial
Houses for sale > Urgent properties for sale > Luxury
Apartments > Mid-range
Apartments > Bungalows
in Nuwara Eliya > Houses
in Battaramulla area > Commercial property for sale
in
Colombo > Hotels for Sale > Warehouses for sale > Brand
new apartment > Beachfront properties for sale > Beachfront Apartments for sale > Below Market Value properties > Sri Lanka House Price Index > Sri Lanka Land Price Index > Guide for
foreigners
buying property > All property for Rent > Houses > Apartments > Commercial > Bungalows > Annexes > Hostels > Villas > Studio
/ Bedsit > Rooms
/ Boarding Places > View All Featured Properties > Warehouses for rent > Newly built property for rent > Urgent properties to let > Short
term rentals > Office spaces in
Colombo > Co-working places > House Prices > Find All Land for Sale or Lease > Bare
Land > Beachfront
Land > Cultivated
/ Agriculture > Land
with House > Tea
Estate Land > Rubber
Estate Land > Coconut
Estate Land > Paddy
(Rice) Land > Cinnamon
Estate Land > Waterfront
Land > Featured Land Projects > Lands
in Nuwara Eliya > Investment Lands
within 1 hour of Colombo > Lands
for less than 1 lakh a perch in Western Province > Cultivation
lands within 1 hour from Colombo > Land
Prices in Greater Colombo > View All New Projects > Featured Projects > Apartment FinderNew > Featured Land Projects > Condo Directory > Property
Valuations > Legal
Assistance > Document
preparation & submission > Mortgage
Advice > Fees
& taxes payment > Personal
Assistance > Other
Services > Market
Research and Advisory > Property
Buying Advisory > Business
Buying or Selling Advisory > Property
Buying Assistance for Foreigners > Advisory on Investing
in Sri Lanka > House
Construction > Packers &
Movers > Solar Panels > Invest Home > Top Investment
Properties > Luxury
Apartments > Mid-range
Apartments > Lands and
Bungalows
in Nuwara Eliya > Houses in
Battaramulla area > Cultivation
lands > Investment Lands
within 1 hour of Colombo > Commercial
property
for sale in Colombo > Hotels for
Sale > ROI calculator > Trending Properties > Top Investment
properties > House Price Index > Land price
index > Home Loan Rates > Home
Loan Calculator > Home
Loan Comparison > Market Insights > Price Meter > Property Buying Guide > Foreign Buyers'
Guide > Capital
Gains Tax > Sri Lanka House Price Index > Sri Lanka Land Price Index > Membership Benefits > Market Outlook Report > News & Guides > View All Wanted Properties > Houses wanted > Apartments wanted > Land wanted > Commercial Buildings > Rooms wanted > Post Your
Ad > View All Agents / Agents
Directory > Promote your
property > Become an Agent > Residential
sales > Letting
Agents > Commercial
property agents > Land Sales > Buyer
& Seller Assistance > Promote
your property > View All
Businesses for
Sale > Real
Estate > Restaurant > Construction > Agriculture > Tech > Hospitality > Business > Manufacturing > Garment-Textile > Services-BPO > Maps of Sri Lanka > Area Guide > Point of
Interests > Property Buying Guide > Foreign Buyers'
Guide > Capital
Gains Tax > Sri Lanka House Price Index > Sri Lanka Land Price Index > Membership Benefits > News & Guides > About us > Careers > Contact Us > Events > FAQs > Ideal Home > Appliances &
Electronics > Furniture > Household items > Solar & Hot Water > Bathrooms > Gardening > Kitchen > Professionals > Flooring > House Construction > Lighting > Service Providers > Other Services > Home > ... > Sales > Colombo District > Maharagama > House > Home > ... > Sales > Colombo District > Maharagama > House","With or Without Land, Maharagama",Rs. 40.2 m,40200000.0,True,House,5,5 Bathrooms,3500 sq.ft.,3,12 perches,Available soon,Unfurnished,1 year,,5.0,5.0,3500.0,12.0,"{""Bathrooms/WCs"": ""5"", ""Car parking spaces"": ""2""}",Exceptional House Consists of 5 Bedrooms and 5 Bathrooms Double Ceiling Height Living Room Maid's room and bathroom Private Pool Roof top entertainment area Watch the video below for more info Construction Duration 9 Months Already own a land - get a quote to build on your land (Call or WhatsApp) 3 Decades of Excellence in the Build Environment UK Qualified Design Team Members Land + Construction Included in the price Private Pool and Outdoor Entertainment Area Selected Tiles Selected Rocell Bathroom Fittings Marble Top Pantry Kitchen with PVC Pantry Car Parking
https://www.lankapropertyweb.com/sale/property_details-5929315.html,5929315,2026-08-10T10:34:55.374679+00:00,04 Bedroom House for Sale - Pelawatte - Fully Furnished - Newly Renovated,"View all > Houses > Apartments > Commercial > Bungalows > Villas > Studio
/ Bedsit > Warehouse > Featured developments for sale > New Beachfront Projects > Newly
built property for sale > Colonial
Houses for sale > Urgent properties for sale > Luxury
Apartments > Mid-range
Apartments > Bungalows
in Nuwara Eliya > Houses
in Battaramulla area > Commercial property for sale
in
Colombo > Hotels for Sale > Warehouses for sale > Brand
new apartment > Beachfront properties for sale > Beachfront Apartments for sale > Below Market Value properties > Sri Lanka House Price Index > Sri Lanka Land Price Index > Guide for
foreigners
buying property > All property for Rent > Houses > Apartments > Commercial > Bungalows > Annexes > Hostels > Villas > Studio
/ Bedsit > Rooms
/ Boarding Places > View All Featured Properties > Warehouses for rent > Newly built property for rent > Urgent properties to let > Short
term rentals > Office spaces in
Colombo > Co-working places > House Prices > Find All Land for Sale or Lease > Bare
Land > Beachfront
Land > Cultivated
/ Agriculture > Land
with House > Tea
Estate Land > Rubber
Estate Land > Coconut
Estate Land > Paddy
(Rice) Land > Cinnamon
Estate Land > Waterfront
Land > Featured Land Projects > Lands
in Nuwara Eliya > Investment Lands
within 1 hour of Colombo > Lands
for less than 1 lakh a perch in Western Province > Cultivation
lands within 1 hour from Colombo > Land
Prices in Greater Colombo > View All New Projects > Featured Projects > Apartment FinderNew > Featured Land Projects > Condo Directory > Property
Valuations > Legal
Assistance > Document
preparation & submission > Mortgage
Advice > Fees
& taxes payment > Personal
Assistance > Other
Services > Market
Research and Advisory > Property
Buying Advisory > Business
Buying or Selling Advisory > Property
Buying Assistance for Foreigners > Advisory on Investing
in Sri Lanka > House
Construction > Packers &
Movers > Solar Panels > Invest Home > Top Investment
Properties > Luxury
Apartments > Mid-range
Apartments > Lands and
Bungalows
in Nuwara Eliya > Houses in
Battaramulla area > Cultivation
lands > Investment Lands
within 1 hour of Colombo > Commercial
property
for sale in Colombo > Hotels for
Sale > ROI calculator > Trending Properties > Top Investment
properties > House Price Index > Land price
index > Home Loan Rates > Home
Loan Calculator > Home
Loan Comparison > Market Insights > Price Meter > Property Buying Guide > Foreign Buyers'
Guide > Capital
Gains Tax > Sri Lanka House Price Index > Sri Lanka Land Price Index > Membership Benefits > Market Outlook Report > News & Guides > View All Wanted Properties > Houses wanted > Apartments wanted > Land wanted > Commercial Buildings > Rooms wanted > Post Your
Ad > View All Agents / Agents
Directory > Promote your
property > Become an Agent > Residential
sales > Letting
Agents > Commercial
property agents > Land Sales > Buyer
& Seller Assistance > Promote
your property > View All
Businesses for
Sale > Real
Estate > Restaurant > Construction > Agriculture > Tech > Hospitality > Business > Manufacturing > Garment-Textile > Services-BPO > Maps of Sri Lanka > Area Guide > Point of
Interests > Property Buying Guide > Foreign Buyers'
Guide > Capital
Gains Tax > Sri Lanka House Price Index > Sri Lanka Land Price Index > Membership Benefits > News & Guides > About us > Careers > Contact Us > Events > FAQs > Ideal Home > Appliances &
Electronics > Furniture > Household items > Solar & Hot Water > Bathrooms > Gardening > Kitchen > Professionals > Flooring > House Construction > Lighting > Service Providers > Other Services > Home > ... > Sales > Colombo District > Pelawatte > House > Home > ... > Sales > Colombo District > Pelawatte > House","B Perera Gardens, Pelawatte","Rs. 165,000,000


















",165000000.0,True,House,4,3 Bathrooms,3600 sq.ft.,2,,Available Now,Furnished,,,4.0,3.0,3600.0,,"{""Bathrooms/WCs"": ""3"", ""Agent Ref"": ""TRC 1176"", ""Car parking spaces"": ""2""}","House for Sale – Palawatte 4 Bedrooms 3 Bathrooms 3,600 sqft Fully furnished Newly renovated Additional Features: •	Pantry + Wet kitchen •	All white goods included (including dishwasher) •	Hot & cold water •	Solar power •	CCTV & fully integrated alarm system •	2-minute walk to Overseas School -- LISTED: Rs.165,000,000 (Negotiable) -- Inspection by appointment only. Contact The Realtor Club today to get more details about this listing. Like & follow The Realtor Club to get the latest & best real estate properties in Sri Lanka. Follow on Instagram & Facebook - therealtorclub.lk"
https://www.lankapropertyweb.com/sale/property_details-5719389.html,5719389,2026-08-10T10:34:58.893144+00:00,4 Bedroom house in Pita Kotte for Rs. 19.8 million / Rs. 198 Laks on your land (Construction Cost),"View all > Houses > Apartments > Commercial > Bungalows > Villas > Studio
/ Bedsit > Warehouse > Featured developments for sale > New Beachfront Projects > Newly
built property for sale > Colonial
Houses for sale > Urgent properties for sale > Luxury
Apartments > Mid-range
Apartments > Bungalows
in Nuwara Eliya > Houses
in Battaramulla area > Commercial property for sale
in
Colombo > Hotels for Sale > Warehouses for sale > Brand
new apartment > Beachfront properties for sale > Beachfront Apartments for sale > Below Market Value properties > Sri Lanka House Price Index > Sri Lanka Land Price Index > Guide for
foreigners
buying property > All property for Rent > Houses > Apartments > Commercial > Bungalows > Annexes > Hostels > Villas > Studio
/ Bedsit > Rooms
/ Boarding Places > View All Featured Properties > Warehouses for rent > Newly built property for rent > Urgent properties to let > Short
term rentals > Office spaces in
Colombo > Co-working places > House Prices > Find All Land for Sale or Lease > Bare
Land > Beachfront
Land > Cultivated
/ Agriculture > Land
with House > Tea
Estate Land > Rubber
Estate Land > Coconut
Estate Land > Paddy
(Rice) Land > Cinnamon
Estate Land > Waterfront
Land > Featured Land Projects > Lands
in Nuwara Eliya > Investment Lands
within 1 hour of Colombo > Lands
for less than 1 lakh a perch in Western Province > Cultivation
lands within 1 hour from Colombo > Land
Prices in Greater Colombo > View All New Projects > Featured Projects > Apartment FinderNew > Featured Land Projects > Condo Directory > Property
Valuations > Legal
Assistance > Document
preparation & submission > Mortgage
Advice > Fees
& taxes payment > Personal
Assistance > Other
Services > Market
Research and Advisory > Property
Buying Advisory > Business
Buying or Selling Advisory > Property
Buying Assistance for Foreigners > Advisory on Investing
in Sri Lanka > House
Construction > Packers &
Movers > Solar Panels > Invest Home > Top Investment
Properties > Luxury
Apartments > Mid-range
Apartments > Lands and
Bungalows
in Nuwara Eliya > Houses in
Battaramulla area > Cultivation
lands > Investment Lands
within 1 hour of Colombo > Commercial
property
for sale in Colombo > Hotels for
Sale > ROI calculator > Trending Properties > Top Investment
properties > House Price Index > Land price
index > Home Loan Rates > Home
Loan Calculator > Home
Loan Comparison > Market Insights > Price Meter > Property Buying Guide > Foreign Buyers'
Guide > Capital
Gains Tax > Sri Lanka House Price Index > Sri Lanka Land Price Index > Membership Benefits > Market Outlook Report > News & Guides > View All Wanted Properties > Houses wanted > Apartments wanted > Land wanted > Commercial Buildings > Rooms wanted > Post Your
Ad > View All Agents / Agents
Directory > Promote your
property > Become an Agent > Residential
sales > Letting
Agents > Commercial
property agents > Land Sales > Buyer
& Seller Assistance > Promote
your property > View All
Businesses for
Sale > Real
Estate > Restaurant > Construction > Agriculture > Tech > Hospitality > Business > Manufacturing > Garment-Textile > Services-BPO > Maps of Sri Lanka > Area Guide > Point of
Interests > Property Buying Guide > Foreign Buyers'
Guide > Capital
Gains Tax > Sri Lanka House Price Index > Sri Lanka Land Price Index > Membership Benefits > News & Guides > About us > Careers > Contact Us > Events > FAQs > Ideal Home > Appliances &
Electronics > Furniture > Household items > Solar & Hot Water > Bathrooms > Gardening > Kitchen > Professionals > Flooring > House Construction > Lighting > Service Providers > Other Services > Home > ... > Sales > Colombo District > Pita Kotte > House > Home > ... > Sales > Colombo District > Pita Kotte > House","With or Without Land, Pita Kotte",Rs. 19.8 m,19800000.0,True,House,4,2 Bathrooms,1816 sq.ft.,2,7 perches,Available soon,Unfurnished,1 year,,4.0,2.0,1816.0,7.0,"{""Bathrooms/WCs"": ""2"", ""Car parking spaces"": ""2""}",1816 Sq.Ft House Construction - Ultra Modern Luxury House Consists of 4 Bedrooms 2 Bathrooms Watch 3D video for more info - Call or WhatsApp Luxury Living Room Watch the house video below for more info Construction Duration 7 Months Construction Cost - Rs. 19.8 million / Rs. 198 Laks 3 Decades of Excellence in the Build Environment UK Qualified Design Team Members Construction Included in the price Car Parking Selected Tiles Rocell Bathroom Fittings Granite Top Kitchen with PVC Pantry/Mahogani Pantry Call or WhatsApp for more info
https://www.lankapropertyweb.com/sale/property_details-5879559.html,5879559,2026-08-10T10:35:02.560816+00:00,"Brand New Luxury House for Sale – Thalangama, Battaramulla | LKR 75 Million","View all > Houses > Apartments > Commercial > Bungalows > Villas > Studio
/ Bedsit > Warehouse > Featured developments for sale > New Beachfront Projects > Newly
built property for sale > Colonial
Houses for sale > Urgent properties for sale > Luxury
Apartments > Mid-range
Apartments > Bungalows
in Nuwara Eliya > Houses
in Battaramulla area > Commercial property for sale
in
Colombo > Hotels for Sale > Warehouses for sale > Brand
new apartment > Beachfront properties for sale > Beachfront Apartments for sale > Below Market Value properties > Sri Lanka House Price Index > Sri Lanka Land Price Index > Guide for
foreigners
buying property > All property for Rent > Houses > Apartments > Commercial > Bungalows > Annexes > Hostels > Villas > Studio
/ Bedsit > Rooms
/ Boarding Places > View All Featured Properties > Warehouses for rent > Newly built property for rent > Urgent properties to let > Short
term rentals > Office spaces in
Colombo > Co-working places > House Prices > Find All Land for Sale or Lease > Bare
Land > Beachfront
Land > Cultivated
/ Agriculture > Land
with House > Tea
Estate Land > Rubber
Estate Land > Coconut
Estate Land > Paddy
(Rice) Land > Cinnamon
Estate Land > Waterfront
Land > Featured Land Projects > Lands
in Nuwara Eliya > Investment Lands
within 1 hour of Colombo > Lands
for less than 1 lakh a perch in Western Province > Cultivation
lands within 1 hour from Colombo > Land
Prices in Greater Colombo > View All New Projects > Featured Projects > Apartment FinderNew > Featured Land Projects > Condo Directory > Property
Valuations > Legal
Assistance > Document
preparation & submission > Mortgage
Advice > Fees
& taxes payment > Personal
Assistance > Other
Services > Market
Research and Advisory > Property
Buying Advisory > Business
Buying or Selling Advisory > Property
Buying Assistance for Foreigners > Advisory on Investing
in Sri Lanka > House
Construction > Packers &
Movers > Solar Panels > Invest Home > Top Investment
Properties > Luxury
Apartments > Mid-range
Apartments > Lands and
Bungalows
in Nuwara Eliya > Houses in
Battaramulla area > Cultivation
lands > Investment Lands
within 1 hour of Colombo > Commercial
property
for sale in Colombo > Hotels for
Sale > ROI calculator > Trending Properties > Top Investment
properties > House Price Index > Land price
index > Home Loan Rates > Home
Loan Calculator > Home
Loan Comparison > Market Insights > Price Meter > Property Buying Guide > Foreign Buyers'
Guide > Capital
Gains Tax > Sri Lanka House Price Index > Sri Lanka Land Price Index > Membership Benefits > Market Outlook Report > News & Guides > View All Wanted Properties > Houses wanted > Apartments wanted > Land wanted > Commercial Buildings > Rooms wanted > Post Your
Ad > View All Agents / Agents
Directory > Promote your
property > Become an Agent > Residential
sales > Letting
Agents > Commercial
property agents > Land Sales > Buyer
& Seller Assistance > Promote
your property > View All
Businesses for
Sale > Real
Estate > Restaurant > Construction > Agriculture > Tech > Hospitality > Business > Manufacturing > Garment-Textile > Services-BPO > Maps of Sri Lanka > Area Guide > Point of
Interests > Property Buying Guide > Foreign Buyers'
Guide > Capital
Gains Tax > Sri Lanka House Price Index > Sri Lanka Land Price Index > Membership Benefits > News & Guides > About us > Careers > Contact Us > Events > FAQs > Ideal Home > Appliances &
Electronics > Furniture > Household items > Solar & Hot Water > Bathrooms > Gardening > Kitchen > Professionals > Flooring > House Construction > Lighting > Service Providers > Other Services > Home > ... > Sales > Colombo District > Battaramulla > House > Home > ... > Sales > Colombo District > Battaramulla > House","Thalangama - Muttettugoda Road, Battaramulla","Rs. 75,000,000


















",75000000.0,True,House,4,,5000 sq.ft.,3,9 perches,Available Now,Unfurnished,,18 ft.,4.0,,5000.0,9.0,"{""Bathrooms/WCs"": ""4"", ""Agent Ref"": ""HS-018"", ""Car parking spaces"": ""2""}","A stunning brand new luxury 3-storey residence located in the highly sought-after Thalangama – Battaramulla area. Designed for modern family living, this spacious home offers elegant interiors, generous living spaces, and excellent accessibility to key international institutions and the highway. Property Details • Land Extent: 9 Perches • Floor Area: Approx. 5,000 Sq.ft • Type: 3-Storey Luxury House Accommodation • 4 Spacious Bedrooms • 4 Modern Bathrooms • Large Living Area • Pantry & Dining Area • Spacious 1st Floor Family Lounge • Large Balcony on the 1st Floor • Balconies on Each Floor Additional Features • Entertainment Area with Pantry-Style Space & Washroom • Garage with Roller Shutter Gate • Servant’s Toilet • Small Private Garden Location Advantages • Around 10 minutes to Overseas School of Colombo (OSC), SLIIT, Neville Fernando Hospital, Horizon College & University, CINEC Campus, and major government institutions and provincial council offices around Battaramulla • 10 minutes to Athurugiriya Highway Entrance for easy access to the Southern Expressway and the Outer Circular Expressway (OCE) This beautifully designed home offers space, comfort, and convenience, making it ideal for families looking for a premium residence in a peaceful residential neighborhood. Location: Muttettugoda Road - Thalangama – Battaramulla Selling Price: LKR 75 Million (Nearest offer) Schedule Your Private Viewing Today For more information or to arrange a viewing, please contact: Nadee Jayasinghe Real Estate Consultant Your Trusted Partner in Real Estate Agent's Ref # HS-018"
https://www.lankapropertyweb.com/sale/property_details-5712776.html,5712776,2026-08-10T10:35:05.906537+00:00,Private Pool 3 Bedroom House Construction in Negombo / Rs. 23.6 million / 78000 USD / Rs. 236 Laks,"View all > Houses > Apartments > Commercial > Bungalows > Villas > Studio
/ Bedsit > Warehouse > Featured developments for sale > New Beachfront Projects > Newly
built property for sale > Colonial
Houses for sale > Urgent properties for sale > Luxury
Apartments > Mid-range
Apartments > Bungalows
in Nuwara Eliya > Houses
in Battaramulla area > Commercial property for sale
in
Colombo > Hotels for Sale > Warehouses for sale > Brand
new apartment > Beachfront properties for sale > Beachfront Apartments for sale > Below Market Value properties > Sri Lanka House Price Index > Sri Lanka Land Price Index > Guide for
foreigners
buying property > All property for Rent > Houses > Apartments > Commercial > Bungalows > Annexes > Hostels > Villas > Studio
/ Bedsit > Rooms
/ Boarding Places > View All Featured Properties > Warehouses for rent > Newly built property for rent > Urgent properties to let > Short
term rentals > Office spaces in
Colombo > Co-working places > House Prices > Find All Land for Sale or Lease > Bare
Land > Beachfront
Land > Cultivated
/ Agriculture > Land
with House > Tea
Estate Land > Rubber
Estate Land > Coconut
Estate Land > Paddy
(Rice) Land > Cinnamon
Estate Land > Waterfront
Land > Featured Land Projects > Lands
in Nuwara Eliya > Investment Lands
within 1 hour of Colombo > Lands
for less than 1 lakh a perch in Western Province > Cultivation
lands within 1 hour from Colombo > Land
Prices in Greater Colombo > View All New Projects > Featured Projects > Apartment FinderNew > Featured Land Projects > Condo Directory > Property
Valuations > Legal
Assistance > Document
preparation & submission > Mortgage
Advice > Fees
& taxes payment > Personal
Assistance > Other
Services > Market
Research and Advisory > Property
Buying Advisory > Business
Buying or Selling Advisory > Property
Buying Assistance for Foreigners > Advisory on Investing
in Sri Lanka > House
Construction > Packers &
Movers > Solar Panels > Invest Home > Top Investment
Properties > Luxury
Apartments > Mid-range
Apartments > Lands and
Bungalows
in Nuwara Eliya > Houses in
Battaramulla area > Cultivation
lands > Investment Lands
within 1 hour of Colombo > Commercial
property
for sale in Colombo > Hotels for
Sale > ROI calculator > Trending Properties > Top Investment
properties > House Price Index > Land price
index > Home Loan Rates > Home
Loan Calculator > Home
Loan Comparison > Market Insights > Price Meter > Property Buying Guide > Foreign Buyers'
Guide > Capital
Gains Tax > Sri Lanka House Price Index > Sri Lanka Land Price Index > Membership Benefits > Market Outlook Report > News & Guides > View All Wanted Properties > Houses wanted > Apartments wanted > Land wanted > Commercial Buildings > Rooms wanted > Post Your
Ad > View All Agents / Agents
Directory > Promote your
property > Become an Agent > Residential
sales > Letting
Agents > Commercial
property agents > Land Sales > Buyer
& Seller Assistance > Promote
your property > View All
Businesses for
Sale > Real
Estate > Restaurant > Construction > Agriculture > Tech > Hospitality > Business > Manufacturing > Garment-Textile > Services-BPO > Maps of Sri Lanka > Area Guide > Point of
Interests > Property Buying Guide > Foreign Buyers'
Guide > Capital
Gains Tax > Sri Lanka House Price Index > Sri Lanka Land Price Index > Membership Benefits > News & Guides > About us > Careers > Contact Us > Events > FAQs > Ideal Home > Appliances &
Electronics > Furniture > Household items > Solar & Hot Water > Bathrooms > Gardening > Kitchen > Professionals > Flooring > House Construction > Lighting > Service Providers > Other Services > Home > ... > Sales > Gampaha District > Negombo > House > Home > ... > Sales > Gampaha District > Negombo > House","With or Without Land, Negombo",Rs. 23.6 m,23600000.0,True,House,3,2 Bathrooms,2000 sq.ft.,2,7 perches,Available soon,Unfurnished,1 year,,3.0,2.0,2000.0,7.0,"{""Bathrooms/WCs"": ""2"", ""Car parking spaces"": ""2""}","Super Luxury House with 3 Bedrooms 2 Bathrooms Private Pool with outdoor entertainment area Reinforced concrete structure - 25 years warranty Selected Bathroom Fittings - 5 years warranty Construction Duration 6 Months + Rain Construction Cost Rs.23,632,000/- Cant find a land to build? We can help you. Call or Whats App 3 Decades + Experience in the Build Environment Call or WhatsApp for more info"
https://www.lankapropertyweb.com/sale/property_details-5891576.html,5891576,2026-08-10T10:35:09.334344+00:00,Brand New House for Sale in Malabe - Paddy Fields View (LKR 55 Million),"View all > Houses > Apartments > Commercial > Bungalows > Villas > Studio
/ Bedsit > Warehouse > Featured developments for sale > New Beachfront Projects > Newly
built property for sale > Colonial
Houses for sale > Urgent properties for sale > Luxury
Apartments > Mid-range
Apartments > Bungalows
in Nuwara Eliya > Houses
in Battaramulla area > Commercial property for sale
in
Colombo > Hotels for Sale > Warehouses for sale > Brand
new apartment > Beachfront properties for sale > Beachfront Apartments for sale > Below Market Value properties > Sri Lanka House Price Index > Sri Lanka Land Price Index > Guide for
foreigners
buying property > All property for Rent > Houses > Apartments > Commercial > Bungalows > Annexes > Hostels > Villas > Studio
/ Bedsit > Rooms
/ Boarding Places > View All Featured Properties > Warehouses for rent > Newly built property for rent > Urgent properties to let > Short
term rentals > Office spaces in
Colombo > Co-working places > House Prices > Find All Land for Sale or Lease > Bare
Land > Beachfront
Land > Cultivated
/ Agriculture > Land
with House > Tea
Estate Land > Rubber
Estate Land > Coconut
Estate Land > Paddy
(Rice) Land > Cinnamon
Estate Land > Waterfront
Land > Featured Land Projects > Lands
in Nuwara Eliya > Investment Lands
within 1 hour of Colombo > Lands
for less than 1 lakh a perch in Western Province > Cultivation
lands within 1 hour from Colombo > Land
Prices in Greater Colombo > View All New Projects > Featured Projects > Apartment FinderNew > Featured Land Projects > Condo Directory > Property
Valuations > Legal
Assistance > Document
preparation & submission > Mortgage
Advice > Fees
& taxes payment > Personal
Assistance > Other
Services > Market
Research and Advisory > Property
Buying Advisory > Business
Buying or Selling Advisory > Property
Buying Assistance for Foreigners > Advisory on Investing
in Sri Lanka > House
Construction > Packers &
Movers > Solar Panels > Invest Home > Top Investment
Properties > Luxury
Apartments > Mid-range
Apartments > Lands and
Bungalows
in Nuwara Eliya > Houses in
Battaramulla area > Cultivation
lands > Investment Lands
within 1 hour of Colombo > Commercial
property
for sale in Colombo > Hotels for
Sale > ROI calculator > Trending Properties > Top Investment
properties > House Price Index > Land price
index > Home Loan Rates > Home
Loan Calculator > Home
Loan Comparison > Market Insights > Price Meter > Property Buying Guide > Foreign Buyers'
Guide > Capital
Gains Tax > Sri Lanka House Price Index > Sri Lanka Land Price Index > Membership Benefits > Market Outlook Report > News & Guides > View All Wanted Properties > Houses wanted > Apartments wanted > Land wanted > Commercial Buildings > Rooms wanted > Post Your
Ad > View All Agents / Agents
Directory > Promote your
property > Become an Agent > Residential
sales > Letting
Agents > Commercial
property agents > Land Sales > Buyer
& Seller Assistance > Promote
your property > View All
Businesses for
Sale > Real
Estate > Restaurant > Construction > Agriculture > Tech > Hospitality > Business > Manufacturing > Garment-Textile > Services-BPO > Maps of Sri Lanka > Area Guide > Point of
Interests > Property Buying Guide > Foreign Buyers'
Guide > Capital
Gains Tax > Sri Lanka House Price Index > Sri Lanka Land Price Index > Membership Benefits > News & Guides > About us > Careers > Contact Us > Events > FAQs > Ideal Home > Appliances &
Electronics > Furniture > Household items > Solar & Hot Water > Bathrooms > Gardening > Kitchen > Professionals > Flooring > House Construction > Lighting > Service Providers > Other Services > Home > ... > Sales > Colombo District > Malabe > House > Home > ... > Sales > Colombo District > Malabe > House","Kahanthota Road, Malabe","Rs. 55,000,000





",55000000.0,True,House,4,,3300 sq.ft.,2,12 perches,Available Now,Unfurnished,2 years,20 ft.,4.0,,3300.0,12.0,"{""Bathrooms/WCs"": ""4"", ""Agent Ref"": ""HS-001"", ""Car parking spaces"": ""2""}","Brand New Luxury Residence - Nature Meets Modern Living in Malabe... Escape the ordinary and step into a world of tranquility at this newly constructed, architect-designed luxury house. Perfectly situated on the border of lush, serene paddy fields in Malabe, this home offers a unique blend of sophisticated modern living and breathtaking natural beauty. This is more than a house—it's your private, peaceful sanctuary. Property Details: * Land Extent: 12 Perches * Floor Area: 3,300 sqft * Bedrooms: 4 (all overlooking stunning paddy views) * Bathrooms: 4 * Spacious Living & Dining Areas * Pantry + Separate Kitchen * Entertainment Area with Attached Washroom * Domestic Quarters * Garden Facing the Paddy Field * Parking for 2 Vehicles Price: LKR 55 Million (Nearest Offer) For more information or to schedule a private viewing, please contact: Nadee Jayasinghe - Your Trusted Partner in Real Estate. Agent's Ref # HS-001"
https://www.lankapropertyweb.com/sale/property_details-5724621.html,5724621,2026-08-10T10:35:12.373289+00:00,4 Bedroom house in Thalawathugoda for Rs. 19.8 million / Rs. 198 Laks / 65800 USD,"View all > Houses > Apartments > Commercial > Bungalows > Villas > Studio
/ Bedsit > Warehouse > Featured developments for sale > New Beachfront Projects > Newly
built property for sale > Colonial
Houses for sale > Urgent properties for sale > Luxury
Apartments > Mid-range
Apartments > Bungalows
in Nuwara Eliya > Houses
in Battaramulla area > Commercial property for sale
in
Colombo > Hotels for Sale > Warehouses for sale > Brand
new apartment > Beachfront properties for sale > Beachfront Apartments for sale > Below Market Value properties > Sri Lanka House Price Index > Sri Lanka Land Price Index > Guide for
foreigners
buying property > All property for Rent > Houses > Apartments > Commercial > Bungalows > Annexes > Hostels > Villas > Studio
/ Bedsit > Rooms
/ Boarding Places > View All Featured Properties > Warehouses for rent > Newly built property for rent > Urgent properties to let > Short
term rentals > Office spaces in
Colombo > Co-working places > House Prices > Find All Land for Sale or Lease > Bare
Land > Beachfront
Land > Cultivated
/ Agriculture > Land
with House > Tea
Estate Land > Rubber
Estate Land > Coconut
Estate Land > Paddy
(Rice) Land > Cinnamon
Estate Land > Waterfront
Land > Featured Land Projects > Lands
in Nuwara Eliya > Investment Lands
within 1 hour of Colombo > Lands
for less than 1 lakh a perch in Western Province > Cultivation
lands within 1 hour from Colombo > Land
Prices in Greater Colombo > View All New Projects > Featured Projects > Apartment FinderNew > Featured Land Projects > Condo Directory > Property
Valuations > Legal
Assistance > Document
preparation & submission > Mortgage
Advice > Fees
& taxes payment > Personal
Assistance > Other
Services > Market
Research and Advisory > Property
Buying Advisory > Business
Buying or Selling Advisory > Property
Buying Assistance for Foreigners > Advisory on Investing
in Sri Lanka > House
Construction > Packers &
Movers > Solar Panels > Invest Home > Top Investment
Properties > Luxury
Apartments > Mid-range
Apartments > Lands and
Bungalows
in Nuwara Eliya > Houses in
Battaramulla area > Cultivation
lands > Investment Lands
within 1 hour of Colombo > Commercial
property
for sale in Colombo > Hotels for
Sale > ROI calculator > Trending Properties > Top Investment
properties > House Price Index > Land price
index > Home Loan Rates > Home
Loan Calculator > Home
Loan Comparison > Market Insights > Price Meter > Property Buying Guide > Foreign Buyers'
Guide > Capital
Gains Tax > Sri Lanka House Price Index > Sri Lanka Land Price Index > Membership Benefits > Market Outlook Report > News & Guides > View All Wanted Properties > Houses wanted > Apartments wanted > Land wanted > Commercial Buildings > Rooms wanted > Post Your
Ad > View All Agents / Agents
Directory > Promote your
property > Become an Agent > Residential
sales > Letting
Agents > Commercial
property agents > Land Sales > Buyer
& Seller Assistance > Promote
your property > View All
Businesses for
Sale > Real
Estate > Restaurant > Construction > Agriculture > Tech > Hospitality > Business > Manufacturing > Garment-Textile > Services-BPO > Maps of Sri Lanka > Area Guide > Point of
Interests > Property Buying Guide > Foreign Buyers'
Guide > Capital
Gains Tax > Sri Lanka House Price Index > Sri Lanka Land Price Index > Membership Benefits > News & Guides > About us > Careers > Contact Us > Events > FAQs > Ideal Home > Appliances &
Electronics > Furniture > Household items > Solar & Hot Water > Bathrooms > Gardening > Kitchen > Professionals > Flooring > House Construction > Lighting > Service Providers > Other Services > Home > ... > Sales > Colombo District > Thalawathugoda > House > Home > ... > Sales > Colombo District > Thalawathugoda > House","With or Without Land, Thalawathugoda",Rs. 19.8 m,19800000.0,True,House,4,2 Bathrooms,2000 sq.ft.,2,7 perches,Available soon,Unfurnished,1 year,,4.0,2.0,2000.0,7.0,"{""Bathrooms/WCs"": ""2"", ""Car parking spaces"": ""2""}",2000 Sq.Ft House Construction - Ultra Modern Luxury House Consists of 4 Bedrooms 2 Bathrooms Watch 3D video for more info - Call or WhatsApp Luxury Living Room Watch the house video below for more info Construction Duration 6 Months Construction Cost - Rs. 19.8 million / Rs. 198 Laks 3 Decades of Excellence in the Build Environment UK Qualified Design Team Members Construction Included in the price Car Parking Selected Tiles Rocell Bathroom Fittings Granite Top Kitchen with PVC Pantry/Mahogani Pantry Call or WhatsApp for more info
https://www.lankapropertyweb.com/sale/property_details-5718617.html,5718617,2026-08-10T10:35:15.311759+00:00,Super Luxury 3 Bedroom Modern House Construction in Dehiwala / Rs. 23.6 million / Rs. 236 Laks,"View all > Houses > Apartments > Commercial > Bungalows > Villas > Studio
/ Bedsit > Warehouse > Featured developments for sale > New Beachfront Projects > Newly
built property for sale > Colonial
Houses for sale > Urgent properties for sale > Luxury
Apartments > Mid-range
Apartments > Bungalows
in Nuwara Eliya > Houses
in Battaramulla area > Commercial property for sale
in
Colombo > Hotels for Sale > Warehouses for sale > Brand
new apartment > Beachfront properties for sale > Beachfront Apartments for sale > Below Market Value properties > Sri Lanka House Price Index > Sri Lanka Land Price Index > Guide for
foreigners
buying property > All property for Rent > Houses > Apartments > Commercial > Bungalows > Annexes > Hostels > Villas > Studio
/ Bedsit > Rooms
/ Boarding Places > View All Featured Properties > Warehouses for rent > Newly built property for rent > Urgent properties to let > Short
term rentals > Office spaces in
Colombo > Co-working places > House Prices > Find All Land for Sale or Lease > Bare
Land > Beachfront
Land > Cultivated
/ Agriculture > Land
with House > Tea
Estate Land > Rubber
Estate Land > Coconut
Estate Land > Paddy
(Rice) Land > Cinnamon
Estate Land > Waterfront
Land > Featured Land Projects > Lands
in Nuwara Eliya > Investment Lands
within 1 hour of Colombo > Lands
for less than 1 lakh a perch in Western Province > Cultivation
lands within 1 hour from Colombo > Land
Prices in Greater Colombo > View All New Projects > Featured Projects > Apartment FinderNew > Featured Land Projects > Condo Directory > Property
Valuations > Legal
Assistance > Document
preparation & submission > Mortgage
Advice > Fees
& taxes payment > Personal
Assistance > Other
Services > Market
Research and Advisory > Property
Buying Advisory > Business
Buying or Selling Advisory > Property
Buying Assistance for Foreigners > Advisory on Investing
in Sri Lanka > House
Construction > Packers &
Movers > Solar Panels > Invest Home > Top Investment
Properties > Luxury
Apartments > Mid-range
Apartments > Lands and
Bungalows
in Nuwara Eliya > Houses in
Battaramulla area > Cultivation
lands > Investment Lands
within 1 hour of Colombo > Commercial
property
for sale in Colombo > Hotels for
Sale > ROI calculator > Trending Properties > Top Investment
properties > House Price Index > Land price
index > Home Loan Rates > Home
Loan Calculator > Home
Loan Comparison > Market Insights > Price Meter > Property Buying Guide > Foreign Buyers'
Guide > Capital
Gains Tax > Sri Lanka House Price Index > Sri Lanka Land Price Index > Membership Benefits > Market Outlook Report > News & Guides > View All Wanted Properties > Houses wanted > Apartments wanted > Land wanted > Commercial Buildings > Rooms wanted > Post Your
Ad > View All Agents / Agents
Directory > Promote your
property > Become an Agent > Residential
sales > Letting
Agents > Commercial
property agents > Land Sales > Buyer
& Seller Assistance > Promote
your property > View All
Businesses for
Sale > Real
Estate > Restaurant > Construction > Agriculture > Tech > Hospitality > Business > Manufacturing > Garment-Textile > Services-BPO > Maps of Sri Lanka > Area Guide > Point of
Interests > Property Buying Guide > Foreign Buyers'
Guide > Capital
Gains Tax > Sri Lanka House Price Index > Sri Lanka Land Price Index > Membership Benefits > News & Guides > About us > Careers > Contact Us > Events > FAQs > Ideal Home > Appliances &
Electronics > Furniture > Household items > Solar & Hot Water > Bathrooms > Gardening > Kitchen > Professionals > Flooring > House Construction > Lighting > Service Providers > Other Services > Home > ... > Sales > Colombo District > Dehiwala > House > Home > ... > Sales > Colombo District > Dehiwala > House","With or Without Land, Dehiwala",Rs. 23.6 m,23600000.0,True,House,3,2 Bathrooms,2000 sq.ft.,2,7 perches,Available soon,Unfurnished,1 year,,3.0,2.0,2000.0,7.0,"{""Bathrooms/WCs"": ""2"", ""Car parking spaces"": ""2""}","Super Luxury House with 3 Bedrooms 2 Bathrooms Private Pool with outdoor entertainment area Reinforced concrete structure - 25 years warranty Selected Bathroom Fittings - 5 years warranty Construction Duration 6 Months + Rain Construction Cost Rs.23,632,000/- Cant find a land to build? We can help you. Call or Whats App 3 Decades + Experience in the Build Environment Call or WhatsApp for more info"
https://www.lankapropertyweb.com/sale/property_details-5722201.html,5722201,2026-08-10T10:35:17.514192+00:00,Super Luxury 3 Bedroom House Construction in Rajagiriya for Rs. 23.6 million / Rs. 236 Laks / New Construction,"View all > Houses > Apartments > Commercial > Bungalows > Villas > Studio
/ Bedsit > Warehouse > Featured developments for sale > New Beachfront Projects > Newly
built property for sale > Colonial
Houses for sale > Urgent properties for sale > Luxury
Apartments > Mid-range
Apartments > Bungalows
in Nuwara Eliya > Houses
in Battaramulla area > Commercial property for sale
in
Colombo > Hotels for Sale > Warehouses for sale > Brand
new apartment > Beachfront properties for sale > Beachfront Apartments for sale > Below Market Value properties > Sri Lanka House Price Index > Sri Lanka Land Price Index > Guide for
foreigners
buying property > All property for Rent > Houses > Apartments > Commercial > Bungalows > Annexes > Hostels > Villas > Studio
/ Bedsit > Rooms
/ Boarding Places > View All Featured Properties > Warehouses for rent > Newly built property for rent > Urgent properties to let > Short
term rentals > Office spaces in
Colombo > Co-working places > House Prices > Find All Land for Sale or Lease > Bare
Land > Beachfront
Land > Cultivated
/ Agriculture > Land
with House > Tea
Estate Land > Rubber
Estate Land > Coconut
Estate Land > Paddy
(Rice) Land > Cinnamon
Estate Land > Waterfront
Land > Featured Land Projects > Lands
in Nuwara Eliya > Investment Lands
within 1 hour of Colombo > Lands
for less than 1 lakh a perch in Western Province > Cultivation
lands within 1 hour from Colombo > Land
Prices in Greater Colombo > View All New Projects > Featured Projects > Apartment FinderNew > Featured Land Projects > Condo Directory > Property
Valuations > Legal
Assistance > Document
preparation & submission > Mortgage
Advice > Fees
& taxes payment > Personal
Assistance > Other
Services > Market
Research and Advisory > Property
Buying Advisory > Business
Buying or Selling Advisory > Property
Buying Assistance for Foreigners > Advisory on Investing
in Sri Lanka > House
Construction > Packers &
Movers > Solar Panels > Invest Home > Top Investment
Properties > Luxury
Apartments > Mid-range
Apartments > Lands and
Bungalows
in Nuwara Eliya > Houses in
Battaramulla area > Cultivation
lands > Investment Lands
within 1 hour of Colombo > Commercial
property
for sale in Colombo > Hotels for
Sale > ROI calculator > Trending Properties > Top Investment
properties > House Price Index > Land price
index > Home Loan Rates > Home
Loan Calculator > Home
Loan Comparison > Market Insights > Price Meter > Property Buying Guide > Foreign Buyers'
Guide > Capital
Gains Tax > Sri Lanka House Price Index > Sri Lanka Land Price Index > Membership Benefits > Market Outlook Report > News & Guides > View All Wanted Properties > Houses wanted > Apartments wanted > Land wanted > Commercial Buildings > Rooms wanted > Post Your
Ad > View All Agents / Agents
Directory > Promote your
property > Become an Agent > Residential
sales > Letting
Agents > Commercial
property agents > Land Sales > Buyer
& Seller Assistance > Promote
your property > View All
Businesses for
Sale > Real
Estate > Restaurant > Construction > Agriculture > Tech > Hospitality > Business > Manufacturing > Garment-Textile > Services-BPO > Maps of Sri Lanka > Area Guide > Point of
Interests > Property Buying Guide > Foreign Buyers'
Guide > Capital
Gains Tax > Sri Lanka House Price Index > Sri Lanka Land Price Index > Membership Benefits > News & Guides > About us > Careers > Contact Us > Events > FAQs > Ideal Home > Appliances &
Electronics > Furniture > Household items > Solar & Hot Water > Bathrooms > Gardening > Kitchen > Professionals > Flooring > House Construction > Lighting > Service Providers > Other Services > Home > ... > Sales > Colombo District > Rajagiriya > House > Home > ... > Sales > Colombo District > Rajagiriya > House","With or Without Land, Rajagiriya",Rs. 23.6 m,23600000.0,True,House,3,2 Bathrooms,2000 sq.ft.,2,7 perches,Available soon,Unfurnished,1 year,,3.0,2.0,2000.0,7.0,"{""Bathrooms/WCs"": ""2"", ""Car parking spaces"": ""1""}","Super Luxury House with 3 Bedrooms 2 Bathrooms Private Pool with outdoor entertainment area Reinforced concrete structure - 25 years warranty Selected Bathroom Fittings - 5 years warranty Construction Duration 6 Months + Rain Construction Cost Rs.23,632,000/- Cant find a land to build? We can help you. Call or Whats App 3 Decades + Experience in the Build Environment Call or WhatsApp for more info"
https://www.lankapropertyweb.com/sale/property_details-5373085.html,5373085,2026-08-10T10:35:20.818325+00:00,"House for Sale - Colombo 07 | LKR 850,000,000","View all > Houses > Apartments > Commercial > Bungalows > Villas > Studio
/ Bedsit > Warehouse > Featured developments for sale > New Beachfront Projects > Newly
built property for sale > Colonial
Houses for sale > Urgent properties for sale > Luxury
Apartments > Mid-range
Apartments > Bungalows
in Nuwara Eliya > Houses
in Battaramulla area > Commercial property for sale
in
Colombo > Hotels for Sale > Warehouses for sale > Brand
new apartment > Beachfront properties for sale > Beachfront Apartments for sale > Below Market Value properties > Sri Lanka House Price Index > Sri Lanka Land Price Index > Guide for
foreigners
buying property > All property for Rent > Houses > Apartments > Commercial > Bungalows > Annexes > Hostels > Villas > Studio
/ Bedsit > Rooms
/ Boarding Places > View All Featured Properties > Warehouses for rent > Newly built property for rent > Urgent properties to let > Short
term rentals > Office spaces in
Colombo > Co-working places > House Prices > Find All Land for Sale or Lease > Bare
Land > Beachfront
Land > Cultivated
/ Agriculture > Land
with House > Tea
Estate Land > Rubber
Estate Land > Coconut
Estate Land > Paddy
(Rice) Land > Cinnamon
Estate Land > Waterfront
Land > Featured Land Projects > Lands
in Nuwara Eliya > Investment Lands
within 1 hour of Colombo > Lands
for less than 1 lakh a perch in Western Province > Cultivation
lands within 1 hour from Colombo > Land
Prices in Greater Colombo > View All New Projects > Featured Projects > Apartment FinderNew > Featured Land Projects > Condo Directory > Property
Valuations > Legal
Assistance > Document
preparation & submission > Mortgage
Advice > Fees
& taxes payment > Personal
Assistance > Other
Services > Market
Research and Advisory > Property
Buying Advisory > Business
Buying or Selling Advisory > Property
Buying Assistance for Foreigners > Advisory on Investing
in Sri Lanka > House
Construction > Packers &
Movers > Solar Panels > Invest Home > Top Investment
Properties > Luxury
Apartments > Mid-range
Apartments > Lands and
Bungalows
in Nuwara Eliya > Houses in
Battaramulla area > Cultivation
lands > Investment Lands
within 1 hour of Colombo > Commercial
property
for sale in Colombo > Hotels for
Sale > ROI calculator > Trending Properties > Top Investment
properties > House Price Index > Land price
index > Home Loan Rates > Home
Loan Calculator > Home
Loan Comparison > Market Insights > Price Meter > Property Buying Guide > Foreign Buyers'
Guide > Capital
Gains Tax > Sri Lanka House Price Index > Sri Lanka Land Price Index > Membership Benefits > Market Outlook Report > News & Guides > View All Wanted Properties > Houses wanted > Apartments wanted > Land wanted > Commercial Buildings > Rooms wanted > Post Your
Ad > View All Agents / Agents
Directory > Promote your
property > Become an Agent > Residential
sales > Letting
Agents > Commercial
property agents > Land Sales > Buyer
& Seller Assistance > Promote
your property > View All
Businesses for
Sale > Real
Estate > Restaurant > Construction > Agriculture > Tech > Hospitality > Business > Manufacturing > Garment-Textile > Services-BPO > Maps of Sri Lanka > Area Guide > Point of
Interests > Property Buying Guide > Foreign Buyers'
Guide > Capital
Gains Tax > Sri Lanka House Price Index > Sri Lanka Land Price Index > Membership Benefits > News & Guides > About us > Careers > Contact Us > Events > FAQs > Ideal Home > Appliances &
Electronics > Furniture > Household items > Solar & Hot Water > Bathrooms > Gardening > Kitchen > Professionals > Flooring > House Construction > Lighting > Service Providers > Other Services > Home > ... > Sales > Colombo District > Colombo 7 > House > Home > ... > Sales > Colombo District > Colombo 7 > House",Colombo 7,"Rs. 850,000,000


















",850000000.0,True,House,6,,11000 sq.ft.,,22.53 perches,Available Now,,,,6.0,,11000.0,22.53,"{""Bathrooms/WCs"": ""6"", ""Agent Ref"": ""46401""}","6 Bedroom 11000 sqft house for sale in Colombo 7 for LKR 850 million Property Features SWIMMING POOL MAID'S ROOM MAID'S TOILET Explore Neighbourhood - Map View Colombo 7 [View on large map] Find out how much you can save with our Home Loan Calculator Apply now for a home loan More Details Property prices in Colombo 7 Buy Rent Average Sale Price is Rs. 80,713 Per SQ.FT. PRICE TRENDS → 7.6% Price decreased compared to last year Try our new price meter tool to find out the average price of a property in Colombo 7 Try our new price meter tool to find out the average price of a property in Colombo 7 PRICE METER → Contact Advertiser Platinum Agent Acquest (Private) Limited Agent 94-7656... Click to view Number 94-7656... Click to view Number Jannique : 94-765666534 This advertiser has been advertising with us for 13 years Request a call back Please enter your phone number to request the advertiser to call you back Send SEND Important information : This ad has been posted on LankaPropertyWeb.com by the above mentioned advertiser. LankaPropertyWeb.com does not have any connection with this advertiser, nor do we vet the advertisers, guarantee their services, responsible for the accuracy of the ad's content or are responsible for services provided by the advertisers. LankaPropertyWeb.com does not provide any service other than list the advertisements posted by advertisers. You will be contacting the advertiser (owner/agent) of this property directly. We advise you to take precaution when making any payments or signing any agreements and be alert of any possible scams. If making any payments we recommend that you have two permanent & verified methods of contact of the payment receiver such as their landline number and home/business address. Posted/Edited: 60 days ago REPORT THIS AD Find Similar Properties Rs. 765M - 935M 10000 - 20000 sqft Colombo 7 View all View all View all 7 11000 sqft 66 Perches - Furnished Unfurnished House for Sale -... Colombo 3 Rs. 198M 1 6 12000 sqft Extravagant Premium Luxury House For Sale Colombo 7 Rs. 1,200M Negotiable 4 4 12000 sqft Beautiful Luxurious House for Sale in Colombo 3 Colombo 3 10 4 12000 sqft Luxury House | 4 Bedrooms | For Sale | Colombo 3 |... Colombo 3 Negotiable 9 7 11500 sqft 🏡 Luxury Mansion For Sale In The Heart of Colombo... Colombo 7 8 14000 sqft 69 Perches Unfurnished House for Sale - HL52125 Colombo 7 Rs. 2,070M 9 12 15000 sqft 11 Perches Furnished House for Sale - HL41564 Colombo 7 Rs. 400M Negotiable 3 6 3000 sqft Colonial type House for sale in the Heart of Colombo 7 Colombo 7 Negotiable 9 5 4000 sqft ￭ Colombo 07 ￭ 05BR House For Sale ￭ (NK11292) Colombo 7 Rs. 400M 10 4 3500 sqft FOR SALE: Exceptional 10 Perch Colombo 7 Home Colombo 7 Rs. 230M Negotiable 10 7 5320 sqft 07 Bedroom Unfurnished House for Sale in Colombo 07... Colombo 7 Rs. 390M Negotiable 10 4 3500 sqft Ultra Modern 4 Bedroom House Construction in Colombo... Colombo 7 10 5 2932 sqft Super Luxury 5 Bedroom house construction in Colombo... Colombo 7 10 3 2000 sqft 3 Bedroom House Construction in Colombo 7 for Rs. 23.6... Colombo 7 10 5 4000 sqft 32 Perch Land with 5 Bedroom House for Sale in Colombo... Colombo 7 Rs. 768M 10 6 10000 sqft Luxury 6 Bedrooms House For Sale In Colombo 7 In Guildford... Colombo 7 Rs. 800M Negotiable 3 8 7309 sqft Colombo 7 Colonial House for Sale Colombo 7 Rs. 820M Negotiable 10 5 8000 sqft Brand new luxury house for sale in Colombo 7 with swimming... Colombo 7 Rs. 825M Negotiable 10 5 4590 sqft Ultra-Luxury Newly Renovated 5 Bedroom House for Sale... Colombo 7 Rs. 833.48M VIEW ALL PROPERTIES Within Rs. 765M - 935M (6) VIEW ALL PROPERTIES FOR sale in Colombo 7 (145) VIEW ALL PROPERTIES Within 10,000 - 20,000 sq.ft. (17) Next Steps for Buyers Guide to Buying a Property Legal Assistance & Document Preparation Property Valuation Help & Advisory on Buying a Property Get help applying for a Housing Loan Find a House Mover View more There is no place like home Explore everything you need to build and decorate your dream home Visit Website Be the first to know Get instant alerts on newly added Houses for sale in Colombo 7 – your dream property awaits! Subscribe now Create Alert Now Top Searches Houses for sale in Colombo 7 Apartments for sale in Colombo 7 Commercial property for sale in Colombo 7 Bungalows for sale in Colombo 7 Hotels for sale in Colombo 7 Villas for sale in Colombo 7 Studio/Bedsit for sale in Colombo 7 Featured Projects Aarana Boutique Residencies More Details The Elizabeth Colombo 07 More Details Mon Vie More Details Marina Square More Details ASTORIA More Details Altair More Details Property Saved!. Manage Favorite not saved! Try again Favorite removed! Ok Share Save Contact Advertiser Platinum Agent Acquest (Private) Limited Agent View agent's properties Check Availability 94-7656... WHATSAPP EMAIL Share this property Email to a friend Messenger Whatsapp Viber X Linkedin Telegram Copy url More Share Options Acquest (Private) Limited Agent Please enter your details Interested in this property or want more details? Fill out the form below, and the advertiser will get in touch with you shortly! SUBMIT CALL CHAT Report this AD Please select a reason Not a property ad Property not available anymore No such property Incorrect contact details Advertiser unresponsive Unrealistic price Image on ad is not that of property Spam Scam/Fake ad Other Submit Please Enter Your Details To view the seller's number, please enter your name, email and contact number. This will help the seller follow up on your inquiry. Show Phone Number Platinum Agent Acquest (Private) Limited Agent Jannique 94-765666534 Call Now Platinum Agent Acquest (Private) Limited Agent Jannique 94-765666534 WhatsApp Find your favourite properties from the top of the page Click on the star icon to view your favourite ads LankaProperty web - Email property to a friend Send Email Please Enter Your Details To contact the advertiser on whatsapp, please enter your name, email and contact number. This will help the seller follow up on your inquiry. WHATSAPP Navigation Home Sales Rentals Land Featured Projects Ideal Home Post your ad Wanted Find Agent Our Services Market Insights House Price Index Invest Land Price Index Businesses for Sale Home Loan Comparison Property Buying Guide Maps News & Guides Become a Member Login All ads Features & Tools Home Loan Calculator Location Guide Trending Properties Price Meter Top Investment Properties Below Market Value Properties Email Alerts Market Outlook Report ROI Calculator Country Sri Lanka Maldives USA About Help Contact Us About Us Terms and Conditions Privacy Policy Careers Events Follow us on Social Media Subscribe to our newsletter You have successfully signed up for our newsletter Subscribe © Copyright LankaPropertyWeb.com, lpw.lk 2026 | All Rights Reserved × Newsletter You have successfully signed up for our newsletter Close Save Properties in Your Account × View saved properties Keep search history across devices See which properties you have contacted Continue with Google OR Login By registering you accept our Terms & Conditions and our privacy policy ."
https://www.lankapropertyweb.com/sale/property_details-5727153.html,5727153,2026-08-10T10:35:23.647488+00:00,2 Bedroom House Construction in Maharagama for Rs. 14.6 million / Rs. 146 Laks / Construction Cost / (43500USD),"View all > Houses > Apartments > Commercial > Bungalows > Villas > Studio
/ Bedsit > Warehouse > Featured developments for sale > New Beachfront Projects > Newly
built property for sale > Colonial
Houses for sale > Urgent properties for sale > Luxury
Apartments > Mid-range
Apartments > Bungalows
in Nuwara Eliya > Houses
in Battaramulla area > Commercial property for sale
in
Colombo > Hotels for Sale > Warehouses for sale > Brand
new apartment > Beachfront properties for sale > Beachfront Apartments for sale > Below Market Value properties > Sri Lanka House Price Index > Sri Lanka Land Price Index > Guide for
foreigners
buying property > All property for Rent > Houses > Apartments > Commercial > Bungalows > Annexes > Hostels > Villas > Studio
/ Bedsit > Rooms
/ Boarding Places > View All Featured Properties > Warehouses for rent > Newly built property for rent > Urgent properties to let > Short
term rentals > Office spaces in
Colombo > Co-working places > House Prices > Find All Land for Sale or Lease > Bare
Land > Beachfront
Land > Cultivated
/ Agriculture > Land
with House > Tea
Estate Land > Rubber
Estate Land > Coconut
Estate Land > Paddy
(Rice) Land > Cinnamon
Estate Land > Waterfront
Land > Featured Land Projects > Lands
in Nuwara Eliya > Investment Lands
within 1 hour of Colombo > Lands
for less than 1 lakh a perch in Western Province > Cultivation
lands within 1 hour from Colombo > Land
Prices in Greater Colombo > View All New Projects > Featured Projects > Apartment FinderNew > Featured Land Projects > Condo Directory > Property
Valuations > Legal
Assistance > Document
preparation & submission > Mortgage
Advice > Fees
& taxes payment > Personal
Assistance > Other
Services > Market
Research and Advisory > Property
Buying Advisory > Business
Buying or Selling Advisory > Property
Buying Assistance for Foreigners > Advisory on Investing
in Sri Lanka > House
Construction > Packers &
Movers > Solar Panels > Invest Home > Top Investment
Properties > Luxury
Apartments > Mid-range
Apartments > Lands and
Bungalows
in Nuwara Eliya > Houses in
Battaramulla area > Cultivation
lands > Investment Lands
within 1 hour of Colombo > Commercial
property
for sale in Colombo > Hotels for
Sale > ROI calculator > Trending Properties > Top Investment
properties > House Price Index > Land price
index > Home Loan Rates > Home
Loan Calculator > Home
Loan Comparison > Market Insights > Price Meter > Property Buying Guide > Foreign Buyers'
Guide > Capital
Gains Tax > Sri Lanka House Price Index > Sri Lanka Land Price Index > Membership Benefits > Market Outlook Report > News & Guides > View All Wanted Properties > Houses wanted > Apartments wanted > Land wanted > Commercial Buildings > Rooms wanted > Post Your
Ad > View All Agents / Agents
Directory > Promote your
property > Become an Agent > Residential
sales > Letting
Agents > Commercial
property agents > Land Sales > Buyer
& Seller Assistance > Promote
your property > View All
Businesses for
Sale > Real
Estate > Restaurant > Construction > Agriculture > Tech > Hospitality > Business > Manufacturing > Garment-Textile > Services-BPO > Maps of Sri Lanka > Area Guide > Point of
Interests > Property Buying Guide > Foreign Buyers'
Guide > Capital
Gains Tax > Sri Lanka House Price Index > Sri Lanka Land Price Index > Membership Benefits > News & Guides > About us > Careers > Contact Us > Events > FAQs > Ideal Home > Appliances &
Electronics > Furniture > Household items > Solar & Hot Water > Bathrooms > Gardening > Kitchen > Professionals > Flooring > House Construction > Lighting > Service Providers > Other Services > Home > ... > Sales > Colombo District > Maharagama > House > Home > ... > Sales > Colombo District > Maharagama > House","With or Without Land, Maharagama",Rs. 14.6 m,14600000.0,True,House,2,2 Bathrooms,1000 sq.ft.,3,7 perches,Available soon,Unfurnished,1 year,,2.0,2.0,1000.0,7.0,"{""Bathrooms/WCs"": ""2"", ""Car parking spaces"": ""2""}","Villa Construction - Construction Duration 4 months (2 Bedrooms 2 Bathrooms) Build this villa anywhere in Sri Lanka Construction Duration 4 Months With 2 spacious bedrooms and 2 bathrooms, there's plenty of room for your family to grow. The floor area is a whopping 1000 sq ft, giving you ample space for all your needs. Private Pool and Outdoor Entertainment Area Build on your land = Rs.14.6 million (Rs.146Laks) (43500USD) Call or WhatsApp for more information If you are unable to find a land - we can help you Construction Duration 4 Months Get Quote To Build On Your Land Call or WhatsApp for more info"
https://www.lankapropertyweb.com/sale/property_details-5721263.html,5721263,2026-08-10T10:35:26.195945+00:00,Super Luxury 5 Bedroom house in Homagama // Rs. 34.6 million // Rs. 346 Laks (New Construction),"View all > Houses > Apartments > Commercial > Bungalows > Villas > Studio
/ Bedsit > Warehouse > Featured developments for sale > New Beachfront Projects > Newly
built property for sale > Colonial
Houses for sale > Urgent properties for sale > Luxury
Apartments > Mid-range
Apartments > Bungalows
in Nuwara Eliya > Houses
in Battaramulla area > Commercial property for sale
in
Colombo > Hotels for Sale > Warehouses for sale > Brand
new apartment > Beachfront properties for sale > Beachfront Apartments for sale > Below Market Value properties > Sri Lanka House Price Index > Sri Lanka Land Price Index > Guide for
foreigners
buying property > All property for Rent > Houses > Apartments > Commercial > Bungalows > Annexes > Hostels > Villas > Studio
/ Bedsit > Rooms
/ Boarding Places > View All Featured Properties > Warehouses for rent > Newly built property for rent > Urgent properties to let > Short
term rentals > Office spaces in
Colombo > Co-working places > House Prices > Find All Land for Sale or Lease > Bare
Land > Beachfront
Land > Cultivated
/ Agriculture > Land
with House > Tea
Estate Land > Rubber
Estate Land > Coconut
Estate Land > Paddy
(Rice) Land > Cinnamon
Estate Land > Waterfront
Land > Featured Land Projects > Lands
in Nuwara Eliya > Investment Lands
within 1 hour of Colombo > Lands
for less than 1 lakh a perch in Western Province > Cultivation
lands within 1 hour from Colombo > Land
Prices in Greater Colombo > View All New Projects > Featured Projects > Apartment FinderNew > Featured Land Projects > Condo Directory > Property
Valuations > Legal
Assistance > Document
preparation & submission > Mortgage
Advice > Fees
& taxes payment > Personal
Assistance > Other
Services > Market
Research and Advisory > Property
Buying Advisory > Business
Buying or Selling Advisory > Property
Buying Assistance for Foreigners > Advisory on Investing
in Sri Lanka > House
Construction > Packers &
Movers > Solar Panels > Invest Home > Top Investment
Properties > Luxury
Apartments > Mid-range
Apartments > Lands and
Bungalows
in Nuwara Eliya > Houses in
Battaramulla area > Cultivation
lands > Investment Lands
within 1 hour of Colombo > Commercial
property
for sale in Colombo > Hotels for
Sale > ROI calculator > Trending Properties > Top Investment
properties > House Price Index > Land price
index > Home Loan Rates > Home
Loan Calculator > Home
Loan Comparison > Market Insights > Price Meter > Property Buying Guide > Foreign Buyers'
Guide > Capital
Gains Tax > Sri Lanka House Price Index > Sri Lanka Land Price Index > Membership Benefits > Market Outlook Report > News & Guides > View All Wanted Properties > Houses wanted > Apartments wanted > Land wanted > Commercial Buildings > Rooms wanted > Post Your
Ad > View All Agents / Agents
Directory > Promote your
property > Become an Agent > Residential
sales > Letting
Agents > Commercial
property agents > Land Sales > Buyer
& Seller Assistance > Promote
your property > View All
Businesses for
Sale > Real
Estate > Restaurant > Construction > Agriculture > Tech > Hospitality > Business > Manufacturing > Garment-Textile > Services-BPO > Maps of Sri Lanka > Area Guide > Point of
Interests > Property Buying Guide > Foreign Buyers'
Guide > Capital
Gains Tax > Sri Lanka House Price Index > Sri Lanka Land Price Index > Membership Benefits > News & Guides > About us > Careers > Contact Us > Events > FAQs > Ideal Home > Appliances &
Electronics > Furniture > Household items > Solar & Hot Water > Bathrooms > Gardening > Kitchen > Professionals > Flooring > House Construction > Lighting > Service Providers > Other Services > Home > ... > Sales > Colombo District > Homagama > House > Home > ... > Sales > Colombo District > Homagama > House","With or Without Land, Homagama",Rs. 34.6 m,34600000.0,True,House,5,5 Bathrooms,3500 sq.ft.,2,12 perches,Available soon,Unfurnished,1 year,,5.0,5.0,3500.0,12.0,"{""Bathrooms/WCs"": ""5"", ""Car parking spaces"": ""2""}",3500Sq.Ft Ultra Modern House 5 Bedrooms and attached bathrooms Build this house on your land This ultra modern super luxury house - Construction Duration 7 months - On Your Land Exceptional House Consists of 5 Bedrooms and 5 Bathrooms Double Ceiling Height Living Room Maid's room and bathroom Private Pool Outdoor entertainment area Watch the video below for more info Construction Duration 7 Months Call or WhatsApp for more info
https://www.lankapropertyweb.com/sale/property_details-5724628.html,5724628,2026-08-10T10:35:29.620295+00:00,Super Luxury 5 Bedroom house construction in Colombo 7 for Rs. 34.6 million / New Construction / Rs. 346 Laks,"View all > Houses > Apartments > Commercial > Bungalows > Villas > Studio
/ Bedsit > Warehouse > Featured developments for sale > New Beachfront Projects > Newly
built property for sale > Colonial
Houses for sale > Urgent properties for sale > Luxury
Apartments > Mid-range
Apartments > Bungalows
in Nuwara Eliya > Houses
in Battaramulla area > Commercial property for sale
in
Colombo > Hotels for Sale > Warehouses for sale > Brand
new apartment > Beachfront properties for sale > Beachfront Apartments for sale > Below Market Value properties > Sri Lanka House Price Index > Sri Lanka Land Price Index > Guide for
foreigners
buying property > All property for Rent > Houses > Apartments > Commercial > Bungalows > Annexes > Hostels > Villas > Studio
/ Bedsit > Rooms
/ Boarding Places > View All Featured Properties > Warehouses for rent > Newly built property for rent > Urgent properties to let > Short
term rentals > Office spaces in
Colombo > Co-working places > House Prices > Find All Land for Sale or Lease > Bare
Land > Beachfront
Land > Cultivated
/ Agriculture > Land
with House > Tea
Estate Land > Rubber
Estate Land > Coconut
Estate Land > Paddy
(Rice) Land > Cinnamon
Estate Land > Waterfront
Land > Featured Land Projects > Lands
in Nuwara Eliya > Investment Lands
within 1 hour of Colombo > Lands
for less than 1 lakh a perch in Western Province > Cultivation
lands within 1 hour from Colombo > Land
Prices in Greater Colombo > View All New Projects > Featured Projects > Apartment FinderNew > Featured Land Projects > Condo Directory > Property
Valuations > Legal
Assistance > Document
preparation & submission > Mortgage
Advice > Fees
& taxes payment > Personal
Assistance > Other
Services > Market
Research and Advisory > Property
Buying Advisory > Business
Buying or Selling Advisory > Property
Buying Assistance for Foreigners > Advisory on Investing
in Sri Lanka > House
Construction > Packers &
Movers > Solar Panels > Invest Home > Top Investment
Properties > Luxury
Apartments > Mid-range
Apartments > Lands and
Bungalows
in Nuwara Eliya > Houses in
Battaramulla area > Cultivation
lands > Investment Lands
within 1 hour of Colombo > Commercial
property
for sale in Colombo > Hotels for
Sale > ROI calculator > Trending Properties > Top Investment
properties > House Price Index > Land price
index > Home Loan Rates > Home
Loan Calculator > Home
Loan Comparison > Market Insights > Price Meter > Property Buying Guide > Foreign Buyers'
Guide > Capital
Gains Tax > Sri Lanka House Price Index > Sri Lanka Land Price Index > Membership Benefits > Market Outlook Report > News & Guides > View All Wanted Properties > Houses wanted > Apartments wanted > Land wanted > Commercial Buildings > Rooms wanted > Post Your
Ad > View All Agents / Agents
Directory > Promote your
property > Become an Agent > Residential
sales > Letting
Agents > Commercial
property agents > Land Sales > Buyer
& Seller Assistance > Promote
your property > View All
Businesses for
Sale > Real
Estate > Restaurant > Construction > Agriculture > Tech > Hospitality > Business > Manufacturing > Garment-Textile > Services-BPO > Maps of Sri Lanka > Area Guide > Point of
Interests > Property Buying Guide > Foreign Buyers'
Guide > Capital
Gains Tax > Sri Lanka House Price Index > Sri Lanka Land Price Index > Membership Benefits > News & Guides > About us > Careers > Contact Us > Events > FAQs > Ideal Home > Appliances &
Electronics > Furniture > Household items > Solar & Hot Water > Bathrooms > Gardening > Kitchen > Professionals > Flooring > House Construction > Lighting > Service Providers > Other Services > Home > ... > Sales > Colombo District > Colombo 7 > House > Home > ... > Sales > Colombo District > Colombo 7 > House",Colombo 7,Rs. 34.6 m,34600000.0,True,House,5,5 Bathrooms,2932 sq.ft.,2,12 perches,Available soon,Unfurnished,1 year,,5.0,5.0,2932.0,12.0,"{""Bathrooms/WCs"": ""5"", ""Car parking spaces"": ""2""}",2932Sq.Ft Ultra Modern House 5 Bedrooms and attached bathrooms Build this house on your land Cant find a land - let us help you (Call or WhatsApp) This ultra modern super luxury house - Construction Duration 9 months - On Your Land Exceptional House Consists of 5 Bedrooms and 5 Bathrooms Double Ceiling Height Living Room Maid's room and bathroom Private Pool Outdoor entertainment area Watch the video below for more info Construction Duration 7 Months Call or WhatsApp for more info
https://www.lankapropertyweb.com/sale/property_details-5863348.html,5863348,2026-08-10T10:35:32.702522+00:00,Exclusive Living & Prime Commercial Opportunity Near BIA - Katunayake (LKR 85 Million),"View all > Houses > Apartments > Commercial > Bungalows > Villas > Studio
/ Bedsit > Warehouse > Featured developments for sale > New Beachfront Projects > Newly
built property for sale > Colonial
Houses for sale > Urgent properties for sale > Luxury
Apartments > Mid-range
Apartments > Bungalows
in Nuwara Eliya > Houses
in Battaramulla area > Commercial property for sale
in
Colombo > Hotels for Sale > Warehouses for sale > Brand
new apartment > Beachfront properties for sale > Beachfront Apartments for sale > Below Market Value properties > Sri Lanka House Price Index > Sri Lanka Land Price Index > Guide for
foreigners
buying property > All property for Rent > Houses > Apartments > Commercial > Bungalows > Annexes > Hostels > Villas > Studio
/ Bedsit > Rooms
/ Boarding Places > View All Featured Properties > Warehouses for rent > Newly built property for rent > Urgent properties to let > Short
term rentals > Office spaces in
Colombo > Co-working places > House Prices > Find All Land for Sale or Lease > Bare
Land > Beachfront
Land > Cultivated
/ Agriculture > Land
with House > Tea
Estate Land > Rubber
Estate Land > Coconut
Estate Land > Paddy
(Rice) Land > Cinnamon
Estate Land > Waterfront
Land > Featured Land Projects > Lands
in Nuwara Eliya > Investment Lands
within 1 hour of Colombo > Lands
for less than 1 lakh a perch in Western Province > Cultivation
lands within 1 hour from Colombo > Land
Prices in Greater Colombo > View All New Projects > Featured Projects > Apartment FinderNew > Featured Land Projects > Condo Directory > Property
Valuations > Legal
Assistance > Document
preparation & submission > Mortgage
Advice > Fees
& taxes payment > Personal
Assistance > Other
Services > Market
Research and Advisory > Property
Buying Advisory > Business
Buying or Selling Advisory > Property
Buying Assistance for Foreigners > Advisory on Investing
in Sri Lanka > House
Construction > Packers &
Movers > Solar Panels > Invest Home > Top Investment
Properties > Luxury
Apartments > Mid-range
Apartments > Lands and
Bungalows
in Nuwara Eliya > Houses in
Battaramulla area > Cultivation
lands > Investment Lands
within 1 hour of Colombo > Commercial
property
for sale in Colombo > Hotels for
Sale > ROI calculator > Trending Properties > Top Investment
properties > House Price Index > Land price
index > Home Loan Rates > Home
Loan Calculator > Home
Loan Comparison > Market Insights > Price Meter > Property Buying Guide > Foreign Buyers'
Guide > Capital
Gains Tax > Sri Lanka House Price Index > Sri Lanka Land Price Index > Membership Benefits > Market Outlook Report > News & Guides > View All Wanted Properties > Houses wanted > Apartments wanted > Land wanted > Commercial Buildings > Rooms wanted > Post Your
Ad > View All Agents / Agents
Directory > Promote your
property > Become an Agent > Residential
sales > Letting
Agents > Commercial
property agents > Land Sales > Buyer
& Seller Assistance > Promote
your property > View All
Businesses for
Sale > Real
Estate > Restaurant > Construction > Agriculture > Tech > Hospitality > Business > Manufacturing > Garment-Textile > Services-BPO > Maps of Sri Lanka > Area Guide > Point of
Interests > Property Buying Guide > Foreign Buyers'
Guide > Capital
Gains Tax > Sri Lanka House Price Index > Sri Lanka Land Price Index > Membership Benefits > News & Guides > About us > Careers > Contact Us > Events > FAQs > Ideal Home > Appliances &
Electronics > Furniture > Household items > Solar & Hot Water > Bathrooms > Gardening > Kitchen > Professionals > Flooring > House Construction > Lighting > Service Providers > Other Services > Home > ... > Sales > Gampaha District > Katunayake > House > Home > ... > Sales > Gampaha District > Katunayake > House","Seeduwa, Katunayake","Rs. 85,000,000


















",85000000.0,True,House,4,,2575 sq.ft.,2,14 perches,Available Now,,,,4.0,,2575.0,14.0,"{""Bathrooms/WCs"": ""2"", ""Agent Ref"": ""HS-005S"", ""Car parking spaces"": ""2""}","Exclusive Luxury Living Close to BIA - House for Sale in Seeduwa-Katunayake... Don't miss this opportunity to acquire a spacious, modern, and highly accessible residence. This property is uniquely positioned for success, making it perfect for commercial use (e.g., boutique hotel, office) or a comfortable family home for professionals and frequent travelers. Property Highlights... - Land Extent : 14 Perches - Floor Area : 2,575 sqft - Bedrooms : 4 Rooms - Bathrooms : 2 Nos - Parking : 2 Vehicles - Access : Negombo-Colombo Main Road Key Features & Amenities... This home is designed for comfort, luxury, and functionality, featuring: - Spacious Living and Dining areas - Modern Pantry - Dedicated TV Lounge - Balconies offering views and fresh air - Well-maintained Garden space - Air Conditioning (AC) - Hot Water system - Solar power system - Maids' Room and Washroom Prime Location & Connectivity... Enjoy exceptional convenience with major landmarks just minutes away: - 3 km to Bandaranaike International Airport (BIA) - 5 km to the iconic Miracle Dome, Katunayake - Excellent access to the Colombo-Katunayake Expressway (E03) - Quick and easy drive to Negombo Town Expected Price: LKR 85 Million The price is negotiable for a quick cash sale or nearest genuine offer. Contact Us... For more information, or to schedule a private viewing of this stunning property, please contact: Nadee Jayasinghe - Your Trusted Partner in Real Estate Agent's Ref # HS-005S"
https://www.lankapropertyweb.com/sale/property_details-5934245.html,5934245,2026-08-10T10:35:35.589392+00:00,(BH27) Luxury Two Storey House for Sale in Wattala,"View all > Houses > Apartments > Commercial > Bungalows > Villas > Studio
/ Bedsit > Warehouse > Featured developments for sale > New Beachfront Projects > Newly
built property for sale > Colonial
Houses for sale > Urgent properties for sale > Luxury
Apartments > Mid-range
Apartments > Bungalows
in Nuwara Eliya > Houses
in Battaramulla area > Commercial property for sale
in
Colombo > Hotels for Sale > Warehouses for sale > Brand
new apartment > Beachfront properties for sale > Beachfront Apartments for sale > Below Market Value properties > Sri Lanka House Price Index > Sri Lanka Land Price Index > Guide for
foreigners
buying property > All property for Rent > Houses > Apartments > Commercial > Bungalows > Annexes > Hostels > Villas > Studio
/ Bedsit > Rooms
/ Boarding Places > View All Featured Properties > Warehouses for rent > Newly built property for rent > Urgent properties to let > Short
term rentals > Office spaces in
Colombo > Co-working places > House Prices > Find All Land for Sale or Lease > Bare
Land > Beachfront
Land > Cultivated
/ Agriculture > Land
with House > Tea
Estate Land > Rubber
Estate Land > Coconut
Estate Land > Paddy
(Rice) Land > Cinnamon
Estate Land > Waterfront
Land > Featured Land Projects > Lands
in Nuwara Eliya > Investment Lands
within 1 hour of Colombo > Lands
for less than 1 lakh a perch in Western Province > Cultivation
lands within 1 hour from Colombo > Land
Prices in Greater Colombo > View All New Projects > Featured Projects > Apartment FinderNew > Featured Land Projects > Condo Directory > Property
Valuations > Legal
Assistance > Document
preparation & submission > Mortgage
Advice > Fees
& taxes payment > Personal
Assistance > Other
Services > Market
Research and Advisory > Property
Buying Advisory > Business
Buying or Selling Advisory > Property
Buying Assistance for Foreigners > Advisory on Investing
in Sri Lanka > House
Construction > Packers &
Movers > Solar Panels > Invest Home > Top Investment
Properties > Luxury
Apartments > Mid-range
Apartments > Lands and
Bungalows
in Nuwara Eliya > Houses in
Battaramulla area > Cultivation
lands > Investment Lands
within 1 hour of Colombo > Commercial
property
for sale in Colombo > Hotels for
Sale > ROI calculator > Trending Properties > Top Investment
properties > House Price Index > Land price
index > Home Loan Rates > Home
Loan Calculator > Home
Loan Comparison > Market Insights > Price Meter > Property Buying Guide > Foreign Buyers'
Guide > Capital
Gains Tax > Sri Lanka House Price Index > Sri Lanka Land Price Index > Membership Benefits > Market Outlook Report > News & Guides > View All Wanted Properties > Houses wanted > Apartments wanted > Land wanted > Commercial Buildings > Rooms wanted > Post Your
Ad > View All Agents / Agents
Directory > Promote your
property > Become an Agent > Residential
sales > Letting
Agents > Commercial
property agents > Land Sales > Buyer
& Seller Assistance > Promote
your property > View All
Businesses for
Sale > Real
Estate > Restaurant > Construction > Agriculture > Tech > Hospitality > Business > Manufacturing > Garment-Textile > Services-BPO > Maps of Sri Lanka > Area Guide > Point of
Interests > Property Buying Guide > Foreign Buyers'
Guide > Capital
Gains Tax > Sri Lanka House Price Index > Sri Lanka Land Price Index > Membership Benefits > News & Guides > About us > Careers > Contact Us > Events > FAQs > Ideal Home > Appliances &
Electronics > Furniture > Household items > Solar & Hot Water > Bathrooms > Gardening > Kitchen > Professionals > Flooring > House Construction > Lighting > Service Providers > Other Services > Home > ... > Sales > Gampaha District > Wattala > House > Home > ... > Sales > Gampaha District > Wattala > House",Wattala,"Rs. 93,000,000


















",93000000.0,True,House,4,2 bathrooms,5600 sq.ft.,,18.2 perches,Available Now,,,,4.0,2.0,5600.0,18.2,"{""Bathrooms/WCs"": ""2"", ""Agent Ref"": ""BH27""}","• Luxury two storey house located in a peaceful and highly residential area in Wattala with wide road access, offering spacious modern living. ◉ Property Features ➤ Two storey house ➤ 4 bedrooms ➤ 2 bathrooms ➤ Living area ➤ Dining area ➤ TV lobby ➤ Kitchen with pantry ◉ Amenities ➤ Air conditioned ➤ Ceiling fans ➤ Tiled floors ➤ Balconies ➤ Wall cupboards ➤ Garden space ➤ Parking spaces ➤ Roller gate & wicket gate ➤ Boundary wall ➤ Water & electricity ➤ Finished roof ➤ Clear deed ➤ 20 ft wide road access ★ Close Areas - ★ 300 m walking distance to Negombo Road ★ Close to international schools, hospitals, banks & supermarkets ★ All infrastructure perfectly available including waste collection service ★ No legal or financial issues associated with the property ⇨ Feel free to call for an appointment or for More information Contact PEO Land Real Estate (Pvt) Ltd GENUINE BUYERS ONLY *NO BROKERS* (බ්‍රෝකර්වරු ඇමතීමෙන් වලකින්න) Social Media : Facebook | YouTube | WhatsApp| Instagram | Tiktok| peolands.com| Peo Land Real Estate (Pvt) Ltd"
https://www.lankapropertyweb.com/sale/property_details-5934248.html,5934248,2026-08-10T10:35:39.476152+00:00,"(BH57) Two Storey House for Sale in Hunupitiya, Wattala","View all > Houses > Apartments > Commercial > Bungalows > Villas > Studio
/ Bedsit > Warehouse > Featured developments for sale > New Beachfront Projects > Newly
built property for sale > Colonial
Houses for sale > Urgent properties for sale > Luxury
Apartments > Mid-range
Apartments > Bungalows
in Nuwara Eliya > Houses
in Battaramulla area > Commercial property for sale
in
Colombo > Hotels for Sale > Warehouses for sale > Brand
new apartment > Beachfront properties for sale > Beachfront Apartments for sale > Below Market Value properties > Sri Lanka House Price Index > Sri Lanka Land Price Index > Guide for
foreigners
buying property > All property for Rent > Houses > Apartments > Commercial > Bungalows > Annexes > Hostels > Villas > Studio
/ Bedsit > Rooms
/ Boarding Places > View All Featured Properties > Warehouses for rent > Newly built property for rent > Urgent properties to let > Short
term rentals > Office spaces in
Colombo > Co-working places > House Prices > Find All Land for Sale or Lease > Bare
Land > Beachfront
Land > Cultivated
/ Agriculture > Land
with House > Tea
Estate Land > Rubber
Estate Land > Coconut
Estate Land > Paddy
(Rice) Land > Cinnamon
Estate Land > Waterfront
Land > Featured Land Projects > Lands
in Nuwara Eliya > Investment Lands
within 1 hour of Colombo > Lands
for less than 1 lakh a perch in Western Province > Cultivation
lands within 1 hour from Colombo > Land
Prices in Greater Colombo > View All New Projects > Featured Projects > Apartment FinderNew > Featured Land Projects > Condo Directory > Property
Valuations > Legal
Assistance > Document
preparation & submission > Mortgage
Advice > Fees
& taxes payment > Personal
Assistance > Other
Services > Market
Research and Advisory > Property
Buying Advisory > Business
Buying or Selling Advisory > Property
Buying Assistance for Foreigners > Advisory on Investing
in Sri Lanka > House
Construction > Packers &
Movers > Solar Panels > Invest Home > Top Investment
Properties > Luxury
Apartments > Mid-range
Apartments > Lands and
Bungalows
in Nuwara Eliya > Houses in
Battaramulla area > Cultivation
lands > Investment Lands
within 1 hour of Colombo > Commercial
property
for sale in Colombo > Hotels for
Sale > ROI calculator > Trending Properties > Top Investment
properties > House Price Index > Land price
index > Home Loan Rates > Home
Loan Calculator > Home
Loan Comparison > Market Insights > Price Meter > Property Buying Guide > Foreign Buyers'
Guide > Capital
Gains Tax > Sri Lanka House Price Index > Sri Lanka Land Price Index > Membership Benefits > Market Outlook Report > News & Guides > View All Wanted Properties > Houses wanted > Apartments wanted > Land wanted > Commercial Buildings > Rooms wanted > Post Your
Ad > View All Agents / Agents
Directory > Promote your
property > Become an Agent > Residential
sales > Letting
Agents > Commercial
property agents > Land Sales > Buyer
& Seller Assistance > Promote
your property > View All
Businesses for
Sale > Real
Estate > Restaurant > Construction > Agriculture > Tech > Hospitality > Business > Manufacturing > Garment-Textile > Services-BPO > Maps of Sri Lanka > Area Guide > Point of
Interests > Property Buying Guide > Foreign Buyers'
Guide > Capital
Gains Tax > Sri Lanka House Price Index > Sri Lanka Land Price Index > Membership Benefits > News & Guides > About us > Careers > Contact Us > Events > FAQs > Ideal Home > Appliances &
Electronics > Furniture > Household items > Solar & Hot Water > Bathrooms > Gardening > Kitchen > Professionals > Flooring > House Construction > Lighting > Service Providers > Other Services > Home > ... > Sales > Gampaha District > Wattala > House > Home > ... > Sales > Gampaha District > Wattala > House",Wattala,"Rs. 35,000,000


















",35000000.0,True,House,4,1 bathroom,2420 sq.ft.,,11.25 perches,Available Now,,,,4.0,1.0,2420.0,11.25,"{""Bathrooms/WCs"": ""2"", ""Agent Ref"": ""BH57""}","• Two storey house located on Padiliyathuduwa Road, Hunupitiya, Wattala, offering separate functional spaces and suitable for family living. ◉ Property Features ➤ Two storey house ➤ Ground floor ➤ 1 bedroom ➤ Living area ➤ Dining area ➤ Kitchen ➤ 1 bathroom ➤ Office space ➤ Store room ➤ First floor ➤ 3 bedrooms (2 A/C) ➤ 1 bathroom with hot water ➤ Living area ➤ Dining area ➤ Kitchen with teak pantry ➤ Separate small outside kitchen ◉ Amenities ➤ Parking space for 2 vehicles ➤ Additional store room ➤ Solar system (first floor) ★ Close Areas - ★ Close to supermarkets, banks, schools & essential facilities ★ All infrastructure perfectly available including waste collection service ★ No legal or financial issues associated with the property ⇨ Feel free to call for an appointment or for More information Contact PEO Land Real Estate (Pvt) Ltd GENUINE BUYERS ONLY *NO BROKERS* (බ්‍රෝකර්වරු ඇමතීමෙන් වලකින්න) Social Media : Facebook | YouTube | WhatsApp| Instagram | Tiktok| peolands.com| PEO Land Real Estate (Pvt) Ltd"
https://www.lankapropertyweb.com/sale/property_details-5934239.html,5934239,2026-08-10T10:35:43.176992+00:00,(KH726) House for Sale in Udugampola,"View all > Houses > Apartments > Commercial > Bungalows > Villas > Studio
/ Bedsit > Warehouse > Featured developments for sale > New Beachfront Projects > Newly
built property for sale > Colonial
Houses for sale > Urgent properties for sale > Luxury
Apartments > Mid-range
Apartments > Bungalows
in Nuwara Eliya > Houses
in Battaramulla area > Commercial property for sale
in
Colombo > Hotels for Sale > Warehouses for sale > Brand
new apartment > Beachfront properties for sale > Beachfront Apartments for sale > Below Market Value properties > Sri Lanka House Price Index > Sri Lanka Land Price Index > Guide for
foreigners
buying property > All property for Rent > Houses > Apartments > Commercial > Bungalows > Annexes > Hostels > Villas > Studio
/ Bedsit > Rooms
/ Boarding Places > View All Featured Properties > Warehouses for rent > Newly built property for rent > Urgent properties to let > Short
term rentals > Office spaces in
Colombo > Co-working places > House Prices > Find All Land for Sale or Lease > Bare
Land > Beachfront
Land > Cultivated
/ Agriculture > Land
with House > Tea
Estate Land > Rubber
Estate Land > Coconut
Estate Land > Paddy
(Rice) Land > Cinnamon
Estate Land > Waterfront
Land > Featured Land Projects > Lands
in Nuwara Eliya > Investment Lands
within 1 hour of Colombo > Lands
for less than 1 lakh a perch in Western Province > Cultivation
lands within 1 hour from Colombo > Land
Prices in Greater Colombo > View All New Projects > Featured Projects > Apartment FinderNew > Featured Land Projects > Condo Directory > Property
Valuations > Legal
Assistance > Document
preparation & submission > Mortgage
Advice > Fees
& taxes payment > Personal
Assistance > Other
Services > Market
Research and Advisory > Property
Buying Advisory > Business
Buying or Selling Advisory > Property
Buying Assistance for Foreigners > Advisory on Investing
in Sri Lanka > House
Construction > Packers &
Movers > Solar Panels > Invest Home > Top Investment
Properties > Luxury
Apartments > Mid-range
Apartments > Lands and
Bungalows
in Nuwara Eliya > Houses in
Battaramulla area > Cultivation
lands > Investment Lands
within 1 hour of Colombo > Commercial
property
for sale in Colombo > Hotels for
Sale > ROI calculator > Trending Properties > Top Investment
properties > House Price Index > Land price
index > Home Loan Rates > Home
Loan Calculator > Home
Loan Comparison > Market Insights > Price Meter > Property Buying Guide > Foreign Buyers'
Guide > Capital
Gains Tax > Sri Lanka House Price Index > Sri Lanka Land Price Index > Membership Benefits > Market Outlook Report > News & Guides > View All Wanted Properties > Houses wanted > Apartments wanted > Land wanted > Commercial Buildings > Rooms wanted > Post Your
Ad > View All Agents / Agents
Directory > Promote your
property > Become an Agent > Residential
sales > Letting
Agents > Commercial
property agents > Land Sales > Buyer
& Seller Assistance > Promote
your property > View All
Businesses for
Sale > Real
Estate > Restaurant > Construction > Agriculture > Tech > Hospitality > Business > Manufacturing > Garment-Textile > Services-BPO > Maps of Sri Lanka > Area Guide > Point of
Interests > Property Buying Guide > Foreign Buyers'
Guide > Capital
Gains Tax > Sri Lanka House Price Index > Sri Lanka Land Price Index > Membership Benefits > News & Guides > About us > Careers > Contact Us > Events > FAQs > Ideal Home > Appliances &
Electronics > Furniture > Household items > Solar & Hot Water > Bathrooms > Gardening > Kitchen > Professionals > Flooring > House Construction > Lighting > Service Providers > Other Services > Home > ... > Sales > Gampaha District > Gampaha > House > Home > ... > Sales > Gampaha District > Gampaha > House",Gampaha,"Rs. 15,500,000


















",15500000.0,True,House,2,1 Bathroom,1100 sq.ft.,,25 perches,Available Now,,,,2.0,1.0,1100.0,25.0,"{""Bathrooms/WCs"": ""1"", ""Agent Ref"": ""KH726""}","￭ House for Sale in Udugampola, Gampaha ￭ Peaceful Surrounding & Exclusive Neighborhood ￭ Ideal for Comfortable Family Living ￭ Spacious Land with Garden Area ◉ Property Features ➤ 2 Bedrooms ➤ 1 Bathroom ➤ Living Area ➤ Dining Area ➤ Kitchen ◉ Amenities ➤ Tiled Floors ➤ Parking Spaces ➤ Wicket Gate ➤ Ceiling ➤ Water & Electricity ➤ Garden Space ➤ CCTV Camera ➤ Surrounded Wall ➤ Clear Deed ➤ Veranda Viewings can be arranged by prior appointment only ◉ Close Areas ➤ Udugampola - Gampaha Road – 300 m ➤ Gampaha Town – 4.6 Km ➤ Minuwangoda Town – 7.2 Km ➤ Katunayaka Highway – 30 Minutes ★ Close to International Schools, Hospitals, Banks & Super Markets. ★ All infrastructure perfectly available including waste collection service. ★ There is no legal or financial issues associated with the property. ★ Excellent residential and investment opportunity. ⇨ Feel free to call for an appointment or for More information Contact PEO Land Real Estate (Pvt) Ltd GENUINE BUYERS ONLY *NO BROKERS* (බ්‍රෝකර්වරු ඇමතීමෙන් වලකින්න) Social Media : Facebook | YouTube | WhatsApp | Instagram | Tiktok | peolands.com | Peo Land Real Estate (Pvt) Ltd"
https://www.lankapropertyweb.com/sale/property_details-5791002.html,5791002,2026-08-10T10:35:45.676724+00:00,5 Bedroom under construction house for sale in Maharagama for Rs. 21 Million,"View all > Houses > Apartments > Commercial > Bungalows > Villas > Studio
/ Bedsit > Warehouse > Featured developments for sale > New Beachfront Projects > Newly
built property for sale > Colonial
Houses for sale > Urgent properties for sale > Luxury
Apartments > Mid-range
Apartments > Bungalows
in Nuwara Eliya > Houses
in Battaramulla area > Commercial property for sale
in
Colombo > Hotels for Sale > Warehouses for sale > Brand
new apartment > Beachfront properties for sale > Beachfront Apartments for sale > Below Market Value properties > Sri Lanka House Price Index > Sri Lanka Land Price Index > Guide for
foreigners
buying property > All property for Rent > Houses > Apartments > Commercial > Bungalows > Annexes > Hostels > Villas > Studio
/ Bedsit > Rooms
/ Boarding Places > View All Featured Properties > Warehouses for rent > Newly built property for rent > Urgent properties to let > Short
term rentals > Office spaces in
Colombo > Co-working places > House Prices > Find All Land for Sale or Lease > Bare
Land > Beachfront
Land > Cultivated
/ Agriculture > Land
with House > Tea
Estate Land > Rubber
Estate Land > Coconut
Estate Land > Paddy
(Rice) Land > Cinnamon
Estate Land > Waterfront
Land > Featured Land Projects > Lands
in Nuwara Eliya > Investment Lands
within 1 hour of Colombo > Lands
for less than 1 lakh a perch in Western Province > Cultivation
lands within 1 hour from Colombo > Land
Prices in Greater Colombo > View All New Projects > Featured Projects > Apartment FinderNew > Featured Land Projects > Condo Directory > Property
Valuations > Legal
Assistance > Document
preparation & submission > Mortgage
Advice > Fees
& taxes payment > Personal
Assistance > Other
Services > Market
Research and Advisory > Property
Buying Advisory > Business
Buying or Selling Advisory > Property
Buying Assistance for Foreigners > Advisory on Investing
in Sri Lanka > House
Construction > Packers &
Movers > Solar Panels > Invest Home > Top Investment
Properties > Luxury
Apartments > Mid-range
Apartments > Lands and
Bungalows
in Nuwara Eliya > Houses in
Battaramulla area > Cultivation
lands > Investment Lands
within 1 hour of Colombo > Commercial
property
for sale in Colombo > Hotels for
Sale > ROI calculator > Trending Properties > Top Investment
properties > House Price Index > Land price
index > Home Loan Rates > Home
Loan Calculator > Home
Loan Comparison > Market Insights > Price Meter > Property Buying Guide > Foreign Buyers'
Guide > Capital
Gains Tax > Sri Lanka House Price Index > Sri Lanka Land Price Index > Membership Benefits > Market Outlook Report > News & Guides > View All Wanted Properties > Houses wanted > Apartments wanted > Land wanted > Commercial Buildings > Rooms wanted > Post Your
Ad > View All Agents / Agents
Directory > Promote your
property > Become an Agent > Residential
sales > Letting
Agents > Commercial
property agents > Land Sales > Buyer
& Seller Assistance > Promote
your property > View All
Businesses for
Sale > Real
Estate > Restaurant > Construction > Agriculture > Tech > Hospitality > Business > Manufacturing > Garment-Textile > Services-BPO > Maps of Sri Lanka > Area Guide > Point of
Interests > Property Buying Guide > Foreign Buyers'
Guide > Capital
Gains Tax > Sri Lanka House Price Index > Sri Lanka Land Price Index > Membership Benefits > News & Guides > About us > Careers > Contact Us > Events > FAQs > Ideal Home > Appliances &
Electronics > Furniture > Household items > Solar & Hot Water > Bathrooms > Gardening > Kitchen > Professionals > Flooring > House Construction > Lighting > Service Providers > Other Services > Home > ... > Sales > Colombo District > Maharagama > House > Home > ... > Sales > Colombo District > Maharagama > House",Maharagama,Rs. 21 M,21000000.0,True,House,5,,3283.56 sq.ft.,,,Available Now,Unfurnished,,,5.0,,3283.56,,"{""Bathrooms/WCs"": ""4"", ""Agent Ref"": ""5BRh-MRG""}","🏡 Brand-New Under-Construction Home for Sale in Maharagama! 🏡 Ready to move into your dream home? This under-construction house is nearly complete and already has water and electricity connections! 📍 Prime Location Near Essentials: Maharagama Clock Tower – 2 km 341 Road (Maharagama-Piliyandala) – 1 km 119 Bus Route (Dehiwala-Maharagama) – 1.5 km 120 Bus Route (Werahera Junction) – 2 km Sri Jayewardenepura University – 3.9 km Nearby Supermarkets (Keells & Food City) House Layout: Ground Floor: Bedroom, spacious living area, kitchen, bathroom, plus extra space at the back for a servant room and toilet. 1st Floor: Master bedroom with balcony, attached bathroom, closet, TV lounge, and additional bedroom and bathroom. 2nd Floor: Two bedrooms with balconies and a shared bathroom. 🌿 Small garden area and parking space for 1 vehicle – ideal for family living. Located in a peaceful area with reputable neighbors and quick access to all main routes. Don’t miss out! Contact us for more information and a tour! #MaharagamaRealEstate #DreamHome 🏡 මහරගම නගරයට ආසන්නයෙන්ම ඉදිකරමින් පවතින නව නිවසක් – විකිණීමට! 🏡 ඔබගේ සිහින නිවස මෙන්න! නිවාස ගොඩනැගීමේ කටයුතු සිදුවෙමින් පවතින මෙම නිවසෙහි ජලය සහ විදුලිය පහසුකම් පවතී. 📍 අත්‍යාවශ්‍ය ස්ථාන සමීපයෙන්: මහරගම ඔරලෝසු කණුව අසලට – 2 km 341 මාර්ගයට (මහරගම-පිළියන්දල) – 1 km 119 බස් මාර්ගයට (දෙහිවල-මහරගම) – 1.5 km 120 බස් මාර්ගයට (වෙරහැර හන්දිය) – 2 km ශ්‍රී ජයවර්ධනපුර විශ්වවිද්‍යාලයට – 3.9 km බිම් මහල: නිදන කාමරයක්, විශාල විසිත්ත කාමරය, මුළුතැන්ගෙය, නාන කාමරයක් සහ සේවක කාමරයකට සහ වැසිකිළියකට පසුපස ඉඩ ප්‍රමාණයක්. 1වන මහල: බැල්කනිය සමග ප්‍රධාන නිදන කාමරය, යාබද නාන කාමරය, ඇඳුම් කාමරය (closet), ටීවී ලොබි (TV lounge) සහ අමතර නිදන කාමරයක්. 2වන මහල: බැල්කනිය සමග නිදන කාමර 2ක් සහ එක් නාන කාමරයක්. 🌿 කුඩා වත්තක් සහ වාහන එකක් නැවතිය හැකි ඉඩකඩ – පවුල් ජීවිතයට ඉතාම සුදුසුයි! මිත්‍රශීලි අසල්වැසියන් සහ නිහඩ පරිසරය සහිත නිවස ඔබේ සිහින නිවහන බවට පත් කරගන්න! වැඩි විස්තර සඳහා දැන් අමතන්න."
https://www.lankapropertyweb.com/sale/property_details-5934238.html,5934238,2026-08-10T10:35:49.280691+00:00,(KH911) Two Storey 5 Bedroom House for Sale in Negombo,"View all > Houses > Apartments > Commercial > Bungalows > Villas > Studio
/ Bedsit > Warehouse > Featured developments for sale > New Beachfront Projects > Newly
built property for sale > Colonial
Houses for sale > Urgent properties for sale > Luxury
Apartments > Mid-range
Apartments > Bungalows
in Nuwara Eliya > Houses
in Battaramulla area > Commercial property for sale
in
Colombo > Hotels for Sale > Warehouses for sale > Brand
new apartment > Beachfront properties for sale > Beachfront Apartments for sale > Below Market Value properties > Sri Lanka House Price Index > Sri Lanka Land Price Index > Guide for
foreigners
buying property > All property for Rent > Houses > Apartments > Commercial > Bungalows > Annexes > Hostels > Villas > Studio
/ Bedsit > Rooms
/ Boarding Places > View All Featured Properties > Warehouses for rent > Newly built property for rent > Urgent properties to let > Short
term rentals > Office spaces in
Colombo > Co-working places > House Prices > Find All Land for Sale or Lease > Bare
Land > Beachfront
Land > Cultivated
/ Agriculture > Land
with House > Tea
Estate Land > Rubber
Estate Land > Coconut
Estate Land > Paddy
(Rice) Land > Cinnamon
Estate Land > Waterfront
Land > Featured Land Projects > Lands
in Nuwara Eliya > Investment Lands
within 1 hour of Colombo > Lands
for less than 1 lakh a perch in Western Province > Cultivation
lands within 1 hour from Colombo > Land
Prices in Greater Colombo > View All New Projects > Featured Projects > Apartment FinderNew > Featured Land Projects > Condo Directory > Property
Valuations > Legal
Assistance > Document
preparation & submission > Mortgage
Advice > Fees
& taxes payment > Personal
Assistance > Other
Services > Market
Research and Advisory > Property
Buying Advisory > Business
Buying or Selling Advisory > Property
Buying Assistance for Foreigners > Advisory on Investing
in Sri Lanka > House
Construction > Packers &
Movers > Solar Panels > Invest Home > Top Investment
Properties > Luxury
Apartments > Mid-range
Apartments > Lands and
Bungalows
in Nuwara Eliya > Houses in
Battaramulla area > Cultivation
lands > Investment Lands
within 1 hour of Colombo > Commercial
property
for sale in Colombo > Hotels for
Sale > ROI calculator > Trending Properties > Top Investment
properties > House Price Index > Land price
index > Home Loan Rates > Home
Loan Calculator > Home
Loan Comparison > Market Insights > Price Meter > Property Buying Guide > Foreign Buyers'
Guide > Capital
Gains Tax > Sri Lanka House Price Index > Sri Lanka Land Price Index > Membership Benefits > Market Outlook Report > News & Guides > View All Wanted Properties > Houses wanted > Apartments wanted > Land wanted > Commercial Buildings > Rooms wanted > Post Your
Ad > View All Agents / Agents
Directory > Promote your
property > Become an Agent > Residential
sales > Letting
Agents > Commercial
property agents > Land Sales > Buyer
& Seller Assistance > Promote
your property > View All
Businesses for
Sale > Real
Estate > Restaurant > Construction > Agriculture > Tech > Hospitality > Business > Manufacturing > Garment-Textile > Services-BPO > Maps of Sri Lanka > Area Guide > Point of
Interests > Property Buying Guide > Foreign Buyers'
Guide > Capital
Gains Tax > Sri Lanka House Price Index > Sri Lanka Land Price Index > Membership Benefits > News & Guides > About us > Careers > Contact Us > Events > FAQs > Ideal Home > Appliances &
Electronics > Furniture > Household items > Solar & Hot Water > Bathrooms > Gardening > Kitchen > Professionals > Flooring > House Construction > Lighting > Service Providers > Other Services > Home > ... > Sales > Gampaha District > Negombo > House > Home > ... > Sales > Gampaha District > Negombo > House",Negombo,"Rs. 42,500,000


















",42500000.0,True,House,5,2 Bathrooms,2750 sq.ft.,,16 perches,Available Now,,,,5.0,2.0,2750.0,16.0,"{""Bathrooms/WCs"": ""2"", ""Agent Ref"": ""KH911""}","• Spacious two storey house with rooftop located in Katuwapitiya, Negombo. Built on a valuable 16 perch land with a 25ft wide access road, this property offers generous living spaces and excellent accessibility to schools, hospitals, supermarkets and the airport. Ideal for comfortable family living or long-term investment. ◉ Property Features ➤ Two Storey House ➤ Rooftop Terrace ➤ 5 Bedrooms ➤ 2 Bathrooms ➤ 2750 Sqft Floor Area ➤ 16 Perch Land ➤ 2 Spacious Living Areas ➤ Dining Area ➤ Kitchen with Pantry Cupboards ➤ Additional Outdoor Kitchen ➤ Balconies ➤ Veranda ➤ Fully Tiled House ➤ Ceiling Finished House ➤ Garden Space ➤ 2 Coconut Trees ➤ Parking Space ➤ Surrounded by Boundary Wall ➤ 2 Entrance Gates ◉ Amenities ➤ Hot Water Facilities ➤ Main Line Water ➤ Electricity ➤ Landline Telephone Connection ➤ 25 Feet Wide Access Road ➤ Parking Facilities ➤ Good Residential Environment ➤ Easy Accessibility ★ Close Areas - ★ Colombo - Chilaw Main Road - Walking Distance ★ Katuwapitiya Church - Walking Distance ★ Agurukaramulla Temple - Walking Distance ★ Negombo Town Nearby ★ Negombo Bus Stand Nearby ★ Negombo Railway Station Nearby ★ Bandaranaike International Airport - 8 Km ★ BOI Zone - 8 Km ★ Maris Stella College Nearby ★ Harischandra National College Nearby ★ Loyola College Nearby ★ St. Joseph's College Nearby ★ Gateway College Nearby ★ Nawaloka Hospital Nearby ★ Negombo General Hospital Nearby ★ Ave Maria Hospital Nearby ★ Close to Super Markets, Banks & Pharmacies ★ All infrastructure perfectly available including waste collection service. ★ Clear Deeds & Local Authority Approvals Available ★ No legal issues associated with the property. ⇨ Feel free to call for an appointment or for More information Contact PEO Lands Real Estate (Pvt) Ltd GENUINE BUYERS ONLY *NO BROKERS* (බ්‍රෝකර්වරු ඇමතීමෙන් වලකින්න) Social Media : Facebook | YouTube | WhatsApp | Instagram | Tiktok | peolands.com | PEO Lands Real Estate (Pvt) Ltd"
https://www.lankapropertyweb.com/sale/property_details-5934241.html,5934241,2026-08-10T10:35:52.897091+00:00,(KH815) Two Storey House for Sale in Rambukkana,"View all > Houses > Apartments > Commercial > Bungalows > Villas > Studio
/ Bedsit > Warehouse > Featured developments for sale > New Beachfront Projects > Newly
built property for sale > Colonial
Houses for sale > Urgent properties for sale > Luxury
Apartments > Mid-range
Apartments > Bungalows
in Nuwara Eliya > Houses
in Battaramulla area > Commercial property for sale
in
Colombo > Hotels for Sale > Warehouses for sale > Brand
new apartment > Beachfront properties for sale > Beachfront Apartments for sale > Below Market Value properties > Sri Lanka House Price Index > Sri Lanka Land Price Index > Guide for
foreigners
buying property > All property for Rent > Houses > Apartments > Commercial > Bungalows > Annexes > Hostels > Villas > Studio
/ Bedsit > Rooms
/ Boarding Places > View All Featured Properties > Warehouses for rent > Newly built property for rent > Urgent properties to let > Short
term rentals > Office spaces in
Colombo > Co-working places > House Prices > Find All Land for Sale or Lease > Bare
Land > Beachfront
Land > Cultivated
/ Agriculture > Land
with House > Tea
Estate Land > Rubber
Estate Land > Coconut
Estate Land > Paddy
(Rice) Land > Cinnamon
Estate Land > Waterfront
Land > Featured Land Projects > Lands
in Nuwara Eliya > Investment Lands
within 1 hour of Colombo > Lands
for less than 1 lakh a perch in Western Province > Cultivation
lands within 1 hour from Colombo > Land
Prices in Greater Colombo > View All New Projects > Featured Projects > Apartment FinderNew > Featured Land Projects > Condo Directory > Property
Valuations > Legal
Assistance > Document
preparation & submission > Mortgage
Advice > Fees
& taxes payment > Personal
Assistance > Other
Services > Market
Research and Advisory > Property
Buying Advisory > Business
Buying or Selling Advisory > Property
Buying Assistance for Foreigners > Advisory on Investing
in Sri Lanka > House
Construction > Packers &
Movers > Solar Panels > Invest Home > Top Investment
Properties > Luxury
Apartments > Mid-range
Apartments > Lands and
Bungalows
in Nuwara Eliya > Houses in
Battaramulla area > Cultivation
lands > Investment Lands
within 1 hour of Colombo > Commercial
property
for sale in Colombo > Hotels for
Sale > ROI calculator > Trending Properties > Top Investment
properties > House Price Index > Land price
index > Home Loan Rates > Home
Loan Calculator > Home
Loan Comparison > Market Insights > Price Meter > Property Buying Guide > Foreign Buyers'
Guide > Capital
Gains Tax > Sri Lanka House Price Index > Sri Lanka Land Price Index > Membership Benefits > Market Outlook Report > News & Guides > View All Wanted Properties > Houses wanted > Apartments wanted > Land wanted > Commercial Buildings > Rooms wanted > Post Your
Ad > View All Agents / Agents
Directory > Promote your
property > Become an Agent > Residential
sales > Letting
Agents > Commercial
property agents > Land Sales > Buyer
& Seller Assistance > Promote
your property > View All
Businesses for
Sale > Real
Estate > Restaurant > Construction > Agriculture > Tech > Hospitality > Business > Manufacturing > Garment-Textile > Services-BPO > Maps of Sri Lanka > Area Guide > Point of
Interests > Property Buying Guide > Foreign Buyers'
Guide > Capital
Gains Tax > Sri Lanka House Price Index > Sri Lanka Land Price Index > Membership Benefits > News & Guides > About us > Careers > Contact Us > Events > FAQs > Ideal Home > Appliances &
Electronics > Furniture > Household items > Solar & Hot Water > Bathrooms > Gardening > Kitchen > Professionals > Flooring > House Construction > Lighting > Service Providers > Other Services > Home > ... > Sales > Kegalle District > Rambukkana > House > Home > ... > Sales > Kegalle District > Rambukkana > House",Rambukkana,"Rs. 18,800,000


















",18800000.0,True,House,4,,2200 sq.ft.,,22 perches,Available Now,,,,4.0,,2200.0,22.0,"{""Bathrooms/WCs"": ""2"", ""Agent Ref"": ""KH815""}","• Two storey house located in a peaceful, flood-free and highly secure residential area in Rambukkana, ideal for living or tourism investment. ◉ Property Features ➤ 2 living rooms ➤ TV lobby ➤ Dining area ➤ Kitchen ➤ Fully fenced land with rolling gate ➤ Boundary wall for security ◉ Amenities ➤ Water supply available ➤ Electricity available ➤ Hot water facility ➤ Telecom landline available ➤ Peaceful and secure environment ★ Close Areas - ★ Pinnawala zoo & elephant orphanage – 300m ★ Pinnawala national school – 1km ★ Well-developed tourist area with good connectivity ★ All infrastructure perfectly available including waste collection service. ★ There is no legal or financial issues associated with the property. ⇨ Feel free to call for an appointment or for More information Contact PEO Land Real Estate (Pvt) Ltd GENUINE BUYERS ONLY *NO BROKERS* (බ්‍රෝකර්වරු ඇමතීමෙන් වලකින්න) Social Media : Facebook | YouTube | WhatsApp| Instagram | Tiktok| peolands.com| Peo Land Real Estate (Pvt) Ltd"
https://www.lankapropertyweb.com/sale/property_details-5726859.html,5726859,2026-08-10T10:35:55.794799+00:00,Ultra Modern 4 Bedroom House Construction in Colombo 4 for Rs. 40.25 million / Rs. 402 Laks / New Construction,"View all > Houses > Apartments > Commercial > Bungalows > Villas > Studio
/ Bedsit > Warehouse > Featured developments for sale > New Beachfront Projects > Newly
built property for sale > Colonial
Houses for sale > Urgent properties for sale > Luxury
Apartments > Mid-range
Apartments > Bungalows
in Nuwara Eliya > Houses
in Battaramulla area > Commercial property for sale
in
Colombo > Hotels for Sale > Warehouses for sale > Brand
new apartment > Beachfront properties for sale > Beachfront Apartments for sale > Below Market Value properties > Sri Lanka House Price Index > Sri Lanka Land Price Index > Guide for
foreigners
buying property > All property for Rent > Houses > Apartments > Commercial > Bungalows > Annexes > Hostels > Villas > Studio
/ Bedsit > Rooms
/ Boarding Places > View All Featured Properties > Warehouses for rent > Newly built property for rent > Urgent properties to let > Short
term rentals > Office spaces in
Colombo > Co-working places > House Prices > Find All Land for Sale or Lease > Bare
Land > Beachfront
Land > Cultivated
/ Agriculture > Land
with House > Tea
Estate Land > Rubber
Estate Land > Coconut
Estate Land > Paddy
(Rice) Land > Cinnamon
Estate Land > Waterfront
Land > Featured Land Projects > Lands
in Nuwara Eliya > Investment Lands
within 1 hour of Colombo > Lands
for less than 1 lakh a perch in Western Province > Cultivation
lands within 1 hour from Colombo > Land
Prices in Greater Colombo > View All New Projects > Featured Projects > Apartment FinderNew > Featured Land Projects > Condo Directory > Property
Valuations > Legal
Assistance > Document
preparation & submission > Mortgage
Advice > Fees
& taxes payment > Personal
Assistance > Other
Services > Market
Research and Advisory > Property
Buying Advisory > Business
Buying or Selling Advisory > Property
Buying Assistance for Foreigners > Advisory on Investing
in Sri Lanka > House
Construction > Packers &
Movers > Solar Panels > Invest Home > Top Investment
Properties > Luxury
Apartments > Mid-range
Apartments > Lands and
Bungalows
in Nuwara Eliya > Houses in
Battaramulla area > Cultivation
lands > Investment Lands
within 1 hour of Colombo > Commercial
property
for sale in Colombo > Hotels for
Sale > ROI calculator > Trending Properties > Top Investment
properties > House Price Index > Land price
index > Home Loan Rates > Home
Loan Calculator > Home
Loan Comparison > Market Insights > Price Meter > Property Buying Guide > Foreign Buyers'
Guide > Capital
Gains Tax > Sri Lanka House Price Index > Sri Lanka Land Price Index > Membership Benefits > Market Outlook Report > News & Guides > View All Wanted Properties > Houses wanted > Apartments wanted > Land wanted > Commercial Buildings > Rooms wanted > Post Your
Ad > View All Agents / Agents
Directory > Promote your
property > Become an Agent > Residential
sales > Letting
Agents > Commercial
property agents > Land Sales > Buyer
& Seller Assistance > Promote
your property > View All
Businesses for
Sale > Real
Estate > Restaurant > Construction > Agriculture > Tech > Hospitality > Business > Manufacturing > Garment-Textile > Services-BPO > Maps of Sri Lanka > Area Guide > Point of
Interests > Property Buying Guide > Foreign Buyers'
Guide > Capital
Gains Tax > Sri Lanka House Price Index > Sri Lanka Land Price Index > Membership Benefits > News & Guides > About us > Careers > Contact Us > Events > FAQs > Ideal Home > Appliances &
Electronics > Furniture > Household items > Solar & Hot Water > Bathrooms > Gardening > Kitchen > Professionals > Flooring > House Construction > Lighting > Service Providers > Other Services > Home > ... > Sales > Colombo District > Colombo 4 > House > Home > ... > Sales > Colombo District > Colombo 4 > House","With or Without Land, Colombo 4",Rs. 40.25 m,40250000.0,True,House,4,4 Bathrooms,3500 sq.ft.,3,7 perches,Available soon,Unfurnished,1 year,,4.0,4.0,3500.0,7.0,"{""Bathrooms/WCs"": ""4"", ""Car parking spaces"": ""2""}",3500 Sq.ft - Construction - On Your Land - Rs. 40.25 million / Rs. 402 Laks Exceptional House Consists of 4 Bedrooms and 4 Bathrooms Double Ceiling Height Living Room Maid's room and bathroom Private Pool Roof top entertainment area Watch the video below for more info Construction Duration 7 Months get a quote to build on your land (Call or WhatsApp) Private Pool and Outdoor Entertainment Area Rocell Bathroom Fittings Marble Top Kitchen with PVC Pantry Car Parking 3 Decades of Excellence in the Build Environment UK Qualified Design Team Members
https://www.lankapropertyweb.com/sale/property_details-5934256.html,5934256,2026-08-10T10:35:59.165979+00:00,(DH977) Furnished Single Storey House for Sale in Malabe,"View all > Houses > Apartments > Commercial > Bungalows > Villas > Studio
/ Bedsit > Warehouse > Featured developments for sale > New Beachfront Projects > Newly
built property for sale > Colonial
Houses for sale > Urgent properties for sale > Luxury
Apartments > Mid-range
Apartments > Bungalows
in Nuwara Eliya > Houses
in Battaramulla area > Commercial property for sale
in
Colombo > Hotels for Sale > Warehouses for sale > Brand
new apartment > Beachfront properties for sale > Beachfront Apartments for sale > Below Market Value properties > Sri Lanka House Price Index > Sri Lanka Land Price Index > Guide for
foreigners
buying property > All property for Rent > Houses > Apartments > Commercial > Bungalows > Annexes > Hostels > Villas > Studio
/ Bedsit > Rooms
/ Boarding Places > View All Featured Properties > Warehouses for rent > Newly built property for rent > Urgent properties to let > Short
term rentals > Office spaces in
Colombo > Co-working places > House Prices > Find All Land for Sale or Lease > Bare
Land > Beachfront
Land > Cultivated
/ Agriculture > Land
with House > Tea
Estate Land > Rubber
Estate Land > Coconut
Estate Land > Paddy
(Rice) Land > Cinnamon
Estate Land > Waterfront
Land > Featured Land Projects > Lands
in Nuwara Eliya > Investment Lands
within 1 hour of Colombo > Lands
for less than 1 lakh a perch in Western Province > Cultivation
lands within 1 hour from Colombo > Land
Prices in Greater Colombo > View All New Projects > Featured Projects > Apartment FinderNew > Featured Land Projects > Condo Directory > Property
Valuations > Legal
Assistance > Document
preparation & submission > Mortgage
Advice > Fees
& taxes payment > Personal
Assistance > Other
Services > Market
Research and Advisory > Property
Buying Advisory > Business
Buying or Selling Advisory > Property
Buying Assistance for Foreigners > Advisory on Investing
in Sri Lanka > House
Construction > Packers &
Movers > Solar Panels > Invest Home > Top Investment
Properties > Luxury
Apartments > Mid-range
Apartments > Lands and
Bungalows
in Nuwara Eliya > Houses in
Battaramulla area > Cultivation
lands > Investment Lands
within 1 hour of Colombo > Commercial
property
for sale in Colombo > Hotels for
Sale > ROI calculator > Trending Properties > Top Investment
properties > House Price Index > Land price
index > Home Loan Rates > Home
Loan Calculator > Home
Loan Comparison > Market Insights > Price Meter > Property Buying Guide > Foreign Buyers'
Guide > Capital
Gains Tax > Sri Lanka House Price Index > Sri Lanka Land Price Index > Membership Benefits > Market Outlook Report > News & Guides > View All Wanted Properties > Houses wanted > Apartments wanted > Land wanted > Commercial Buildings > Rooms wanted > Post Your
Ad > View All Agents / Agents
Directory > Promote your
property > Become an Agent > Residential
sales > Letting
Agents > Commercial
property agents > Land Sales > Buyer
& Seller Assistance > Promote
your property > View All
Businesses for
Sale > Real
Estate > Restaurant > Construction > Agriculture > Tech > Hospitality > Business > Manufacturing > Garment-Textile > Services-BPO > Maps of Sri Lanka > Area Guide > Point of
Interests > Property Buying Guide > Foreign Buyers'
Guide > Capital
Gains Tax > Sri Lanka House Price Index > Sri Lanka Land Price Index > Membership Benefits > News & Guides > About us > Careers > Contact Us > Events > FAQs > Ideal Home > Appliances &
Electronics > Furniture > Household items > Solar & Hot Water > Bathrooms > Gardening > Kitchen > Professionals > Flooring > House Construction > Lighting > Service Providers > Other Services > Home > ... > Sales > Colombo District > Malabe > House > Home > ... > Sales > Colombo District > Malabe > House",Malabe,"Rs. 22,500,000


















",22500000.0,True,House,3,2 bathrooms,1080 sq.ft.,,7.5 perches,Available Now,,,,3.0,2.0,1080.0,7.5,"{""Bathrooms/WCs"": ""2"", ""Agent Ref"": ""DH977""}","• Fully furnished single storey house located in a peaceful and residential area in Malabe with wide road access, ideal for comfortable family living. ◉ Property Features ➤ Single storey house ➤ 3 bedrooms ➤ 2 bathrooms ➤ Living area ➤ Dining area ➤ Kitchen with pantry ◉ Amenities ➤ Fully furnished ➤ Air conditioned ➤ Ceiling fans ➤ Tiled floors ➤ CCTV system ➤ Hot water ➤ Roller gate ➤ Wicket gate ➤ Parking for 2 vehicles ➤ Garden space ➤ Boundary wall ➤ Clear deed ➤ Water & electricity ➤ Ceiling ➤ 20 ft wide road access ★ Close Areas - ★ 800 m to Kaduwela–Malabe main road ★ 4 minutes to Kaduwela town ★ 5 minutes to Malabe town ★ 1.5 km to highway entrance ★ Close to international schools, hospitals, banks & supermarkets ★ All infrastructure perfectly available including waste collection service ★ No legal or financial issues associated with the property ⇨ Feel free to call for an appointment or for More information Contact PEO Land Real Estate (Pvt) Ltd GENUINE BUYERS ONLY *NO BROKERS* (බ්‍රෝකර්වරු ඇමතීමෙන් වලකින්න) Social Media : Facebook | YouTube | WhatsApp| Instagram | Tiktok| peolands.com| Peo Land Real Estate (Pvt) Ltd"
https://www.lankapropertyweb.com/sale/property_details-5934242.html,5934242,2026-08-10T10:36:02.434669+00:00,(KH907) 5 Bedroom Luxury House for Sale in Yakkala,"View all > Houses > Apartments > Commercial > Bungalows > Villas > Studio
/ Bedsit > Warehouse > Featured developments for sale > New Beachfront Projects > Newly
built property for sale > Colonial
Houses for sale > Urgent properties for sale > Luxury
Apartments > Mid-range
Apartments > Bungalows
in Nuwara Eliya > Houses
in Battaramulla area > Commercial property for sale
in
Colombo > Hotels for Sale > Warehouses for sale > Brand
new apartment > Beachfront properties for sale > Beachfront Apartments for sale > Below Market Value properties > Sri Lanka House Price Index > Sri Lanka Land Price Index > Guide for
foreigners
buying property > All property for Rent > Houses > Apartments > Commercial > Bungalows > Annexes > Hostels > Villas > Studio
/ Bedsit > Rooms
/ Boarding Places > View All Featured Properties > Warehouses for rent > Newly built property for rent > Urgent properties to let > Short
term rentals > Office spaces in
Colombo > Co-working places > House Prices > Find All Land for Sale or Lease > Bare
Land > Beachfront
Land > Cultivated
/ Agriculture > Land
with House > Tea
Estate Land > Rubber
Estate Land > Coconut
Estate Land > Paddy
(Rice) Land > Cinnamon
Estate Land > Waterfront
Land > Featured Land Projects > Lands
in Nuwara Eliya > Investment Lands
within 1 hour of Colombo > Lands
for less than 1 lakh a perch in Western Province > Cultivation
lands within 1 hour from Colombo > Land
Prices in Greater Colombo > View All New Projects > Featured Projects > Apartment FinderNew > Featured Land Projects > Condo Directory > Property
Valuations > Legal
Assistance > Document
preparation & submission > Mortgage
Advice > Fees
& taxes payment > Personal
Assistance > Other
Services > Market
Research and Advisory > Property
Buying Advisory > Business
Buying or Selling Advisory > Property
Buying Assistance for Foreigners > Advisory on Investing
in Sri Lanka > House
Construction > Packers &
Movers > Solar Panels > Invest Home > Top Investment
Properties > Luxury
Apartments > Mid-range
Apartments > Lands and
Bungalows
in Nuwara Eliya > Houses in
Battaramulla area > Cultivation
lands > Investment Lands
within 1 hour of Colombo > Commercial
property
for sale in Colombo > Hotels for
Sale > ROI calculator > Trending Properties > Top Investment
properties > House Price Index > Land price
index > Home Loan Rates > Home
Loan Calculator > Home
Loan Comparison > Market Insights > Price Meter > Property Buying Guide > Foreign Buyers'
Guide > Capital
Gains Tax > Sri Lanka House Price Index > Sri Lanka Land Price Index > Membership Benefits > Market Outlook Report > News & Guides > View All Wanted Properties > Houses wanted > Apartments wanted > Land wanted > Commercial Buildings > Rooms wanted > Post Your
Ad > View All Agents / Agents
Directory > Promote your
property > Become an Agent > Residential
sales > Letting
Agents > Commercial
property agents > Land Sales > Buyer
& Seller Assistance > Promote
your property > View All
Businesses for
Sale > Real
Estate > Restaurant > Construction > Agriculture > Tech > Hospitality > Business > Manufacturing > Garment-Textile > Services-BPO > Maps of Sri Lanka > Area Guide > Point of
Interests > Property Buying Guide > Foreign Buyers'
Guide > Capital
Gains Tax > Sri Lanka House Price Index > Sri Lanka Land Price Index > Membership Benefits > News & Guides > About us > Careers > Contact Us > Events > FAQs > Ideal Home > Appliances &
Electronics > Furniture > Household items > Solar & Hot Water > Bathrooms > Gardening > Kitchen > Professionals > Flooring > House Construction > Lighting > Service Providers > Other Services > Home > ... > Sales > Gampaha District > Nittambuwa > House > Home > ... > Sales > Gampaha District > Nittambuwa > House",Nittambuwa,"Rs. 55,000,000


















",55000000.0,True,House,5,3 Bathrooms,5000 sq.ft.,,10 perches,Available Now,,,,5.0,3.0,5000.0,10.0,"{""Bathrooms/WCs"": ""3"", ""Agent Ref"": ""KH907""}","• Spacious modern house located in Pituwalgoda, Yakkala. Situated on a valuable 10 perch land with a generous 5000 sqft floor area, this property offers comfortable family living with modern amenities including solar power, CCTV security and air-conditioned spaces. Conveniently located only 600 meters from the Colombo - Kandy Main Road. ◉ Property Features ➤ 5 Bedrooms ➤ 3 Bathrooms ➤ 5000 Sqft Floor Area ➤ 10 Perch Land ➤ Spacious Living Area ➤ Dining Area ➤ Kitchen ➤ Ceiling Finished House ➤ 3 Air Conditioned Bedrooms ➤ Air Conditioned Living Room ➤ CCTV Security System ➤ Modern Residential Design ➤ Spacious Parking Area ◉ Amenities ➤ 10kW Solar Power System ➤ 3 Phase Electricity ➤ Hot Water Facilities ➤ Air Conditioning ➤ CCTV Cameras ➤ Electricity ➤ Water Supply ➤ Good Access Road ➤ Highly Residential Environment ➤ Easy Accessibility ★ Close Areas - ★ Colombo - Kandy Main Road - 600 m ★ Yakkala Town Nearby ★ Schools Nearby ★ Banks Nearby ★ Super Markets Nearby ★ Public Transport Facilities Nearby ★ All infrastructure perfectly available including waste collection service. ★ No legal issues associated with the property. ★ Price Details ➤ Without Furniture - Rs. 55,000,000 ➤ With Furniture - Rs. 60,000,000s ⇨ Feel free to call for an appointment or for More information Contact PEO Lands Real Estate (Pvt) Ltd GENUINE BUYERS ONLY *NO BROKERS* (බ්‍රෝකර්වරු ඇමතීමෙන් වලකින්න) Social Media : Facebook | YouTube | WhatsApp | Instagram | Tiktok | peolands.com | PEO Lands Real Estate (Pvt) Ltd"
https://www.lankapropertyweb.com/sale/property_details-5934257.html,5934257,2026-08-10T10:36:05.467457+00:00,(DH1142) Two Storey House for sale in Mattegoda,"View all > Houses > Apartments > Commercial > Bungalows > Villas > Studio
/ Bedsit > Warehouse > Featured developments for sale > New Beachfront Projects > Newly
built property for sale > Colonial
Houses for sale > Urgent properties for sale > Luxury
Apartments > Mid-range
Apartments > Bungalows
in Nuwara Eliya > Houses
in Battaramulla area > Commercial property for sale
in
Colombo > Hotels for Sale > Warehouses for sale > Brand
new apartment > Beachfront properties for sale > Beachfront Apartments for sale > Below Market Value properties > Sri Lanka House Price Index > Sri Lanka Land Price Index > Guide for
foreigners
buying property > All property for Rent > Houses > Apartments > Commercial > Bungalows > Annexes > Hostels > Villas > Studio
/ Bedsit > Rooms
/ Boarding Places > View All Featured Properties > Warehouses for rent > Newly built property for rent > Urgent properties to let > Short
term rentals > Office spaces in
Colombo > Co-working places > House Prices > Find All Land for Sale or Lease > Bare
Land > Beachfront
Land > Cultivated
/ Agriculture > Land
with House > Tea
Estate Land > Rubber
Estate Land > Coconut
Estate Land > Paddy
(Rice) Land > Cinnamon
Estate Land > Waterfront
Land > Featured Land Projects > Lands
in Nuwara Eliya > Investment Lands
within 1 hour of Colombo > Lands
for less than 1 lakh a perch in Western Province > Cultivation
lands within 1 hour from Colombo > Land
Prices in Greater Colombo > View All New Projects > Featured Projects > Apartment FinderNew > Featured Land Projects > Condo Directory > Property
Valuations > Legal
Assistance > Document
preparation & submission > Mortgage
Advice > Fees
& taxes payment > Personal
Assistance > Other
Services > Market
Research and Advisory > Property
Buying Advisory > Business
Buying or Selling Advisory > Property
Buying Assistance for Foreigners > Advisory on Investing
in Sri Lanka > House
Construction > Packers &
Movers > Solar Panels > Invest Home > Top Investment
Properties > Luxury
Apartments > Mid-range
Apartments > Lands and
Bungalows
in Nuwara Eliya > Houses in
Battaramulla area > Cultivation
lands > Investment Lands
within 1 hour of Colombo > Commercial
property
for sale in Colombo > Hotels for
Sale > ROI calculator > Trending Properties > Top Investment
properties > House Price Index > Land price
index > Home Loan Rates > Home
Loan Calculator > Home
Loan Comparison > Market Insights > Price Meter > Property Buying Guide > Foreign Buyers'
Guide > Capital
Gains Tax > Sri Lanka House Price Index > Sri Lanka Land Price Index > Membership Benefits > Market Outlook Report > News & Guides > View All Wanted Properties > Houses wanted > Apartments wanted > Land wanted > Commercial Buildings > Rooms wanted > Post Your
Ad > View All Agents / Agents
Directory > Promote your
property > Become an Agent > Residential
sales > Letting
Agents > Commercial
property agents > Land Sales > Buyer
& Seller Assistance > Promote
your property > View All
Businesses for
Sale > Real
Estate > Restaurant > Construction > Agriculture > Tech > Hospitality > Business > Manufacturing > Garment-Textile > Services-BPO > Maps of Sri Lanka > Area Guide > Point of
Interests > Property Buying Guide > Foreign Buyers'
Guide > Capital
Gains Tax > Sri Lanka House Price Index > Sri Lanka Land Price Index > Membership Benefits > News & Guides > About us > Careers > Contact Us > Events > FAQs > Ideal Home > Appliances &
Electronics > Furniture > Household items > Solar & Hot Water > Bathrooms > Gardening > Kitchen > Professionals > Flooring > House Construction > Lighting > Service Providers > Other Services > Home > ... > Sales > Colombo District > Kottawa > House > Home > ... > Sales > Colombo District > Kottawa > House",Kottawa,"Rs. 27,000,000


















",27000000.0,True,House,3,,1420 sq.ft.,,11 perches,Available Now,,,,3.0,,1420.0,11.0,"{""Bathrooms/WCs"": ""2"", ""Agent Ref"": ""DH1142""}","• Two Storey House with Roof Floor • Ground Floor Fully Completed • Located in Calm Residential Environment • Excellent Accessibility to Town and Highway • Ideal for Comfortable Family Living ◉ Prperty Features ➤ Living area ➤ Dining area ➤ Kitchen ➤ Pantry ➤ Servant Room ➤ Rooftop ◉ Amenities ➤ Parking Spaces ➤ Fully Tiled Floors ➤ Roller Gate ➤ Wicket Gate ➤ CCTV Camera ➤ Overhead Water Tank ➤ Pipe Borne Water ➤ 3 Phase Electricity ➤ Water and Electricity ➤ Clear Deed ★ Close Areas -	1.5km to Mattegoda Town 500m to 342 Kottawa – Piliyandala Main Road 1km to University of Sri Jayewardenepura Engineering Faculty 5 Minutes to Kahathuduwa Expressway Entrance 5 Minutes to Kottawa Expressway Entrance ★ Close to International Schools, Hospitals, Banks, Super Markets ★ All infrastructure perfectly available including waste collection service. ★ There is no legal or financial issues associated with the property. ⇨ Feel free to call for an appointment or for More information Contact PEO Land Real Estate (Pvt) Ltd GENUINE BUYERS ONLY *NO BROKERS* (බ්‍රෝකර්වරු ඇමතීමෙන් වලකින්න) Social Media : Facebook | YouTube | WhatsApp| Instagram | Tiktok| peolands.com| Peo Land Real Estate (Pvt) Ltd"
https://www.lankapropertyweb.com/sale/property_details-5934246.html,5934246,2026-08-10T10:36:08.657085+00:00,(BH88) Luxury 2 Story House sale in Bopitya Ja Ela,"View all > Houses > Apartments > Commercial > Bungalows > Villas > Studio
/ Bedsit > Warehouse > Featured developments for sale > New Beachfront Projects > Newly
built property for sale > Colonial
Houses for sale > Urgent properties for sale > Luxury
Apartments > Mid-range
Apartments > Bungalows
in Nuwara Eliya > Houses
in Battaramulla area > Commercial property for sale
in
Colombo > Hotels for Sale > Warehouses for sale > Brand
new apartment > Beachfront properties for sale > Beachfront Apartments for sale > Below Market Value properties > Sri Lanka House Price Index > Sri Lanka Land Price Index > Guide for
foreigners
buying property > All property for Rent > Houses > Apartments > Commercial > Bungalows > Annexes > Hostels > Villas > Studio
/ Bedsit > Rooms
/ Boarding Places > View All Featured Properties > Warehouses for rent > Newly built property for rent > Urgent properties to let > Short
term rentals > Office spaces in
Colombo > Co-working places > House Prices > Find All Land for Sale or Lease > Bare
Land > Beachfront
Land > Cultivated
/ Agriculture > Land
with House > Tea
Estate Land > Rubber
Estate Land > Coconut
Estate Land > Paddy
(Rice) Land > Cinnamon
Estate Land > Waterfront
Land > Featured Land Projects > Lands
in Nuwara Eliya > Investment Lands
within 1 hour of Colombo > Lands
for less than 1 lakh a perch in Western Province > Cultivation
lands within 1 hour from Colombo > Land
Prices in Greater Colombo > View All New Projects > Featured Projects > Apartment FinderNew > Featured Land Projects > Condo Directory > Property
Valuations > Legal
Assistance > Document
preparation & submission > Mortgage
Advice > Fees
& taxes payment > Personal
Assistance > Other
Services > Market
Research and Advisory > Property
Buying Advisory > Business
Buying or Selling Advisory > Property
Buying Assistance for Foreigners > Advisory on Investing
in Sri Lanka > House
Construction > Packers &
Movers > Solar Panels > Invest Home > Top Investment
Properties > Luxury
Apartments > Mid-range
Apartments > Lands and
Bungalows
in Nuwara Eliya > Houses in
Battaramulla area > Cultivation
lands > Investment Lands
within 1 hour of Colombo > Commercial
property
for sale in Colombo > Hotels for
Sale > ROI calculator > Trending Properties > Top Investment
properties > House Price Index > Land price
index > Home Loan Rates > Home
Loan Calculator > Home
Loan Comparison > Market Insights > Price Meter > Property Buying Guide > Foreign Buyers'
Guide > Capital
Gains Tax > Sri Lanka House Price Index > Sri Lanka Land Price Index > Membership Benefits > Market Outlook Report > News & Guides > View All Wanted Properties > Houses wanted > Apartments wanted > Land wanted > Commercial Buildings > Rooms wanted > Post Your
Ad > View All Agents / Agents
Directory > Promote your
property > Become an Agent > Residential
sales > Letting
Agents > Commercial
property agents > Land Sales > Buyer
& Seller Assistance > Promote
your property > View All
Businesses for
Sale > Real
Estate > Restaurant > Construction > Agriculture > Tech > Hospitality > Business > Manufacturing > Garment-Textile > Services-BPO > Maps of Sri Lanka > Area Guide > Point of
Interests > Property Buying Guide > Foreign Buyers'
Guide > Capital
Gains Tax > Sri Lanka House Price Index > Sri Lanka Land Price Index > Membership Benefits > News & Guides > About us > Careers > Contact Us > Events > FAQs > Ideal Home > Appliances &
Electronics > Furniture > Household items > Solar & Hot Water > Bathrooms > Gardening > Kitchen > Professionals > Flooring > House Construction > Lighting > Service Providers > Other Services > Home > ... > Sales > Gampaha District > Ja Ela > House > Home > ... > Sales > Gampaha District > Ja Ela > House",Ja Ela,"Rs. 35,000,000


















",35000000.0,True,House,7,4 bathrooms,4100 sq.ft.,,15.75 perches,Available Now,,,,7.0,4.0,4100.0,15.75,"{""Bathrooms/WCs"": ""4"", ""Agent Ref"": ""BH88""}","• Newly renovated two storey house located in Ja-Ela in a peaceful and exclusive residential environment, ideal for large family living or investment purposes. ◉ Property Features ➤ 7 bedrooms ➤ 4 bathrooms (3 indoor + 1 outside) ➤ Large living hall ➤ Dining area ➤ Kitchen ◉ Amenities ➤ Fully tiled floors ➤ Ceiling fans ➤ Water supply ➤ CCTV camera ➤ Parking space (2 vehicles) ➤ Roller gate ➤ Surrounding wall ➤ Water & electricity ➤ Clear deed ★ Close Areas - ★ 1km to Ja-Ela town ★ Close to schools, supermarkets, banks & hospitals ★ Easy access to main roads and essential facilities ★ All infrastructure perfectly available including waste collection service ★ No legal or financial issues associated with the property ⇨ Feel free to call for an appointment or for More information Contact PEO Land Real Estate (Pvt) Ltd GENUINE BUYERS ONLY *NO BROKERS* (බ්‍රෝකර්වරු ඇමතීමෙන් වලකින්න) Social Media : Facebook | YouTube | WhatsApp | Instagram | Tiktok | peolands.com | PEO Land Real Estate (Pvt) Ltd"
https://www.lankapropertyweb.com/sale/property_details-5930351.html,5930351,2026-08-10T10:36:11.851348+00:00,House for sale in Rajagiriya,"View all > Houses > Apartments > Commercial > Bungalows > Villas > Studio
/ Bedsit > Warehouse > Featured developments for sale > New Beachfront Projects > Newly
built property for sale > Colonial
Houses for sale > Urgent properties for sale > Luxury
Apartments > Mid-range
Apartments > Bungalows
in Nuwara Eliya > Houses
in Battaramulla area > Commercial property for sale
in
Colombo > Hotels for Sale > Warehouses for sale > Brand
new apartment > Beachfront properties for sale > Beachfront Apartments for sale > Below Market Value properties > Sri Lanka House Price Index > Sri Lanka Land Price Index > Guide for
foreigners
buying property > All property for Rent > Houses > Apartments > Commercial > Bungalows > Annexes > Hostels > Villas > Studio
/ Bedsit > Rooms
/ Boarding Places > View All Featured Properties > Warehouses for rent > Newly built property for rent > Urgent properties to let > Short
term rentals > Office spaces in
Colombo > Co-working places > House Prices > Find All Land for Sale or Lease > Bare
Land > Beachfront
Land > Cultivated
/ Agriculture > Land
with House > Tea
Estate Land > Rubber
Estate Land > Coconut
Estate Land > Paddy
(Rice) Land > Cinnamon
Estate Land > Waterfront
Land > Featured Land Projects > Lands
in Nuwara Eliya > Investment Lands
within 1 hour of Colombo > Lands
for less than 1 lakh a perch in Western Province > Cultivation
lands within 1 hour from Colombo > Land
Prices in Greater Colombo > View All New Projects > Featured Projects > Apartment FinderNew > Featured Land Projects > Condo Directory > Property
Valuations > Legal
Assistance > Document
preparation & submission > Mortgage
Advice > Fees
& taxes payment > Personal
Assistance > Other
Services > Market
Research and Advisory > Property
Buying Advisory > Business
Buying or Selling Advisory > Property
Buying Assistance for Foreigners > Advisory on Investing
in Sri Lanka > House
Construction > Packers &
Movers > Solar Panels > Invest Home > Top Investment
Properties > Luxury
Apartments > Mid-range
Apartments > Lands and
Bungalows
in Nuwara Eliya > Houses in
Battaramulla area > Cultivation
lands > Investment Lands
within 1 hour of Colombo > Commercial
property
for sale in Colombo > Hotels for
Sale > ROI calculator > Trending Properties > Top Investment
properties > House Price Index > Land price
index > Home Loan Rates > Home
Loan Calculator > Home
Loan Comparison > Market Insights > Price Meter > Property Buying Guide > Foreign Buyers'
Guide > Capital
Gains Tax > Sri Lanka House Price Index > Sri Lanka Land Price Index > Membership Benefits > Market Outlook Report > News & Guides > View All Wanted Properties > Houses wanted > Apartments wanted > Land wanted > Commercial Buildings > Rooms wanted > Post Your
Ad > View All Agents / Agents
Directory > Promote your
property > Become an Agent > Residential
sales > Letting
Agents > Commercial
property agents > Land Sales > Buyer
& Seller Assistance > Promote
your property > View All
Businesses for
Sale > Real
Estate > Restaurant > Construction > Agriculture > Tech > Hospitality > Business > Manufacturing > Garment-Textile > Services-BPO > Maps of Sri Lanka > Area Guide > Point of
Interests > Property Buying Guide > Foreign Buyers'
Guide > Capital
Gains Tax > Sri Lanka House Price Index > Sri Lanka Land Price Index > Membership Benefits > News & Guides > About us > Careers > Contact Us > Events > FAQs > Ideal Home > Appliances &
Electronics > Furniture > Household items > Solar & Hot Water > Bathrooms > Gardening > Kitchen > Professionals > Flooring > House Construction > Lighting > Service Providers > Other Services > Home > ... > Sales > Colombo District > Rajagiriya > House > Home > ... > Sales > Colombo District > Rajagiriya > House","N J V Mawatha, Rajagiriya","Rs. 155,000,000


















",155000000.0,True,House,7,,7000 sq.ft.,3,25 perches,Available Now,Unfurnished,,,7.0,,7000.0,25.0,"{""Bathrooms/WCs"": ""5"", ""Car parking spaces"": ""3""}","25 perch and house over 7000sqft. Road access from front and behind 7 Rooms Rajagiriya close to main road ( Nawala / pitta kotte) Servants & Drivers quarters Price: Rs155 Mn This house has three floors. Great Residential area Property Features MAINLINE WATER 3 PHASE ELECTRICITY HOME SECURITY SYSTEM GARAGE LAWN GARDEN ATTACHED TOILETS MAID'S ROOM MAID'S TOILET OVERHEAD WATER STORAGE Explore Neighbourhood - Map View N J V Mawatha, Rajagiriya [View on large map] Find out how much you can save with our Home Loan Calculator Apply now for a home loan More Details Property prices in Rajagiriya Buy Rent Average Sale Price is Rs. 33,809 Per SQ.FT. PRICE TRENDS → 10.4% Price increased compared to last year Try our new price meter tool to find out the average price of a property in Rajagiriya Try our new price meter tool to find out the average price of a property in Rajagiriya PRICE METER → Contact Advertiser Perfect Properties Developer 94-7679... Click to view Number 94-7679... Click to view Number Maduranga : 94-767956969 This advertiser has been advertising with us for 7 years Request a call back Please enter your phone number to request the advertiser to call you back Send SEND Important information : This ad has been posted on LankaPropertyWeb.com by the above mentioned advertiser. LankaPropertyWeb.com does not have any connection with this advertiser, nor do we vet the advertisers, guarantee their services, responsible for the accuracy of the ad's content or are responsible for services provided by the advertisers. LankaPropertyWeb.com does not provide any service other than list the advertisements posted by advertisers. You will be contacting the advertiser (owner/agent) of this property directly. We advise you to take precaution when making any payments or signing any agreements and be alert of any possible scams. If making any payments we recommend that you have two permanent & verified methods of contact of the payment receiver such as their landline number and home/business address. Posted/Edited: Today REPORT THIS AD Find Similar Properties Rs. 139M - 170M 7000 - 8000 sqft Rajagiriya View all View all View all 10 5 7000 sqft BEST DEAL - Luxury 5-Bedroom House for Sale in Rajagiriya... Rajagiriya Rs. 300M 10 6 8000 sqft FOR Sale | Pelawatta | 6-Bedrooms | Luxury House Pelawatte Rs. 350M Negotiable 10 2 7000 sqft Luxury House for sale in Nawala - Rs. 350 Million Nawala Rs. 350M 10 5 8000 sqft Brand new luxury house for sale in Colombo 7 with swimming... Colombo 7 Rs. 825M Negotiable 10 6 8000 sqft Ultra-Luxury 6 Bedroom Residence for Sale – Battaramulla... Battaramulla Rs. 450M 8 5 7500 sqft Property For Sale off Dharmapala Mawatha Colombo 3 Rs. 550M Negotiable 10 5 8000 sqft Architect Design House with a Pool for Sale in Battaramulla... Battaramulla Rs. 350M 10 5 7000 sqft BEST DEAL - Luxury 5-Bedroom House for Sale in Rajagiriya... Rajagiriya Rs. 300M 10 4 2500 sqft Rajagiriya - Kalapaluwawa 04 Bedroom Upstair House... Rajagiriya Rs. 62M Negotiable 10 4 2600 sqft FOR SALE: Superb 28.5 Perch Rajagiriya Home Rajagiriya Rs. 125M Negotiable 10 5 450 sqft Super Luxury 5 Bedroom house in Rajagiriya / Rs. 44.5... Rajagiriya Rs. 44.5M 10 3 2000 sqft Super Luxury 3 Bedroom House Construction in Rajagiriya... Rajagiriya Rs. 23.63M 10 5 5500 sqft House for sale in Rajagiriya Rajagiriya Rs. 130M Negotiable 10 3 3000 sqft Elegant Colonial-Style Residence on 29.5 Perches –... Rajagiriya Negotiable 4 4500 sqft 21.5 Perches Furnished House for Sale - HL49199 Rajagiriya Rs. 140M Negotiable 5 5 1400 sqft Spacious 5-Bedroom House for Sale in Nawinna,... Maharagama Rs. 140M 10 5 5 Bedroom House For Sale in Kohuwala - PDH35 Kohuwala Rs. 140M 10 4 3600 sqft (SH1137) Brand New Modern Luxury House for Sale in... Battaramulla Rs. 140M 6 3 2500 sqft House for Sale in Colombo 05 Colombo 5 Rs. 140M Negotiable 10 6 2500 sqft House for Sale - Colombo 04 | LKR 140,000,000 Colombo 4 Rs. 140M 1 3 Luxury Two-Story Spacious Home with Dual Living Setup... Colombo 15 Rs. 140M Negotiable 10 4 3000 sqft Luxury 2-Story Architect-Designed Home for Sale –... Thalawathugoda Rs. 140M VIEW ALL PROPERTIES Within Rs. 139M - 170M (212) VIEW ALL PROPERTIES FOR sale in Rajagiriya (156) VIEW ALL PROPERTIES Within 7,000 - 8,000 sq.ft. (88) Next Steps for Buyers Guide to Buying a Property Legal Assistance & Document Preparation Property Valuation Help & Advisory on Buying a Property Get help applying for a Housing Loan Find a House Mover View more There is no place like home Explore everything you need to build and decorate your dream home Visit Website Be the first to know Get instant alerts on newly added Houses for sale in Rajagiriya – your dream property awaits! Subscribe now Create Alert Now Top Searches Houses for sale in Rajagiriya Apartments for sale in Rajagiriya Commercial property for sale in Rajagiriya Bungalows for sale in Rajagiriya Hotels for sale in Rajagiriya Villas for sale in Rajagiriya Studio/Bedsit for sale in Rajagiriya Featured Projects The Elizabeth Colombo 07 More Details Mon Vie More Details Marina Square More Details ASTORIA More Details Altair More Details Aarana Boutique Residencies More Details Property Saved!. Manage Favorite not saved! Try again Favorite removed! Ok Share Save Contact Advertiser Perfect Properties Developer Check Availability 94-7679... WHATSAPP EMAIL Share this property Email to a friend Messenger Whatsapp Viber X Linkedin Telegram Copy url More Share Options Perfect Properties Developer Please enter your details Interested in this property or want more details? Fill out the form below, and the advertiser will get in touch with you shortly! SUBMIT CALL CHAT Report this AD Please select a reason Not a property ad Property not available anymore No such property Incorrect contact details Advertiser unresponsive Unrealistic price Image on ad is not that of property Spam Scam/Fake ad Other Submit Please Enter Your Details To view the seller's number, please enter your name, email and contact number. This will help the seller follow up on your inquiry. Show Phone Number Perfect Properties (Agent) Maduranga 94-767956969 Call Now Perfect Properties (Agent) Maduranga 94-767956969 WhatsApp Find your favourite properties from the top of the page Click on the star icon to view your favourite ads LankaProperty web - Email property to a friend Send Email Please Enter Your Details To contact the advertiser on whatsapp, please enter your name, email and contact number. This will help the seller follow up on your inquiry. WHATSAPP Navigation Home Sales Rentals Land Featured Projects Ideal Home Post your ad Wanted Find Agent Our Services Market Insights House Price Index Invest Land Price Index Businesses for Sale Home Loan Comparison Property Buying Guide Maps News & Guides Become a Member Login All ads Features & Tools Home Loan Calculator Location Guide Trending Properties Price Meter Top Investment Properties Below Market Value Properties Email Alerts Market Outlook Report ROI Calculator Country Sri Lanka Maldives USA About Help Contact Us About Us Terms and Conditions Privacy Policy Careers Events Follow us on Social Media Subscribe to our newsletter You have successfully signed up for our newsletter Subscribe © Copyright LankaPropertyWeb.com, lpw.lk 2026 | All Rights Reserved × Newsletter You have successfully signed up for our newsletter Close Save Properties in Your Account × View saved properties Keep search history across devices See which properties you have contacted Continue with Google OR Login By registering you accept our Terms & Conditions and our privacy policy ."
https://www.lankapropertyweb.com/sale/property_details-5726518.html,5726518,2026-08-10T10:36:14.711193+00:00,Super Luxury 3 Bedroom House Construction in Kohuwala for Rs. 23.6 million / Rs. 236 Laks,"View all > Houses > Apartments > Commercial > Bungalows > Villas > Studio
/ Bedsit > Warehouse > Featured developments for sale > New Beachfront Projects > Newly
built property for sale > Colonial
Houses for sale > Urgent properties for sale > Luxury
Apartments > Mid-range
Apartments > Bungalows
in Nuwara Eliya > Houses
in Battaramulla area > Commercial property for sale
in
Colombo > Hotels for Sale > Warehouses for sale > Brand
new apartment > Beachfront properties for sale > Beachfront Apartments for sale > Below Market Value properties > Sri Lanka House Price Index > Sri Lanka Land Price Index > Guide for
foreigners
buying property > All property for Rent > Houses > Apartments > Commercial > Bungalows > Annexes > Hostels > Villas > Studio
/ Bedsit > Rooms
/ Boarding Places > View All Featured Properties > Warehouses for rent > Newly built property for rent > Urgent properties to let > Short
term rentals > Office spaces in
Colombo > Co-working places > House Prices > Find All Land for Sale or Lease > Bare
Land > Beachfront
Land > Cultivated
/ Agriculture > Land
with House > Tea
Estate Land > Rubber
Estate Land > Coconut
Estate Land > Paddy
(Rice) Land > Cinnamon
Estate Land > Waterfront
Land > Featured Land Projects > Lands
in Nuwara Eliya > Investment Lands
within 1 hour of Colombo > Lands
for less than 1 lakh a perch in Western Province > Cultivation
lands within 1 hour from Colombo > Land
Prices in Greater Colombo > View All New Projects > Featured Projects > Apartment FinderNew > Featured Land Projects > Condo Directory > Property
Valuations > Legal
Assistance > Document
preparation & submission > Mortgage
Advice > Fees
& taxes payment > Personal
Assistance > Other
Services > Market
Research and Advisory > Property
Buying Advisory > Business
Buying or Selling Advisory > Property
Buying Assistance for Foreigners > Advisory on Investing
in Sri Lanka > House
Construction > Packers &
Movers > Solar Panels > Invest Home > Top Investment
Properties > Luxury
Apartments > Mid-range
Apartments > Lands and
Bungalows
in Nuwara Eliya > Houses in
Battaramulla area > Cultivation
lands > Investment Lands
within 1 hour of Colombo > Commercial
property
for sale in Colombo > Hotels for
Sale > ROI calculator > Trending Properties > Top Investment
properties > House Price Index > Land price
index > Home Loan Rates > Home
Loan Calculator > Home
Loan Comparison > Market Insights > Price Meter > Property Buying Guide > Foreign Buyers'
Guide > Capital
Gains Tax > Sri Lanka House Price Index > Sri Lanka Land Price Index > Membership Benefits > Market Outlook Report > News & Guides > View All Wanted Properties > Houses wanted > Apartments wanted > Land wanted > Commercial Buildings > Rooms wanted > Post Your
Ad > View All Agents / Agents
Directory > Promote your
property > Become an Agent > Residential
sales > Letting
Agents > Commercial
property agents > Land Sales > Buyer
& Seller Assistance > Promote
your property > View All
Businesses for
Sale > Real
Estate > Restaurant > Construction > Agriculture > Tech > Hospitality > Business > Manufacturing > Garment-Textile > Services-BPO > Maps of Sri Lanka > Area Guide > Point of
Interests > Property Buying Guide > Foreign Buyers'
Guide > Capital
Gains Tax > Sri Lanka House Price Index > Sri Lanka Land Price Index > Membership Benefits > News & Guides > About us > Careers > Contact Us > Events > FAQs > Ideal Home > Appliances &
Electronics > Furniture > Household items > Solar & Hot Water > Bathrooms > Gardening > Kitchen > Professionals > Flooring > House Construction > Lighting > Service Providers > Other Services > Home > ... > Sales > Colombo District > Kohuwala > House > Home > ... > Sales > Colombo District > Kohuwala > House","With or Without Land, Kohuwala",Rs. 23.6 m,23600000.0,True,House,3,2 Bathrooms,2000 sq.ft.,2,7 perches,Available soon,Unfurnished,1 year,,3.0,2.0,2000.0,7.0,"{""Bathrooms/WCs"": ""2"", ""Car parking spaces"": ""1""}","House Construction 3 bedrooms +2 Bathrooms Construction Duration 6 Months This exquisite house in Kohuwala is a dream come true! With 3 spacious bedrooms and 2 bathrooms, there's plenty of room for your family to grow. The floor area is a whopping 2000 sq ft, giving you ample space for all your needs. Property Features SWIMMING POOL BRAND NEW LUXURY SPECS HOT WATER GARAGE ATTACHED TOILETS OVERHEAD WATER STORAGE Property Video Explore Neighbourhood - Map View With or Without Land, Kohuwala [View on large map] Find out how much you can save with our Home Loan Calculator Buy this property for only Rs. 182,146 /month By obtaining a Home Loan through our banking partners *For a 20-year term with a 12% fixed interest rate, using the equated balance payment method. By obtaining a Home Loan through our banking partners *For a 20-year term with a 12% fixed interest rate, using the equated balance payment method. More Details Property prices in Kohuwala Buy Average Sale Price is Rs. 29,396 Per SQ.FT. PRICE TRENDS → 1.6% Price increased compared to last year Try our new price meter tool to find out the average price of a property in Kohuwala Try our new price meter tool to find out the average price of a property in Kohuwala PRICE METER → Contact Advertiser VERIFIED Rajadhani Luxury Developer 94-7059... Click to view Number 94-7059... Click to view Number Rajadhani Luxury Developments : 94-705998888 This advertiser has been advertising with us for 11 years Request a call back Please enter your phone number to request the advertiser to call you back Send SEND Important information : This ad has been posted on LankaPropertyWeb.com by the above mentioned advertiser. LankaPropertyWeb.com does not have any connection with this advertiser, nor do we vet the advertisers, guarantee their services, responsible for the accuracy of the ad's content or are responsible for services provided by the advertisers. LankaPropertyWeb.com does not provide any service other than list the advertisements posted by advertisers. You will be contacting the advertiser (owner/agent) of this property directly. We advise you to take precaution when making any payments or signing any agreements and be alert of any possible scams. If making any payments we recommend that you have two permanent & verified methods of contact of the payment receiver such as their landline number and home/business address. Posted/Edited: 359 days ago REPORT THIS AD Find Similar Properties Rs. 16M - 30M Rs. 10K - 10K PSF 2000 - 3000 sqft View all View all 3 9+ 9500 sqft House for Sale - Maharagama | LKR 95,000,000 Maharagama Rs. 95M 5 10 10000 sqft House For Sale In Battaramulla (file No 2756b/1) Battaramulla Rs. 100M 8 4 4000 sqft (SD072)🏡 Modern 4-Bedroom Luxury House in Thalawathugoda... Thalawathugoda Rs. 40M 4 4 2100 sqft House for sale in Nugegoda Nugegoda Rs. 70M Negotiable 10 3 2000 sqft 3 Bedroom House New Construction in Mount Lavinia for... Mount Lavinia Rs. 23.63M 10 4 2500 sqft Rajagiriya - Kalapaluwawa 04 Bedroom Upstair House... Rajagiriya Rs. 62M Negotiable 10 4 3000 sqft 4 Bedroom house for sales in Nugegoda for Rs. 87.5... Nugegoda Rs. 87.5M Negotiable 3 6 3000 sqft Colonial type House for sale in the Heart of Colombo 7 Colombo 7 Negotiable 10 4 3000 sqft Spacious Two-Storey House for Sale in Pitakotte Pita Kotte Rs. 60M 9 4 2800 sqft 4 Bedroom House for Sale in Park Road, Colombo 05 |... Colombo 5 Rs. 120M 10 4 2271 sqft 4 Bedroom house Construction in Thalawathugoda for... Thalawathugoda Rs. 24.76M 9 2 1100 sqft Piliyandala House for Sale (SSPH-430) Piliyandala Rs. 17M Negotiable 3 3 1000 sqft House for Sale in Maligawatte- Colombo 10 Colombo 10 Rs. 18M Negotiable 4 3 5946 sqft House For Sale In Boralesgamuwa ( File Number 3034b ) Boralesgamuwa Rs. 18M 9 3 1100 sqft අංගසම්පූර්ණ නවීන නව... Kiriwatthuduwa Rs. 19.5M Negotiable 10 4 1816 sqft 4 Bedroom house in Nugegoda for Rs. 19.8 million /... Nugegoda Rs. 19.8M 10 4 1816 sqft 4 Bedroom house in Pita Kotte for Rs. 19.8 million... Pita Kotte Rs. 19.8M 10 4 1816 sqft 4 Bedroom House New Construction in Mount Lavinia for... Mount Lavinia Rs. 19.8M 10 4 2000 sqft 4 Bedroom house in Thalawathugoda for Rs. 19.8 million... Thalawathugoda Rs. 19.8M VIEW ALL PROPERTIES Within Rs. 16M - 30M (105) VIEW ALL PROPERTIES Within 2,000 - 3,000 sq.ft. (784) VIEW ALL PROPERTIES Within Rs. 10K - 10K PSF (3) Next Steps for Buyers Guide to Buying a Property Legal Assistance & Document Preparation Property Valuation Help & Advisory on Buying a Property Get help applying for a Housing Loan Find a House Mover View more There is no place like home Explore everything you need to build and decorate your dream home Visit Website Be the first to know Get instant alerts on newly added Houses for sale in Kohuwala – your dream property awaits! Subscribe now Create Alert Now Top Searches Houses for sale in Kohuwala Apartments for sale in Kohuwala Commercial property for sale in Kohuwala Bungalows for sale in Kohuwala Hotels for sale in Kohuwala Villas for sale in Kohuwala Studio/Bedsit for sale in Kohuwala Featured Projects Mon Vie More Details Marina Square More Details ASTORIA More Details Altair More Details Aarana Boutique Residencies More Details The Elizabeth Colombo 07 More Details Property Saved!. Manage Favorite not saved! Try again Favorite removed! Ok Share Save Contact Advertiser Rajadhani Luxury Developer View agent's properties Check Availability 94-7059... WHATSAPP EMAIL Share this property Email to a friend Messenger Whatsapp Viber X Linkedin Telegram Copy url More Share Options Rajadhani Luxury Developer Please enter your details Interested in this property or want more details? Fill out the form below, and the advertiser will get in touch with you shortly! SUBMIT CALL CHAT Report this AD Please select a reason Not a property ad Property not available anymore No such property Incorrect contact details Advertiser unresponsive Unrealistic price Image on ad is not that of property Spam Scam/Fake ad Other Submit Please Enter Your Details To view the seller's number, please enter your name, email and contact number. This will help the seller follow up on your inquiry. Show Phone Number Rajadhani Luxury Developer Verified Agent Rajadhani Luxury Developments 94-705998888 Call Now Rajadhani Luxury Developer Verified Agent Rajadhani Luxury Developments 94-705998888 WhatsApp Find your favourite properties from the top of the page Click on the star icon to view your favourite ads LankaProperty web - Email property to a friend Send Email Please Enter Your Details To contact the advertiser on whatsapp, please enter your name, email and contact number. This will help the seller follow up on your inquiry. WHATSAPP Navigation Home Sales Rentals Land Featured Projects Ideal Home Post your ad Wanted Find Agent Our Services Market Insights House Price Index Invest Land Price Index Businesses for Sale Home Loan Comparison Property Buying Guide Maps News & Guides Become a Member Login All ads Features & Tools Home Loan Calculator Location Guide Trending Properties Price Meter Top Investment Properties Below Market Value Properties Email Alerts Market Outlook Report ROI Calculator Country Sri Lanka Maldives USA About Help Contact Us About Us Terms and Conditions Privacy Policy Careers Events Follow us on Social Media Subscribe to our newsletter You have successfully signed up for our newsletter Subscribe © Copyright LankaPropertyWeb.com, lpw.lk 2026 | All Rights Reserved × Newsletter You have successfully signed up for our newsletter Close Save Properties in Your Account × View saved properties Keep search history across devices See which properties you have contacted Continue with Google OR Login By registering you accept our Terms & Conditions and our privacy policy ."
https://www.lankapropertyweb.com/sale/property_details-5861454.html,5861454,2026-08-10T10:36:18.526028+00:00,Luxury House for sale in Nawala - Rs. 350 Million,"View all > Houses > Apartments > Commercial > Bungalows > Villas > Studio
/ Bedsit > Warehouse > Featured developments for sale > New Beachfront Projects > Newly
built property for sale > Colonial
Houses for sale > Urgent properties for sale > Luxury
Apartments > Mid-range
Apartments > Bungalows
in Nuwara Eliya > Houses
in Battaramulla area > Commercial property for sale
in
Colombo > Hotels for Sale > Warehouses for sale > Brand
new apartment > Beachfront properties for sale > Beachfront Apartments for sale > Below Market Value properties > Sri Lanka House Price Index > Sri Lanka Land Price Index > Guide for
foreigners
buying property > All property for Rent > Houses > Apartments > Commercial > Bungalows > Annexes > Hostels > Villas > Studio
/ Bedsit > Rooms
/ Boarding Places > View All Featured Properties > Warehouses for rent > Newly built property for rent > Urgent properties to let > Short
term rentals > Office spaces in
Colombo > Co-working places > House Prices > Find All Land for Sale or Lease > Bare
Land > Beachfront
Land > Cultivated
/ Agriculture > Land
with House > Tea
Estate Land > Rubber
Estate Land > Coconut
Estate Land > Paddy
(Rice) Land > Cinnamon
Estate Land > Waterfront
Land > Featured Land Projects > Lands
in Nuwara Eliya > Investment Lands
within 1 hour of Colombo > Lands
for less than 1 lakh a perch in Western Province > Cultivation
lands within 1 hour from Colombo > Land
Prices in Greater Colombo > View All New Projects > Featured Projects > Apartment FinderNew > Featured Land Projects > Condo Directory > Property
Valuations > Legal
Assistance > Document
preparation & submission > Mortgage
Advice > Fees
& taxes payment > Personal
Assistance > Other
Services > Market
Research and Advisory > Property
Buying Advisory > Business
Buying or Selling Advisory > Property
Buying Assistance for Foreigners > Advisory on Investing
in Sri Lanka > House
Construction > Packers &
Movers > Solar Panels > Invest Home > Top Investment
Properties > Luxury
Apartments > Mid-range
Apartments > Lands and
Bungalows
in Nuwara Eliya > Houses in
Battaramulla area > Cultivation
lands > Investment Lands
within 1 hour of Colombo > Commercial
property
for sale in Colombo > Hotels for
Sale > ROI calculator > Trending Properties > Top Investment
properties > House Price Index > Land price
index > Home Loan Rates > Home
Loan Calculator > Home
Loan Comparison > Market Insights > Price Meter > Property Buying Guide > Foreign Buyers'
Guide > Capital
Gains Tax > Sri Lanka House Price Index > Sri Lanka Land Price Index > Membership Benefits > Market Outlook Report > News & Guides > View All Wanted Properties > Houses wanted > Apartments wanted > Land wanted > Commercial Buildings > Rooms wanted > Post Your
Ad > View All Agents / Agents
Directory > Promote your
property > Become an Agent > Residential
sales > Letting
Agents > Commercial
property agents > Land Sales > Buyer
& Seller Assistance > Promote
your property > View All
Businesses for
Sale > Real
Estate > Restaurant > Construction > Agriculture > Tech > Hospitality > Business > Manufacturing > Garment-Textile > Services-BPO > Maps of Sri Lanka > Area Guide > Point of
Interests > Property Buying Guide > Foreign Buyers'
Guide > Capital
Gains Tax > Sri Lanka House Price Index > Sri Lanka Land Price Index > Membership Benefits > News & Guides > About us > Careers > Contact Us > Events > FAQs > Ideal Home > Appliances &
Electronics > Furniture > Household items > Solar & Hot Water > Bathrooms > Gardening > Kitchen > Professionals > Flooring > House Construction > Lighting > Service Providers > Other Services > Home > ... > Sales > Colombo District > Nawala > House > Home > ... > Sales > Colombo District > Nawala > House","Swarna Place , Nawala",Rs. 350 M,350000000.0,True,House,2,,7000 sq.ft.,,35.5 perches,Available Now,Unfurnished,,,2.0,,7000.0,35.5,"{""Bathrooms/WCs"": ""5"", ""Agent Ref"": ""HS-Mr.S"", ""Car parking spaces"": ""5""}","35.5 perches 7,000 sq.ft Nawala, Swarna Place 2 Extra Large Master Bedrooms ( can be easily converted to 4/5 BR ) 5 Wash rooms Clear deeds 2 maid rooms, of which 1 is air conditioned. Maids Washroom Fully loaded pantry and a second kitchen for every day use Wet kitchen 5 cars parking available with 3 in covered garage Age of house: moved in 2001"
https://www.lankapropertyweb.com/sale/property_details-5934234.html,5934234,2026-08-10T10:36:22.692483+00:00,(AH180) Single Storey Brand New House for Sale in Homagama,"View all > Houses > Apartments > Commercial > Bungalows > Villas > Studio
/ Bedsit > Warehouse > Featured developments for sale > New Beachfront Projects > Newly
built property for sale > Colonial
Houses for sale > Urgent properties for sale > Luxury
Apartments > Mid-range
Apartments > Bungalows
in Nuwara Eliya > Houses
in Battaramulla area > Commercial property for sale
in
Colombo > Hotels for Sale > Warehouses for sale > Brand
new apartment > Beachfront properties for sale > Beachfront Apartments for sale > Below Market Value properties > Sri Lanka House Price Index > Sri Lanka Land Price Index > Guide for
foreigners
buying property > All property for Rent > Houses > Apartments > Commercial > Bungalows > Annexes > Hostels > Villas > Studio
/ Bedsit > Rooms
/ Boarding Places > View All Featured Properties > Warehouses for rent > Newly built property for rent > Urgent properties to let > Short
term rentals > Office spaces in
Colombo > Co-working places > House Prices > Find All Land for Sale or Lease > Bare
Land > Beachfront
Land > Cultivated
/ Agriculture > Land
with House > Tea
Estate Land > Rubber
Estate Land > Coconut
Estate Land > Paddy
(Rice) Land > Cinnamon
Estate Land > Waterfront
Land > Featured Land Projects > Lands
in Nuwara Eliya > Investment Lands
within 1 hour of Colombo > Lands
for less than 1 lakh a perch in Western Province > Cultivation
lands within 1 hour from Colombo > Land
Prices in Greater Colombo > View All New Projects > Featured Projects > Apartment FinderNew > Featured Land Projects > Condo Directory > Property
Valuations > Legal
Assistance > Document
preparation & submission > Mortgage
Advice > Fees
& taxes payment > Personal
Assistance > Other
Services > Market
Research and Advisory > Property
Buying Advisory > Business
Buying or Selling Advisory > Property
Buying Assistance for Foreigners > Advisory on Investing
in Sri Lanka > House
Construction > Packers &
Movers > Solar Panels > Invest Home > Top Investment
Properties > Luxury
Apartments > Mid-range
Apartments > Lands and
Bungalows
in Nuwara Eliya > Houses in
Battaramulla area > Cultivation
lands > Investment Lands
within 1 hour of Colombo > Commercial
property
for sale in Colombo > Hotels for
Sale > ROI calculator > Trending Properties > Top Investment
properties > House Price Index > Land price
index > Home Loan Rates > Home
Loan Calculator > Home
Loan Comparison > Market Insights > Price Meter > Property Buying Guide > Foreign Buyers'
Guide > Capital
Gains Tax > Sri Lanka House Price Index > Sri Lanka Land Price Index > Membership Benefits > Market Outlook Report > News & Guides > View All Wanted Properties > Houses wanted > Apartments wanted > Land wanted > Commercial Buildings > Rooms wanted > Post Your
Ad > View All Agents / Agents
Directory > Promote your
property > Become an Agent > Residential
sales > Letting
Agents > Commercial
property agents > Land Sales > Buyer
& Seller Assistance > Promote
your property > View All
Businesses for
Sale > Real
Estate > Restaurant > Construction > Agriculture > Tech > Hospitality > Business > Manufacturing > Garment-Textile > Services-BPO > Maps of Sri Lanka > Area Guide > Point of
Interests > Property Buying Guide > Foreign Buyers'
Guide > Capital
Gains Tax > Sri Lanka House Price Index > Sri Lanka Land Price Index > Membership Benefits > News & Guides > About us > Careers > Contact Us > Events > FAQs > Ideal Home > Appliances &
Electronics > Furniture > Household items > Solar & Hot Water > Bathrooms > Gardening > Kitchen > Professionals > Flooring > House Construction > Lighting > Service Providers > Other Services > Home > ... > Sales > Colombo District > Homagama > House > Home > ... > Sales > Colombo District > Homagama > House",Homagama,"Rs. 24,000,000


















",24000000.0,True,House,2,,1400 sq.ft.,,10 perches,Available Now,,,,2.0,,1400.0,10.0,"{""Bathrooms/WCs"": ""2"", ""Agent Ref"": ""AH180""}","• Brand new house located in Dolahena, Homagama, situated in a peaceful residential environment close to major universities and schools. Built according to Vastu principles with modern facilities and quality finishes, this property is ideal for comfortable family living. ◉ Property Features ➤ Brand New House ➤ Vastu Compliant Design ➤ Spacious Living Area ➤ Modern Pantry Cupboards ➤ Fully Tiled Floors ➤ Hot Water Facilities ➤ Decorative Lighting ➤ Roller Gate ➤ 20 Ft Wide Tarmac Access Road ➤ COC Available ➤ All Required Documents Available ➤ Bank Loan Facilities Available ➤ Natural Disaster Free Environment ◉ Amenities ➤ Peaceful Residential Environment ➤ Excellent Accessibility ➤ Essential Urban Facilities Available ★ Close Areas - ★ 3.5km to Mahinda Rajapaksa College ★ 4km to Homagama Town ★ 4.2km to NSBM Green University ★ 4.2km to Sri Jayewardenepura University Faculty of Technology ★ 5km to ITUM, University of Moratuwa ★ Close to Schools, Universities, Super Markets, Banks, Hospitals & other essential facilities ★ All infrastructure perfectly available including waste collection service. ★ There is no legal or financial issues associated with the property. ⇨ Feel free to call for an appointment or for More information Contact PEO Land Real Estate (Pvt) Ltd GENUINE BUYERS ONLY *NO BROKERS* (බ්‍රෝකර්වරු ඇමතීමෙන් වලකින්න) Social Media : Facebook | YouTube | WhatsApp | Instagram | Tiktok | peolands.com | PEO Land Real Estate (Pvt) Ltd"
https://www.lankapropertyweb.com/sale/property_details-5934240.html,5934240,2026-08-10T10:36:25.178669+00:00,(KH165) Brand New House for Sale in Katunayake,"View all > Houses > Apartments > Commercial > Bungalows > Villas > Studio
/ Bedsit > Warehouse > Featured developments for sale > New Beachfront Projects > Newly
built property for sale > Colonial
Houses for sale > Urgent properties for sale > Luxury
Apartments > Mid-range
Apartments > Bungalows
in Nuwara Eliya > Houses
in Battaramulla area > Commercial property for sale
in
Colombo > Hotels for Sale > Warehouses for sale > Brand
new apartment > Beachfront properties for sale > Beachfront Apartments for sale > Below Market Value properties > Sri Lanka House Price Index > Sri Lanka Land Price Index > Guide for
foreigners
buying property > All property for Rent > Houses > Apartments > Commercial > Bungalows > Annexes > Hostels > Villas > Studio
/ Bedsit > Rooms
/ Boarding Places > View All Featured Properties > Warehouses for rent > Newly built property for rent > Urgent properties to let > Short
term rentals > Office spaces in
Colombo > Co-working places > House Prices > Find All Land for Sale or Lease > Bare
Land > Beachfront
Land > Cultivated
/ Agriculture > Land
with House > Tea
Estate Land > Rubber
Estate Land > Coconut
Estate Land > Paddy
(Rice) Land > Cinnamon
Estate Land > Waterfront
Land > Featured Land Projects > Lands
in Nuwara Eliya > Investment Lands
within 1 hour of Colombo > Lands
for less than 1 lakh a perch in Western Province > Cultivation
lands within 1 hour from Colombo > Land
Prices in Greater Colombo > View All New Projects > Featured Projects > Apartment FinderNew > Featured Land Projects > Condo Directory > Property
Valuations > Legal
Assistance > Document
preparation & submission > Mortgage
Advice > Fees
& taxes payment > Personal
Assistance > Other
Services > Market
Research and Advisory > Property
Buying Advisory > Business
Buying or Selling Advisory > Property
Buying Assistance for Foreigners > Advisory on Investing
in Sri Lanka > House
Construction > Packers &
Movers > Solar Panels > Invest Home > Top Investment
Properties > Luxury
Apartments > Mid-range
Apartments > Lands and
Bungalows
in Nuwara Eliya > Houses in
Battaramulla area > Cultivation
lands > Investment Lands
within 1 hour of Colombo > Commercial
property
for sale in Colombo > Hotels for
Sale > ROI calculator > Trending Properties > Top Investment
properties > House Price Index > Land price
index > Home Loan Rates > Home
Loan Calculator > Home
Loan Comparison > Market Insights > Price Meter > Property Buying Guide > Foreign Buyers'
Guide > Capital
Gains Tax > Sri Lanka House Price Index > Sri Lanka Land Price Index > Membership Benefits > Market Outlook Report > News & Guides > View All Wanted Properties > Houses wanted > Apartments wanted > Land wanted > Commercial Buildings > Rooms wanted > Post Your
Ad > View All Agents / Agents
Directory > Promote your
property > Become an Agent > Residential
sales > Letting
Agents > Commercial
property agents > Land Sales > Buyer
& Seller Assistance > Promote
your property > View All
Businesses for
Sale > Real
Estate > Restaurant > Construction > Agriculture > Tech > Hospitality > Business > Manufacturing > Garment-Textile > Services-BPO > Maps of Sri Lanka > Area Guide > Point of
Interests > Property Buying Guide > Foreign Buyers'
Guide > Capital
Gains Tax > Sri Lanka House Price Index > Sri Lanka Land Price Index > Membership Benefits > News & Guides > About us > Careers > Contact Us > Events > FAQs > Ideal Home > Appliances &
Electronics > Furniture > Household items > Solar & Hot Water > Bathrooms > Gardening > Kitchen > Professionals > Flooring > House Construction > Lighting > Service Providers > Other Services > Home > ... > Sales > Gampaha District > Katunayake > House > Home > ... > Sales > Gampaha District > Katunayake > House",Katunayake,"Rs. 58,000,000


















",58000000.0,True,House,7,4 Bathrooms,4800 sq.ft.,,20 perches,Available Now,,,,7.0,4.0,4800.0,20.0,"{""Bathrooms/WCs"": ""4"", ""Agent Ref"": ""KH165""}","• Brand New House located in Raddolugama, Katunayake. • Situated in a peaceful and exclusive residential neighborhood. • Spacious luxury residence with modern facilities and excellent access to the airport. • House is currently 80% completed. ◉ Property Features ➤ 7 Bedrooms (Including Servant Room) ➤ 4 Bathrooms (Including Servant Bathroom) ➤ Living Area ➤ Dining Area ➤ Kitchen with Pantry ➤ Rooftop ➤ Two TV Lobbies ➤ Under Construction (80% Completed) ◉ Amenities ➤ Fully Tiled ➤ CCTV Camera System ➤ 12 CCTV Cameras ➤ Parking Space for 4 Vehicles ➤ Three Phase Electricity ➤ Landscape Garden ➤ Surrounding Wall ➤ Water Supply Available ➤ Clear Deed ★ Close Areas - ★ 4.8km to Katunayake International Airport ★ Close to Schools, Supermarkets, Banks, Hospitals & Grocery Stores ★ All infrastructure perfectly available including waste collection service. ★ There is no legal or financial issues associated with the property. ⇨ Feel free to call for an appointment or for More information Contact PEO Land Real Estate (Pvt) Ltd GENUINE BUYERS ONLY *NO BROKERS* (බ්‍රෝකර්වරු ඇමතීමෙන් වලකින්න) Social Media : Facebook | YouTube | WhatsApp| Instagram | Tiktok| peolands.com| PEO Land Real Estate (Pvt) Ltd"
https://www.lankapropertyweb.com/sale/property_details-5914682.html,5914682,2026-08-10T10:36:29.310837+00:00,House for sale in Rajagiriya,"View all > Houses > Apartments > Commercial > Bungalows > Villas > Studio
/ Bedsit > Warehouse > Featured developments for sale > New Beachfront Projects > Newly
built property for sale > Colonial
Houses for sale > Urgent properties for sale > Luxury
Apartments > Mid-range
Apartments > Bungalows
in Nuwara Eliya > Houses
in Battaramulla area > Commercial property for sale
in
Colombo > Hotels for Sale > Warehouses for sale > Brand
new apartment > Beachfront properties for sale > Beachfront Apartments for sale > Below Market Value properties > Sri Lanka House Price Index > Sri Lanka Land Price Index > Guide for
foreigners
buying property > All property for Rent > Houses > Apartments > Commercial > Bungalows > Annexes > Hostels > Villas > Studio
/ Bedsit > Rooms
/ Boarding Places > View All Featured Properties > Warehouses for rent > Newly built property for rent > Urgent properties to let > Short
term rentals > Office spaces in
Colombo > Co-working places > House Prices > Find All Land for Sale or Lease > Bare
Land > Beachfront
Land > Cultivated
/ Agriculture > Land
with House > Tea
Estate Land > Rubber
Estate Land > Coconut
Estate Land > Paddy
(Rice) Land > Cinnamon
Estate Land > Waterfront
Land > Featured Land Projects > Lands
in Nuwara Eliya > Investment Lands
within 1 hour of Colombo > Lands
for less than 1 lakh a perch in Western Province > Cultivation
lands within 1 hour from Colombo > Land
Prices in Greater Colombo > View All New Projects > Featured Projects > Apartment FinderNew > Featured Land Projects > Condo Directory > Property
Valuations > Legal
Assistance > Document
preparation & submission > Mortgage
Advice > Fees
& taxes payment > Personal
Assistance > Other
Services > Market
Research and Advisory > Property
Buying Advisory > Business
Buying or Selling Advisory > Property
Buying Assistance for Foreigners > Advisory on Investing
in Sri Lanka > House
Construction > Packers &
Movers > Solar Panels > Invest Home > Top Investment
Properties > Luxury
Apartments > Mid-range
Apartments > Lands and
Bungalows
in Nuwara Eliya > Houses in
Battaramulla area > Cultivation
lands > Investment Lands
within 1 hour of Colombo > Commercial
property
for sale in Colombo > Hotels for
Sale > ROI calculator > Trending Properties > Top Investment
properties > House Price Index > Land price
index > Home Loan Rates > Home
Loan Calculator > Home
Loan Comparison > Market Insights > Price Meter > Property Buying Guide > Foreign Buyers'
Guide > Capital
Gains Tax > Sri Lanka House Price Index > Sri Lanka Land Price Index > Membership Benefits > Market Outlook Report > News & Guides > View All Wanted Properties > Houses wanted > Apartments wanted > Land wanted > Commercial Buildings > Rooms wanted > Post Your
Ad > View All Agents / Agents
Directory > Promote your
property > Become an Agent > Residential
sales > Letting
Agents > Commercial
property agents > Land Sales > Buyer
& Seller Assistance > Promote
your property > View All
Businesses for
Sale > Real
Estate > Restaurant > Construction > Agriculture > Tech > Hospitality > Business > Manufacturing > Garment-Textile > Services-BPO > Maps of Sri Lanka > Area Guide > Point of
Interests > Property Buying Guide > Foreign Buyers'
Guide > Capital
Gains Tax > Sri Lanka House Price Index > Sri Lanka Land Price Index > Membership Benefits > News & Guides > About us > Careers > Contact Us > Events > FAQs > Ideal Home > Appliances &
Electronics > Furniture > Household items > Solar & Hot Water > Bathrooms > Gardening > Kitchen > Professionals > Flooring > House Construction > Lighting > Service Providers > Other Services > Home > ... > Sales > Colombo District > Rajagiriya > House > Home > ... > Sales > Colombo District > Rajagiriya > House",Rajagiriya,"Rs. 130,000,000





",130000000.0,True,House,5,3 bathrooms,5500 sq.ft.,,17 perches,Available Now,,,,5.0,3.0,5500.0,17.0,"{""Bathrooms/WCs"": ""3""}","Luxury house for sale in rajagiriya road, rajagiriya •⁠ ⁠17 perches ( with no extra 2 perches - all together 19 perches ) •⁠ ⁠5 bedrooms with 3 bathrooms •⁠ ⁠High ceiling •⁠ ⁠Rear garden area Asking price : LKR 130million Contact Seth Fernando for more details Property Features AC ROOMS LUXURY SPECS HOT WATER 3 PHASE ELECTRICITY GARAGE LAWN GARDEN MAID'S ROOM MAID'S TOILET Explore Neighbourhood - Map View Rajagiriya [View on large map] Find out how much you can save with our Home Loan Calculator Apply now for a home loan More Details Property prices in Rajagiriya Buy Rent 30% This property is 30% less than the market average price Per SQ.FT. Average Sale Price is Rs. 33,809 Per SQ.FT. PRICE TRENDS → 10.4% Price increased compared to last year Try our new price meter tool to find out the average price of a property in Rajagiriya Try our new price meter tool to find out the average price of a property in Rajagiriya PRICE METER → Contact Advertiser Silver Agent Seth Fernando Agent 94-7738... Click to view Number 94-7738... Click to view Number Seth Fernando : 94-773844907 This advertiser has been advertising with us for 4 years Request a call back Please enter your phone number to request the advertiser to call you back Send SEND Important information : This ad has been posted on LankaPropertyWeb.com by the above mentioned advertiser. LankaPropertyWeb.com does not have any connection with this advertiser, nor do we vet the advertisers, guarantee their services, responsible for the accuracy of the ad's content or are responsible for services provided by the advertisers. LankaPropertyWeb.com does not provide any service other than list the advertisements posted by advertisers. You will be contacting the advertiser (owner/agent) of this property directly. We advise you to take precaution when making any payments or signing any agreements and be alert of any possible scams. If making any payments we recommend that you have two permanent & verified methods of contact of the payment receiver such as their landline number and home/business address. Posted/Edited: Today REPORT THIS AD Find Similar Properties Rs. 117M - 143M Rs. 20K - 30K PSF 5000 - 6000 sqft Rajagiriya View all View all View all View all 10 5 3500 sqft (SH1415) Two Storey Luxury House for Sale in Thalahena Battaramulla Rs. 70M 10 4 3000 sqft Spacious Two-Storey House for Sale in Pitakotte Pita Kotte Rs. 60M 10 7 4250 sqft (PH369) 3 Storey Modern House for Sale in Boralesgamuwa Boralesgamuwa Rs. 85M 7 4 2750 sqft Brand New Luxury House for Sale – Hokandara... Thalawathugoda Rs. 55M 4 5 10000 sqft Ref-(P-AY-781) 🏡 Luxury 5-Bedroom Mansion for Sale... Pita Kotte Rs. 200M 9 4 2750 sqft Newly Built Luxury 2 Story House For Sale In Hokandara Thalawathugoda Rs. 55M ONO 7 6 3000 sqft 2-Storey House for Sale in Kolonnawa | LKR 60 Million... Kolonnawa Rs. 60M 10 5 4000 sqft 05 Bedrooms Furnished 02 Storied House for sale in... Pelawatte Rs. 80M Negotiable 10 4 5200 sqft Luxury Two-Storey House for Sale in Kelaniya Kelaniya Rs. 80M 9 2 5000 sqft House for Sale Rajamaha Vihara Road - Pita Kotte Pita Kotte Rs. 185M 5 6 5000 sqft House For Sale - Kohuwala Kohuwala Rs. 150M 10 6 5600 sqft FOR SALE: Beautiful 13 Perch Lake Drive Two Unit Family... Lake Drive Rs. 210M approx 5 5 5600 sqft FOR SALE: Exceptional Investment Opportunity in the... Colombo 3 Rs. 550M Negotiable 10 4 5000 sqft FOR SALE: Beautiful Colombo 5 Family Home with Pool Colombo 5 Rs. 250M 10 4 5000 sqft FOR SALE: Glorious Nawala Family Home with Pool Nawala Rs. 175M Negotiable 10 9+ 6000 sqft Apartment Building for sale in Colombo 5, with High... Colombo 5 Rs. 260M 10 5 7000 sqft BEST DEAL - Luxury 5-Bedroom House for Sale in Rajagiriya... Rajagiriya Rs. 300M 10 4 2500 sqft Rajagiriya - Kalapaluwawa 04 Bedroom Upstair House... Rajagiriya Rs. 62M Negotiable 10 4 2600 sqft FOR SALE: Superb 28.5 Perch Rajagiriya Home Rajagiriya Rs. 125M Negotiable 10 5 450 sqft Super Luxury 5 Bedroom house in Rajagiriya / Rs. 44.5... Rajagiriya Rs. 44.5M 10 3 2000 sqft Super Luxury 3 Bedroom House Construction in Rajagiriya... Rajagiriya Rs. 23.63M 7 7 7000 sqft House for sale in Rajagiriya Rajagiriya Rs. 155M 10 3 3000 sqft Elegant Colonial-Style Residence on 29.5 Perches –... Rajagiriya Negotiable 6 4 2500 sqft 5.81 Perches Semi-Furnished House for Sale - HL42961 Colombo 6 Rs. 118M Negotiable 10 4 4500 sqft House for Sale - Kohuwala | LKR 120,000,000 Kohuwala Rs. 120M 4 4 2500 sqft 04 Bedroom Unfurnished 02 Storied House for Sale in... Nawala Rs. 120M Negotiable 10 4 3650 sqft Luxury Two-Story House for Sale in Subuthi Vihara Mawatha,... Battaramulla Rs. 120M Negotiable 5 4 5800 sqft 2 Bedroom house for sale in Thalawathugoda | ... Thalawathugoda Rs. 120M 1 5 3200 sqft House For Sale at Colombo 9 Colombo 9 Rs. 120M 10 6 5186 sqft House for Sale - Nugegoda | LKR 120,000,000 Nugegoda Rs. 120M 7 4 Prime House for Sale in Park Garden, Colombo 05 Colombo 5 Rs. 120M Negotiable VIEW ALL PROPERTIES Within Rs. 117M - 143M (161) VIEW ALL PROPERTIES FOR sale in Rajagiriya (156) VIEW ALL PROPERTIES Within 5,000 - 6,000 sq.ft. (301) VIEW ALL PROPERTIES Within Rs. 20K - 30K PSF (549) Next Steps for Buyers Guide to Buying a Property Legal Assistance & Document Preparation Property Valuation Help & Advisory on Buying a Property Get help applying for a Housing Loan Find a House Mover View more There is no place like home Explore everything you need to build and decorate your dream home Visit Website Be the first to know Get instant alerts on newly added Houses for sale in Rajagiriya – your dream property awaits! Subscribe now Create Alert Now Top Searches Houses for sale in Rajagiriya Apartments for sale in Rajagiriya Commercial property for sale in Rajagiriya Bungalows for sale in Rajagiriya Hotels for sale in Rajagiriya Villas for sale in Rajagiriya Studio/Bedsit for sale in Rajagiriya Featured Projects Altair More Details Aarana Boutique Residencies More Details The Elizabeth Colombo 07 More Details Mon Vie More Details Marina Square More Details ASTORIA More Details Property Saved!. Manage Favorite not saved! Try again Favorite removed! Ok Share Save Contact Advertiser Silver Agent Seth Fernando Agent Check Availability 94-7738... WHATSAPP EMAIL Share this property Email to a friend Messenger Whatsapp Viber X Linkedin Telegram Copy url More Share Options Seth Fernando Agent Please enter your details Interested in this property or want more details? Fill out the form below, and the advertiser will get in touch with you shortly! SUBMIT CALL CHAT Report this AD Please select a reason Not a property ad Property not available anymore No such property Incorrect contact details Advertiser unresponsive Unrealistic price Image on ad is not that of property Spam Scam/Fake ad Other Submit Please Enter Your Details To view the seller's number, please enter your name, email and contact number. This will help the seller follow up on your inquiry. Show Phone Number Silver Agent Seth Fernando (Agent) Seth Fernando 94-773844907 Call Now Silver Agent Seth Fernando (Agent) Seth Fernando 94-773844907 WhatsApp Find your favourite properties from the top of the page Click on the star icon to view your favourite ads LankaProperty web - Email property to a friend Send Email Please Enter Your Details To contact the advertiser on whatsapp, please enter your name, email and contact number. This will help the seller follow up on your inquiry. WHATSAPP Navigation Home Sales Rentals Land Featured Projects Ideal Home Post your ad Wanted Find Agent Our Services Market Insights House Price Index Invest Land Price Index Businesses for Sale Home Loan Comparison Property Buying Guide Maps News & Guides Become a Member Login All ads Features & Tools Home Loan Calculator Location Guide Trending Properties Price Meter Top Investment Properties Below Market Value Properties Email Alerts Market Outlook Report ROI Calculator Country Sri Lanka Maldives USA About Help Contact Us About Us Terms and Conditions Privacy Policy Careers Events Follow us on Social Media Subscribe to our newsletter You have successfully signed up for our newsletter Subscribe © Copyright LankaPropertyWeb.com, lpw.lk 2026 | All Rights Reserved × Newsletter You have successfully signed up for our newsletter Close Save Properties in Your Account × View saved properties Keep search history across devices See which properties you have contacted Continue with Google OR Login By registering you accept our Terms & Conditions and our privacy policy ."
https://www.lankapropertyweb.com/sale/property_details-5934243.html,5934243,2026-08-10T10:36:33.294987+00:00,(BH33) Two Storey House for Sale in Wattala,"View all > Houses > Apartments > Commercial > Bungalows > Villas > Studio
/ Bedsit > Warehouse > Featured developments for sale > New Beachfront Projects > Newly
built property for sale > Colonial
Houses for sale > Urgent properties for sale > Luxury
Apartments > Mid-range
Apartments > Bungalows
in Nuwara Eliya > Houses
in Battaramulla area > Commercial property for sale
in
Colombo > Hotels for Sale > Warehouses for sale > Brand
new apartment > Beachfront properties for sale > Beachfront Apartments for sale > Below Market Value properties > Sri Lanka House Price Index > Sri Lanka Land Price Index > Guide for
foreigners
buying property > All property for Rent > Houses > Apartments > Commercial > Bungalows > Annexes > Hostels > Villas > Studio
/ Bedsit > Rooms
/ Boarding Places > View All Featured Properties > Warehouses for rent > Newly built property for rent > Urgent properties to let > Short
term rentals > Office spaces in
Colombo > Co-working places > House Prices > Find All Land for Sale or Lease > Bare
Land > Beachfront
Land > Cultivated
/ Agriculture > Land
with House > Tea
Estate Land > Rubber
Estate Land > Coconut
Estate Land > Paddy
(Rice) Land > Cinnamon
Estate Land > Waterfront
Land > Featured Land Projects > Lands
in Nuwara Eliya > Investment Lands
within 1 hour of Colombo > Lands
for less than 1 lakh a perch in Western Province > Cultivation
lands within 1 hour from Colombo > Land
Prices in Greater Colombo > View All New Projects > Featured Projects > Apartment FinderNew > Featured Land Projects > Condo Directory > Property
Valuations > Legal
Assistance > Document
preparation & submission > Mortgage
Advice > Fees
& taxes payment > Personal
Assistance > Other
Services > Market
Research and Advisory > Property
Buying Advisory > Business
Buying or Selling Advisory > Property
Buying Assistance for Foreigners > Advisory on Investing
in Sri Lanka > House
Construction > Packers &
Movers > Solar Panels > Invest Home > Top Investment
Properties > Luxury
Apartments > Mid-range
Apartments > Lands and
Bungalows
in Nuwara Eliya > Houses in
Battaramulla area > Cultivation
lands > Investment Lands
within 1 hour of Colombo > Commercial
property
for sale in Colombo > Hotels for
Sale > ROI calculator > Trending Properties > Top Investment
properties > House Price Index > Land price
index > Home Loan Rates > Home
Loan Calculator > Home
Loan Comparison > Market Insights > Price Meter > Property Buying Guide > Foreign Buyers'
Guide > Capital
Gains Tax > Sri Lanka House Price Index > Sri Lanka Land Price Index > Membership Benefits > Market Outlook Report > News & Guides > View All Wanted Properties > Houses wanted > Apartments wanted > Land wanted > Commercial Buildings > Rooms wanted > Post Your
Ad > View All Agents / Agents
Directory > Promote your
property > Become an Agent > Residential
sales > Letting
Agents > Commercial
property agents > Land Sales > Buyer
& Seller Assistance > Promote
your property > View All
Businesses for
Sale > Real
Estate > Restaurant > Construction > Agriculture > Tech > Hospitality > Business > Manufacturing > Garment-Textile > Services-BPO > Maps of Sri Lanka > Area Guide > Point of
Interests > Property Buying Guide > Foreign Buyers'
Guide > Capital
Gains Tax > Sri Lanka House Price Index > Sri Lanka Land Price Index > Membership Benefits > News & Guides > About us > Careers > Contact Us > Events > FAQs > Ideal Home > Appliances &
Electronics > Furniture > Household items > Solar & Hot Water > Bathrooms > Gardening > Kitchen > Professionals > Flooring > House Construction > Lighting > Service Providers > Other Services > Home > ... > Sales > Gampaha District > Wattala > House > Home > ... > Sales > Gampaha District > Wattala > House",Wattala,"Rs. 60,000,000


















",60000000.0,True,House,5,3 bathrooms,3476 sq.ft.,,12.56 perches,Available Now,,,,5.0,3.0,3476.0,12.56,"{""Bathrooms/WCs"": ""3"", ""Agent Ref"": ""BH33""}","• Two storey house located in Enderamulla, Wattala, situated in a peaceful and exclusive residential neighborhood with convenient access. ◉ Property Features ➤ Two storey house ➤ 5 bedrooms ➤ 3 bathrooms ➤ Spacious living area ➤ Dining area ➤ Kitchen with pantry ➤ 10 ft wide road access ➤ Peaceful surrounding environment ◉ Amenities ➤ Balconies ➤ Tiled flooring ➤ Parking spaces ➤ Water ➤ Electricity ➤ Garden space ➤ Surrounded wall ➤ Clear Deed ➤ COC Available (If Applicable) ★ Close Areas - ★ Approx. 450m to Pettah-Kadawatha Road (261 bus route) ★ Approx. 1.9km to Enderamulla Railway Station ★ Approx. 8–10 mins to Colombo North Teaching Hospital (Ragama) ★ Close to International Schools, Hospitals, Banks, Super Markets ★ All infrastructure perfectly available including waste collection service. ★ There is no legal or financial issues associated with the property. ⇨ Feel free to call for an appointment or for More information Contact PEO Land Real Estate (Pvt) Ltd GENUINE BUYERS ONLY *NO BROKERS* (බ්‍රෝකර්වරු ඇමතීමෙන් වලකින්න) Social Media : Facebook | YouTube | WhatsApp | Instagram | Tiktok | peolands.com | Peo Land Real Estate (Pvt) Ltd"
https://www.lankapropertyweb.com/sale/property_details-5934237.html,5934237,2026-08-10T10:36:35.916484+00:00,"(HH332) Two Storey House for Sale in Amunugoda, Gampaha","View all > Houses > Apartments > Commercial > Bungalows > Villas > Studio
/ Bedsit > Warehouse > Featured developments for sale > New Beachfront Projects > Newly
built property for sale > Colonial
Houses for sale > Urgent properties for sale > Luxury
Apartments > Mid-range
Apartments > Bungalows
in Nuwara Eliya > Houses
in Battaramulla area > Commercial property for sale
in
Colombo > Hotels for Sale > Warehouses for sale > Brand
new apartment > Beachfront properties for sale > Beachfront Apartments for sale > Below Market Value properties > Sri Lanka House Price Index > Sri Lanka Land Price Index > Guide for
foreigners
buying property > All property for Rent > Houses > Apartments > Commercial > Bungalows > Annexes > Hostels > Villas > Studio
/ Bedsit > Rooms
/ Boarding Places > View All Featured Properties > Warehouses for rent > Newly built property for rent > Urgent properties to let > Short
term rentals > Office spaces in
Colombo > Co-working places > House Prices > Find All Land for Sale or Lease > Bare
Land > Beachfront
Land > Cultivated
/ Agriculture > Land
with House > Tea
Estate Land > Rubber
Estate Land > Coconut
Estate Land > Paddy
(Rice) Land > Cinnamon
Estate Land > Waterfront
Land > Featured Land Projects > Lands
in Nuwara Eliya > Investment Lands
within 1 hour of Colombo > Lands
for less than 1 lakh a perch in Western Province > Cultivation
lands within 1 hour from Colombo > Land
Prices in Greater Colombo > View All New Projects > Featured Projects > Apartment FinderNew > Featured Land Projects > Condo Directory > Property
Valuations > Legal
Assistance > Document
preparation & submission > Mortgage
Advice > Fees
& taxes payment > Personal
Assistance > Other
Services > Market
Research and Advisory > Property
Buying Advisory > Business
Buying or Selling Advisory > Property
Buying Assistance for Foreigners > Advisory on Investing
in Sri Lanka > House
Construction > Packers &
Movers > Solar Panels > Invest Home > Top Investment
Properties > Luxury
Apartments > Mid-range
Apartments > Lands and
Bungalows
in Nuwara Eliya > Houses in
Battaramulla area > Cultivation
lands > Investment Lands
within 1 hour of Colombo > Commercial
property
for sale in Colombo > Hotels for
Sale > ROI calculator > Trending Properties > Top Investment
properties > House Price Index > Land price
index > Home Loan Rates > Home
Loan Calculator > Home
Loan Comparison > Market Insights > Price Meter > Property Buying Guide > Foreign Buyers'
Guide > Capital
Gains Tax > Sri Lanka House Price Index > Sri Lanka Land Price Index > Membership Benefits > Market Outlook Report > News & Guides > View All Wanted Properties > Houses wanted > Apartments wanted > Land wanted > Commercial Buildings > Rooms wanted > Post Your
Ad > View All Agents / Agents
Directory > Promote your
property > Become an Agent > Residential
sales > Letting
Agents > Commercial
property agents > Land Sales > Buyer
& Seller Assistance > Promote
your property > View All
Businesses for
Sale > Real
Estate > Restaurant > Construction > Agriculture > Tech > Hospitality > Business > Manufacturing > Garment-Textile > Services-BPO > Maps of Sri Lanka > Area Guide > Point of
Interests > Property Buying Guide > Foreign Buyers'
Guide > Capital
Gains Tax > Sri Lanka House Price Index > Sri Lanka Land Price Index > Membership Benefits > News & Guides > About us > Careers > Contact Us > Events > FAQs > Ideal Home > Appliances &
Electronics > Furniture > Household items > Solar & Hot Water > Bathrooms > Gardening > Kitchen > Professionals > Flooring > House Construction > Lighting > Service Providers > Other Services > Home > ... > Sales > Gampaha District > Gampaha > House > Home > ... > Sales > Gampaha District > Gampaha > House",Gampaha,"Rs. 35,000,000


















",35000000.0,True,House,4,2 bathrooms,2200 sq.ft.,,16 perches,Available Now,,,,4.0,2.0,2200.0,16.0,"{""Bathrooms/WCs"": ""2"", ""Agent Ref"": ""HH332""}","• Two storey house located in Amunugoda, Gampaha, ideal for comfortable family living in a peaceful and residential neighborhood with easy access to main roads. ◉ Property Features ➤ 4 bedrooms ➤ 2 bathrooms ➤ Living area ➤ Dining area ➤ Kitchen area ◉ Amenities ➤ Balcony ➤ Fully tiled floors ➤ Parking spaces ➤ Sliding gate ➤ Water & electricity ➤ Finishing roof ➤ Garden space ➤ Surrounded wall ➤ Clear deed ➤ Well water Viewings can be arranged by prior appointment only ★ Close Areas - ★ 5 minutes to Kandy Road ★ Close to Ganemulla Town ★ Close to International Schools, Hospitals, Banks & Supermarkets ★ All infrastructure perfectly available including waste collection service ★ There is no legal or financial issues associated with the property ⇨ Feel free to call for an appointment or for More information Contact PEO Land Real Estate (Pvt) Ltd GENUINE BUYERS ONLY *NO BROKERS* (බ්‍රෝකර්වරු ඇමතීමෙන් වලකින්න) Social Media : Facebook | YouTube | WhatsApp| Instagram | Tiktok| peolands.com| Peo Land Real Estate (Pvt) Ltd"
https://www.lankapropertyweb.com/sale/property_details-5903334.html,5903334,2026-08-10T10:36:38.636834+00:00,House for Sale in Boralesgamuwa,"View all > Houses > Apartments > Commercial > Bungalows > Villas > Studio
/ Bedsit > Warehouse > Featured developments for sale > New Beachfront Projects > Newly
built property for sale > Colonial
Houses for sale > Urgent properties for sale > Luxury
Apartments > Mid-range
Apartments > Bungalows
in Nuwara Eliya > Houses
in Battaramulla area > Commercial property for sale
in
Colombo > Hotels for Sale > Warehouses for sale > Brand
new apartment > Beachfront properties for sale > Beachfront Apartments for sale > Below Market Value properties > Sri Lanka House Price Index > Sri Lanka Land Price Index > Guide for
foreigners
buying property > All property for Rent > Houses > Apartments > Commercial > Bungalows > Annexes > Hostels > Villas > Studio
/ Bedsit > Rooms
/ Boarding Places > View All Featured Properties > Warehouses for rent > Newly built property for rent > Urgent properties to let > Short
term rentals > Office spaces in
Colombo > Co-working places > House Prices > Find All Land for Sale or Lease > Bare
Land > Beachfront
Land > Cultivated
/ Agriculture > Land
with House > Tea
Estate Land > Rubber
Estate Land > Coconut
Estate Land > Paddy
(Rice) Land > Cinnamon
Estate Land > Waterfront
Land > Featured Land Projects > Lands
in Nuwara Eliya > Investment Lands
within 1 hour of Colombo > Lands
for less than 1 lakh a perch in Western Province > Cultivation
lands within 1 hour from Colombo > Land
Prices in Greater Colombo > View All New Projects > Featured Projects > Apartment FinderNew > Featured Land Projects > Condo Directory > Property
Valuations > Legal
Assistance > Document
preparation & submission > Mortgage
Advice > Fees
& taxes payment > Personal
Assistance > Other
Services > Market
Research and Advisory > Property
Buying Advisory > Business
Buying or Selling Advisory > Property
Buying Assistance for Foreigners > Advisory on Investing
in Sri Lanka > House
Construction > Packers &
Movers > Solar Panels > Invest Home > Top Investment
Properties > Luxury
Apartments > Mid-range
Apartments > Lands and
Bungalows
in Nuwara Eliya > Houses in
Battaramulla area > Cultivation
lands > Investment Lands
within 1 hour of Colombo > Commercial
property
for sale in Colombo > Hotels for
Sale > ROI calculator > Trending Properties > Top Investment
properties > House Price Index > Land price
index > Home Loan Rates > Home
Loan Calculator > Home
Loan Comparison > Market Insights > Price Meter > Property Buying Guide > Foreign Buyers'
Guide > Capital
Gains Tax > Sri Lanka House Price Index > Sri Lanka Land Price Index > Membership Benefits > Market Outlook Report > News & Guides > View All Wanted Properties > Houses wanted > Apartments wanted > Land wanted > Commercial Buildings > Rooms wanted > Post Your
Ad > View All Agents / Agents
Directory > Promote your
property > Become an Agent > Residential
sales > Letting
Agents > Commercial
property agents > Land Sales > Buyer
& Seller Assistance > Promote
your property > View All
Businesses for
Sale > Real
Estate > Restaurant > Construction > Agriculture > Tech > Hospitality > Business > Manufacturing > Garment-Textile > Services-BPO > Maps of Sri Lanka > Area Guide > Point of
Interests > Property Buying Guide > Foreign Buyers'
Guide > Capital
Gains Tax > Sri Lanka House Price Index > Sri Lanka Land Price Index > Membership Benefits > News & Guides > About us > Careers > Contact Us > Events > FAQs > Ideal Home > Appliances &
Electronics > Furniture > Household items > Solar & Hot Water > Bathrooms > Gardening > Kitchen > Professionals > Flooring > House Construction > Lighting > Service Providers > Other Services > Home > ... > Sales > Colombo District > Boralesgamuwa > House > Home > ... > Sales > Colombo District > Boralesgamuwa > House",Boralesgamuwa,"Rs. 25,000,000


















",25000000.0,True,House,2,,,,7.57 perches,Available soon,,,,2.0,,,7.57,"{""Bathrooms/WCs"": ""2""}","7.57 perches with a house and annex 3 blocks from Dehiwala - Maharagama main road Near Bellanvilla Temple Separate electricity for house and the annex Explore Neighbourhood - Map View Boralesgamuwa [View on large map] Find out how much you can save with our Home Loan Calculator Buy this property for only Rs. 192,690 /month By obtaining a Home Loan through our banking partners *For a 20-year term with a 12% fixed interest rate, using the equated balance payment method. By obtaining a Home Loan through our banking partners *For a 20-year term with a 12% fixed interest rate, using the equated balance payment method. More Details Property prices in Boralesgamuwa Buy Rent Average Sale Price is Rs. 20,500 Per SQ.FT. PRICE TRENDS → 14.2% Price increased compared to last year Try our new price meter tool to find out the average price of a property in Boralesgamuwa Try our new price meter tool to find out the average price of a property in Boralesgamuwa PRICE METER → Contact Advertiser chamith Developer 94-7732... Click to view Number 94-7732... Click to view Number Chamith : 94-773220660 This advertiser has been advertising with us for 7 years Request a call back Please enter your phone number to request the advertiser to call you back Send SEND Important information : This ad has been posted on LankaPropertyWeb.com by the above mentioned advertiser. LankaPropertyWeb.com does not have any connection with this advertiser, nor do we vet the advertisers, guarantee their services, responsible for the accuracy of the ad's content or are responsible for services provided by the advertisers. LankaPropertyWeb.com does not provide any service other than list the advertisements posted by advertisers. You will be contacting the advertiser (owner/agent) of this property directly. We advise you to take precaution when making any payments or signing any agreements and be alert of any possible scams. If making any payments we recommend that you have two permanent & verified methods of contact of the payment receiver such as their landline number and home/business address. Posted/Edited: 82 days ago REPORT THIS AD Find Similar Properties Rs. 17M - 32M Boralesgamuwa View all View all 4 4 2100 sqft House for sale in Nugegoda Nugegoda Rs. 70M Negotiable 10 4 3500 sqft Ultra Modern 4 Bedroom House Construction in Thalawathugoda... Thalawathugoda Rs. 40.25M 10 6 3775 sqft Super Luxury 6 Br House CONSTRUCTION IN Battaramulla... Battaramulla Rs. 44.55M 10 3 2000 sqft 3 Bedroom House New Construction in Mount Lavinia for... Mount Lavinia Rs. 23.63M 10 5 7000 sqft BEST DEAL - Luxury 5-Bedroom House for Sale in Rajagiriya... Rajagiriya Rs. 300M 10 5 4750 sqft Luxury House for Sale Next to Weli Park, Nugegoda Nugegoda Rs. 180M Negotiable 10 4 2500 sqft Rajagiriya - Kalapaluwawa 04 Bedroom Upstair House... Rajagiriya Rs. 62M Negotiable 10 4 3000 sqft 4 Bedroom house for sales in Nugegoda for Rs. 87.5... Nugegoda Rs. 87.5M Negotiable 9 4 3000 sqft (PH979) Brand New Luxury House for Sale in Bo... Boralesgamuwa Rs. 109M 10 2 1000 sqft Luxury 2 Bedroom House in Boralesgamuwa // Rs. 14.6... Boralesgamuwa Rs. 14.63M 10 3 2000 sqft 3 Bedroom House With Private Pool in Boralesgamuwa... Boralesgamuwa Rs. 23.63M 10 4 4800 sqft (PH944) Super Luxury modern House for Sale Bo... Boralesgamuwa Rs. 185M 10 7 4600 sqft 25 Perch 2 Storey House for Sale Boralesgamuwa PCCC... Boralesgamuwa Rs. 85M Negotiable 4 7 5400 sqft (SE1711)🏡✨ Brand New 7-Bedroom House for Sale... Boralesgamuwa Rs. 90M 9 5 4000 sqft (SE1425) Luxury 4BR Home for Sale in Summer Field Residences... Boralesgamuwa Rs. 130M 10 3 1600 sqft (AH158) Brand New Single Storey House for Sal... Kottawa Rs. 17.5M 10 3 885 sqft 8.28 Perch Land with an old house for Sale in Uswatte... Moratuwa Rs. 18M 4 3 5946 sqft House For Sale In Boralesgamuwa ( File Number 3034b ) Boralesgamuwa Rs. 18M 10 3 1600 sqft (AH159) Brand New Single Storey House for Sal... Kottawa Rs. 18.5M 10 3 1200 sqft (AH156) Brand New Modern House for Sale in Kottawa Kottawa Rs. 18.7M 10 4 1816 sqft 4 Bedroom house in Pita Kotte for Rs. 19.8 million... Pita Kotte Rs. 19.8M 10 4 1816 sqft 4 Bedroom house Construction in Dehiwala for Rs. 19.8... Dehiwala Rs. 19.8M 10 4 1816 sqft 4 Bedroom Luxury House Construction in Piliyandala... Piliyandala Rs. 19.8M VIEW ALL PROPERTIES Within Rs. 17M - 32M (139) VIEW ALL PROPERTIES FOR sale in Boralesgamuwa (91) VIEW ALL PROPERTIES Within (2406) Next Steps for Buyers Guide to Buying a Property Legal Assistance & Document Preparation Property Valuation Help & Advisory on Buying a Property Get help applying for a Housing Loan Find a House Mover View more There is no place like home Explore everything you need to build and decorate your dream home Visit Website Be the first to know Get instant alerts on newly added Houses for sale in Boralesgamuwa – your dream property awaits! Subscribe now Create Alert Now Top Searches Houses for sale in Boralesgamuwa Apartments for sale in Boralesgamuwa Commercial property for sale in Boralesgamuwa Bungalows for sale in Boralesgamuwa Hotels for sale in Boralesgamuwa Villas for sale in Boralesgamuwa Studio/Bedsit for sale in Boralesgamuwa Featured Projects Aarana Boutique Residencies More Details The Elizabeth Colombo 07 More Details Mon Vie More Details Marina Square More Details ASTORIA More Details Altair More Details Property Saved!. Manage Favorite not saved! Try again Favorite removed! Ok Share Save Contact Advertiser chamith Developer Check Availability 94-7732... WHATSAPP EMAIL Share this property Email to a friend Messenger Whatsapp Viber X Linkedin Telegram Copy url More Share Options chamith Developer Please enter your details Interested in this property or want more details? Fill out the form below, and the advertiser will get in touch with you shortly! SUBMIT CALL CHAT Report this AD Please select a reason Not a property ad Property not available anymore No such property Incorrect contact details Advertiser unresponsive Unrealistic price Image on ad is not that of property Spam Scam/Fake ad Other Submit Please Enter Your Details To view the seller's number, please enter your name, email and contact number. This will help the seller follow up on your inquiry. Show Phone Number chamith (Agent) Chamith 94-773220660 Call Now chamith (Agent) Chamith 94-773220660 WhatsApp Find your favourite properties from the top of the page Click on the star icon to view your favourite ads LankaProperty web - Email property to a friend Send Email Please Enter Your Details To contact the advertiser on whatsapp, please enter your name, email and contact number. This will help the seller follow up on your inquiry. WHATSAPP Navigation Home Sales Rentals Land Featured Projects Ideal Home Post your ad Wanted Find Agent Our Services Market Insights House Price Index Invest Land Price Index Businesses for Sale Home Loan Comparison Property Buying Guide Maps News & Guides Become a Member Login All ads Features & Tools Home Loan Calculator Location Guide Trending Properties Price Meter Top Investment Properties Below Market Value Properties Email Alerts Market Outlook Report ROI Calculator Country Sri Lanka Maldives USA About Help Contact Us About Us Terms and Conditions Privacy Policy Careers Events Follow us on Social Media Subscribe to our newsletter You have successfully signed up for our newsletter Subscribe © Copyright LankaPropertyWeb.com, lpw.lk 2026 | All Rights Reserved × Newsletter You have successfully signed up for our newsletter Close Save Properties in Your Account × View saved properties Keep search history across devices See which properties you have contacted Continue with Google OR Login By registering you accept our Terms & Conditions and our privacy policy ."
https://www.lankapropertyweb.com/sale/property_details-5934249.html,5934249,2026-08-10T10:36:42.683325+00:00,"(DH258) Apartment for Sale in Piliyandala, Gangarama Road","View all > Houses > Apartments > Commercial > Bungalows > Villas > Studio
/ Bedsit > Warehouse > Featured developments for sale > New Beachfront Projects > Newly
built property for sale > Colonial
Houses for sale > Urgent properties for sale > Luxury
Apartments > Mid-range
Apartments > Bungalows
in Nuwara Eliya > Houses
in Battaramulla area > Commercial property for sale
in
Colombo > Hotels for Sale > Warehouses for sale > Brand
new apartment > Beachfront properties for sale > Beachfront Apartments for sale > Below Market Value properties > Sri Lanka House Price Index > Sri Lanka Land Price Index > Guide for
foreigners
buying property > All property for Rent > Houses > Apartments > Commercial > Bungalows > Annexes > Hostels > Villas > Studio
/ Bedsit > Rooms
/ Boarding Places > View All Featured Properties > Warehouses for rent > Newly built property for rent > Urgent properties to let > Short
term rentals > Office spaces in
Colombo > Co-working places > House Prices > Find All Land for Sale or Lease > Bare
Land > Beachfront
Land > Cultivated
/ Agriculture > Land
with House > Tea
Estate Land > Rubber
Estate Land > Coconut
Estate Land > Paddy
(Rice) Land > Cinnamon
Estate Land > Waterfront
Land > Featured Land Projects > Lands
in Nuwara Eliya > Investment Lands
within 1 hour of Colombo > Lands
for less than 1 lakh a perch in Western Province > Cultivation
lands within 1 hour from Colombo > Land
Prices in Greater Colombo > View All New Projects > Featured Projects > Apartment FinderNew > Featured Land Projects > Condo Directory > Property
Valuations > Legal
Assistance > Document
preparation & submission > Mortgage
Advice > Fees
& taxes payment > Personal
Assistance > Other
Services > Market
Research and Advisory > Property
Buying Advisory > Business
Buying or Selling Advisory > Property
Buying Assistance for Foreigners > Advisory on Investing
in Sri Lanka > House
Construction > Packers &
Movers > Solar Panels > Invest Home > Top Investment
Properties > Luxury
Apartments > Mid-range
Apartments > Lands and
Bungalows
in Nuwara Eliya > Houses in
Battaramulla area > Cultivation
lands > Investment Lands
within 1 hour of Colombo > Commercial
property
for sale in Colombo > Hotels for
Sale > ROI calculator > Trending Properties > Top Investment
properties > House Price Index > Land price
index > Home Loan Rates > Home
Loan Calculator > Home
Loan Comparison > Market Insights > Price Meter > Property Buying Guide > Foreign Buyers'
Guide > Capital
Gains Tax > Sri Lanka House Price Index > Sri Lanka Land Price Index > Membership Benefits > Market Outlook Report > News & Guides > View All Wanted Properties > Houses wanted > Apartments wanted > Land wanted > Commercial Buildings > Rooms wanted > Post Your
Ad > View All Agents / Agents
Directory > Promote your
property > Become an Agent > Residential
sales > Letting
Agents > Commercial
property agents > Land Sales > Buyer
& Seller Assistance > Promote
your property > View All
Businesses for
Sale > Real
Estate > Restaurant > Construction > Agriculture > Tech > Hospitality > Business > Manufacturing > Garment-Textile > Services-BPO > Maps of Sri Lanka > Area Guide > Point of
Interests > Property Buying Guide > Foreign Buyers'
Guide > Capital
Gains Tax > Sri Lanka House Price Index > Sri Lanka Land Price Index > Membership Benefits > News & Guides > About us > Careers > Contact Us > Events > FAQs > Ideal Home > Appliances &
Electronics > Furniture > Household items > Solar & Hot Water > Bathrooms > Gardening > Kitchen > Professionals > Flooring > House Construction > Lighting > Service Providers > Other Services > Home > ... > Sales > Colombo District > Piliyandala > House > Home > ... > Sales > Colombo District > Piliyandala > House",Piliyandala,"Rs. 6,000,000


















",6000000.0,True,House,2,1 bathroom,560 sq.ft.,,,Available Now,,,,2.0,1.0,560.0,,"{""Bathrooms/WCs"": ""1"", ""Agent Ref"": ""DH258""}","• Apartment unit located in Symondale scheme, Gangarama Road, Piliyandala on the 3rd floor (Flat No: C/3/4), situated in a peaceful residential environment. ◉ Property Features ➤ 2 bedrooms ➤ 1 bathroom ➤ Living room ➤ Dining area ➤ Kitchen area ➤ Space for washing machine ➤ Not occupied for the last 15 years ◉ Amenities ➤ Cement floor ➤ Ceiling fan ➤ Light fittings ➤ Window grills ➤ Electricity ➤ Water supply ★ Close Areas - ★ Close to supermarkets, banks, government & international schools ★ All infrastructure perfectly available including waste collection service ★ No legal or financial issues associated with the property ⇨ Feel free to call for an appointment or for More information Contact PEO Land Real Estate (Pvt) Ltd GENUINE BUYERS ONLY *NO BROKERS* (බ්‍රෝකර්වරු ඇමතීමෙන් වලකින්න) Social Media : Facebook | YouTube | WhatsApp| Instagram | Tiktok| peolands.com| PEO Land Real Estate (Pvt) Ltd"
https://www.lankapropertyweb.com/sale/property_details-5775872.html,5775872,2026-08-10T10:36:46.437326+00:00,7 Bedroom house for sales in Homagama for Rs. 45 million (Negotiable),"View all > Houses > Apartments > Commercial > Bungalows > Villas > Studio
/ Bedsit > Warehouse > Featured developments for sale > New Beachfront Projects > Newly
built property for sale > Colonial
Houses for sale > Urgent properties for sale > Luxury
Apartments > Mid-range
Apartments > Bungalows
in Nuwara Eliya > Houses
in Battaramulla area > Commercial property for sale
in
Colombo > Hotels for Sale > Warehouses for sale > Brand
new apartment > Beachfront properties for sale > Beachfront Apartments for sale > Below Market Value properties > Sri Lanka House Price Index > Sri Lanka Land Price Index > Guide for
foreigners
buying property > All property for Rent > Houses > Apartments > Commercial > Bungalows > Annexes > Hostels > Villas > Studio
/ Bedsit > Rooms
/ Boarding Places > View All Featured Properties > Warehouses for rent > Newly built property for rent > Urgent properties to let > Short
term rentals > Office spaces in
Colombo > Co-working places > House Prices > Find All Land for Sale or Lease > Bare
Land > Beachfront
Land > Cultivated
/ Agriculture > Land
with House > Tea
Estate Land > Rubber
Estate Land > Coconut
Estate Land > Paddy
(Rice) Land > Cinnamon
Estate Land > Waterfront
Land > Featured Land Projects > Lands
in Nuwara Eliya > Investment Lands
within 1 hour of Colombo > Lands
for less than 1 lakh a perch in Western Province > Cultivation
lands within 1 hour from Colombo > Land
Prices in Greater Colombo > View All New Projects > Featured Projects > Apartment FinderNew > Featured Land Projects > Condo Directory > Property
Valuations > Legal
Assistance > Document
preparation & submission > Mortgage
Advice > Fees
& taxes payment > Personal
Assistance > Other
Services > Market
Research and Advisory > Property
Buying Advisory > Business
Buying or Selling Advisory > Property
Buying Assistance for Foreigners > Advisory on Investing
in Sri Lanka > House
Construction > Packers &
Movers > Solar Panels > Invest Home > Top Investment
Properties > Luxury
Apartments > Mid-range
Apartments > Lands and
Bungalows
in Nuwara Eliya > Houses in
Battaramulla area > Cultivation
lands > Investment Lands
within 1 hour of Colombo > Commercial
property
for sale in Colombo > Hotels for
Sale > ROI calculator > Trending Properties > Top Investment
properties > House Price Index > Land price
index > Home Loan Rates > Home
Loan Calculator > Home
Loan Comparison > Market Insights > Price Meter > Property Buying Guide > Foreign Buyers'
Guide > Capital
Gains Tax > Sri Lanka House Price Index > Sri Lanka Land Price Index > Membership Benefits > Market Outlook Report > News & Guides > View All Wanted Properties > Houses wanted > Apartments wanted > Land wanted > Commercial Buildings > Rooms wanted > Post Your
Ad > View All Agents / Agents
Directory > Promote your
property > Become an Agent > Residential
sales > Letting
Agents > Commercial
property agents > Land Sales > Buyer
& Seller Assistance > Promote
your property > View All
Businesses for
Sale > Real
Estate > Restaurant > Construction > Agriculture > Tech > Hospitality > Business > Manufacturing > Garment-Textile > Services-BPO > Maps of Sri Lanka > Area Guide > Point of
Interests > Property Buying Guide > Foreign Buyers'
Guide > Capital
Gains Tax > Sri Lanka House Price Index > Sri Lanka Land Price Index > Membership Benefits > News & Guides > About us > Careers > Contact Us > Events > FAQs > Ideal Home > Appliances &
Electronics > Furniture > Household items > Solar & Hot Water > Bathrooms > Gardening > Kitchen > Professionals > Flooring > House Construction > Lighting > Service Providers > Other Services > Home > ... > Sales > Colombo District > Homagama > House > Home > ... > Sales > Colombo District > Homagama > House",Homagama,Rs. 45 m,45000000.0,True,House,7,02 Bathrooms,2000 sq.ft.,,15 perches,Available Now,Unfurnished,,,7.0,2.0,2000.0,15.0,"{""Bathrooms/WCs"": ""5"", ""Agent Ref"": ""7BRh-HMG""}","03 Floors 07 Bedrooms 02 Bathrooms 03 WC 02 Vehicles can be park Property Features HOT WATER MAINLINE WATER 3 PHASE ELECTRICITY GARAGE MAID'S ROOM MAID'S TOILET Explore Neighbourhood - Map View Homagama [View on large map] Find out how much you can save with our Home Loan Calculator Buy this property for only Rs. 346,842 /month By obtaining a Home Loan through our banking partners *For a 20-year term with a 12% fixed interest rate, using the equated balance payment method. By obtaining a Home Loan through our banking partners *For a 20-year term with a 12% fixed interest rate, using the equated balance payment method. More Details Property prices in Homagama Buy Average Sale Price is Rs. 15,400 Per SQ.FT. PRICE TRENDS → 40.6% Price increased compared to last year Try our new price meter tool to find out the average price of a property in Homagama Try our new price meter tool to find out the average price of a property in Homagama PRICE METER → Contact Advertiser Maduranga Developer 94-7679... Click to view Number 94-7679... Click to view Number Maduranga : 94-767956969 This advertiser has been advertising with us for 7 years Request a call back Please enter your phone number to request the advertiser to call you back Send SEND Important information : This ad has been posted on LankaPropertyWeb.com by the above mentioned advertiser. LankaPropertyWeb.com does not have any connection with this advertiser, nor do we vet the advertisers, guarantee their services, responsible for the accuracy of the ad's content or are responsible for services provided by the advertisers. LankaPropertyWeb.com does not provide any service other than list the advertisements posted by advertisers. You will be contacting the advertiser (owner/agent) of this property directly. We advise you to take precaution when making any payments or signing any agreements and be alert of any possible scams. If making any payments we recommend that you have two permanent & verified methods of contact of the payment receiver such as their landline number and home/business address. Posted/Edited: 213 days ago REPORT THIS AD Find Similar Properties Rs. 31M - 58M Rs. 20K - 30K PSF Homagama View all View all View all 9 7 3500 sqft Ref(P-GUNAWA-785)House for Sale – Kottawa For 70... Kottawa Rs. 70M 7 3 1250 sqft Newly Build Single Story House For Sale In Homagama Homagama Rs. 25M ONO 4 3 2500 sqft House for Sale in Udawatta Road – Malabe | LKR 50... Malabe Rs. 50M 5 3 1050 sqft (AH168) Brand New Single Storey House for Sal... Godagama Rs. 21M 10 5 4000 sqft 2 Storey House for Sale in Pannipitiya (SH 15152) Pannipitiya Rs. 80M 10 3 1800 sqft (MH493) Modern Two Storey House for Sale in Pannipitiya Pannipitiya Rs. 36M 9 4 2450 sqft Modern Designed Luxury Three Story House For Sale In... Homagama Rs. 49M ONO 6 3 1735 sqft Modern Two-Story House for Sale in Athurugiriya Athurugiriya Rs. 35M 10 4 2276 sqft Brand New House for Sale in Homagama Homagama Rs. 44.5M 10 5 3500 sqft Super Luxury 5 Bedroom house in Homagama // Rs. 34.6... Homagama Rs. 34.65M 10 2 1400 sqft (AH180) Single Storey Brand New House for Sal... Homagama Rs. 24M 10 3 1413 sqft (DH569) Two Storey House for Sale in Homagama Homagama Rs. 19.5M 10 3 2000 sqft Luxury 3 Bedroom House in Homagama for Rs. 23.6 million... Homagama Rs. 23.63M 10 5 3000 sqft Brand New 5 Bedroom Luxury House for Sale – Homagama... Homagama Rs. 45M Negotiable 10 4 3150 sqft (DH23) Newly Built Two Storey House for Sale ... Homagama Rs. 31.5M 10 4 3150 sqft (DH23) Newly Built Two Storey House for Sale ... Homagama Rs. 31.5M 10 3 1550 sqft (MH478) Brand New Single Storey House for Sal... Athurugiriya Rs. 31.5M 10 3 1550 sqft Brand-New Single-Story Family Home Athurugiriya Athurugiriya Rs. 31.5M Negotiable 10 3 1500 sqft House For Sale – Polgasowita Polgasowita Rs. 32M 10 3 1300 sqft Brand New 3 Bed 2 Bathrooms for Sale Canterbury Garden... Kahathuduwa Rs. 32M 8 5 2500 sqft (SU337)🏡 Brand New Two-Story House For Sale –... Kottawa Rs. 32.5M 10 3 1580 sqft Brand New Single Storey Luxury House For Sale – Malabe... Malabe Rs. 32.5M Negotiable 8 3 2200 sqft New House for Sale in Meegoda Meegoda Rs. 32.5M VIEW ALL PROPERTIES Within Rs. 31M - 58M (272) VIEW ALL PROPERTIES FOR sale in Homagama (66) VIEW ALL PROPERTIES Within Rs. 20K - 30K PSF (122) Next Steps for Buyers Guide to Buying a Property Legal Assistance & Document Preparation Property Valuation Help & Advisory on Buying a Property Get help applying for a Housing Loan Find a House Mover View more There is no place like home Explore everything you need to build and decorate your dream home Visit Website Be the first to know Get instant alerts on newly added Houses for sale in Homagama – your dream property awaits! Subscribe now Create Alert Now Top Searches Houses for sale in Homagama Apartments for sale in Homagama Commercial property for sale in Homagama Bungalows for sale in Homagama Hotels for sale in Homagama Villas for sale in Homagama Studio/Bedsit for sale in Homagama Featured Projects Aarana Boutique Residencies More Details The Elizabeth Colombo 07 More Details Mon Vie More Details Marina Square More Details ASTORIA More Details Altair More Details Property Saved!. Manage Favorite not saved! Try again Favorite removed! Ok Share Save Contact Advertiser Maduranga Developer Check Availability 94-7679... WHATSAPP EMAIL Share this property Email to a friend Messenger Whatsapp Viber X Linkedin Telegram Copy url More Share Options Maduranga Developer Please enter your details Interested in this property or want more details? Fill out the form below, and the advertiser will get in touch with you shortly! SUBMIT CALL CHAT Report this AD Please select a reason Not a property ad Property not available anymore No such property Incorrect contact details Advertiser unresponsive Unrealistic price Image on ad is not that of property Spam Scam/Fake ad Other Submit Please Enter Your Details To view the seller's number, please enter your name, email and contact number. This will help the seller follow up on your inquiry. Show Phone Number Maduranga (Agent) Maduranga 94-767956969 Call Now Maduranga (Agent) Maduranga 94-767956969 WhatsApp Find your favourite properties from the top of the page Click on the star icon to view your favourite ads LankaProperty web - Email property to a friend Send Email Please Enter Your Details To contact the advertiser on whatsapp, please enter your name, email and contact number. This will help the seller follow up on your inquiry. WHATSAPP Navigation Home Sales Rentals Land Featured Projects Ideal Home Post your ad Wanted Find Agent Our Services Market Insights House Price Index Invest Land Price Index Businesses for Sale Home Loan Comparison Property Buying Guide Maps News & Guides Become a Member Login All ads Features & Tools Home Loan Calculator Location Guide Trending Properties Price Meter Top Investment Properties Below Market Value Properties Email Alerts Market Outlook Report ROI Calculator Country Sri Lanka Maldives USA About Help Contact Us About Us Terms and Conditions Privacy Policy Careers Events Follow us on Social Media Subscribe to our newsletter You have successfully signed up for our newsletter Subscribe © Copyright LankaPropertyWeb.com, lpw.lk 2026 | All Rights Reserved × Newsletter You have successfully signed up for our newsletter Close Save Properties in Your Account × View saved properties Keep search history across devices See which properties you have contacted Continue with Google OR Login By registering you accept our Terms & Conditions and our privacy policy ."
https://www.lankapropertyweb.com/sale/property_details-5934247.html,5934247,2026-08-10T10:36:50.096654+00:00,(BH10) Brand New Three Storey House for Sale in Ragama,"View all > Houses > Apartments > Commercial > Bungalows > Villas > Studio
/ Bedsit > Warehouse > Featured developments for sale > New Beachfront Projects > Newly
built property for sale > Colonial
Houses for sale > Urgent properties for sale > Luxury
Apartments > Mid-range
Apartments > Bungalows
in Nuwara Eliya > Houses
in Battaramulla area > Commercial property for sale
in
Colombo > Hotels for Sale > Warehouses for sale > Brand
new apartment > Beachfront properties for sale > Beachfront Apartments for sale > Below Market Value properties > Sri Lanka House Price Index > Sri Lanka Land Price Index > Guide for
foreigners
buying property > All property for Rent > Houses > Apartments > Commercial > Bungalows > Annexes > Hostels > Villas > Studio
/ Bedsit > Rooms
/ Boarding Places > View All Featured Properties > Warehouses for rent > Newly built property for rent > Urgent properties to let > Short
term rentals > Office spaces in
Colombo > Co-working places > House Prices > Find All Land for Sale or Lease > Bare
Land > Beachfront
Land > Cultivated
/ Agriculture > Land
with House > Tea
Estate Land > Rubber
Estate Land > Coconut
Estate Land > Paddy
(Rice) Land > Cinnamon
Estate Land > Waterfront
Land > Featured Land Projects > Lands
in Nuwara Eliya > Investment Lands
within 1 hour of Colombo > Lands
for less than 1 lakh a perch in Western Province > Cultivation
lands within 1 hour from Colombo > Land
Prices in Greater Colombo > View All New Projects > Featured Projects > Apartment FinderNew > Featured Land Projects > Condo Directory > Property
Valuations > Legal
Assistance > Document
preparation & submission > Mortgage
Advice > Fees
& taxes payment > Personal
Assistance > Other
Services > Market
Research and Advisory > Property
Buying Advisory > Business
Buying or Selling Advisory > Property
Buying Assistance for Foreigners > Advisory on Investing
in Sri Lanka > House
Construction > Packers &
Movers > Solar Panels > Invest Home > Top Investment
Properties > Luxury
Apartments > Mid-range
Apartments > Lands and
Bungalows
in Nuwara Eliya > Houses in
Battaramulla area > Cultivation
lands > Investment Lands
within 1 hour of Colombo > Commercial
property
for sale in Colombo > Hotels for
Sale > ROI calculator > Trending Properties > Top Investment
properties > House Price Index > Land price
index > Home Loan Rates > Home
Loan Calculator > Home
Loan Comparison > Market Insights > Price Meter > Property Buying Guide > Foreign Buyers'
Guide > Capital
Gains Tax > Sri Lanka House Price Index > Sri Lanka Land Price Index > Membership Benefits > Market Outlook Report > News & Guides > View All Wanted Properties > Houses wanted > Apartments wanted > Land wanted > Commercial Buildings > Rooms wanted > Post Your
Ad > View All Agents / Agents
Directory > Promote your
property > Become an Agent > Residential
sales > Letting
Agents > Commercial
property agents > Land Sales > Buyer
& Seller Assistance > Promote
your property > View All
Businesses for
Sale > Real
Estate > Restaurant > Construction > Agriculture > Tech > Hospitality > Business > Manufacturing > Garment-Textile > Services-BPO > Maps of Sri Lanka > Area Guide > Point of
Interests > Property Buying Guide > Foreign Buyers'
Guide > Capital
Gains Tax > Sri Lanka House Price Index > Sri Lanka Land Price Index > Membership Benefits > News & Guides > About us > Careers > Contact Us > Events > FAQs > Ideal Home > Appliances &
Electronics > Furniture > Household items > Solar & Hot Water > Bathrooms > Gardening > Kitchen > Professionals > Flooring > House Construction > Lighting > Service Providers > Other Services > Home > ... > Sales > Gampaha District > Ragama > House > Home > ... > Sales > Gampaha District > Ragama > House",Ragama,"Rs. 38,000,000


















",38000000.0,True,House,6,3 Bathrooms,4000 sq.ft.,,15 perches,Available Now,,,,6.0,3.0,4000.0,15.0,"{""Bathrooms/WCs"": ""3"", ""Agent Ref"": ""BH10""}","￭ Brand New Box Type Three Storey House for Sale in Ragama ￭ Peaceful & Highly Residential Neighborhood ￭ Facing 15 Feet Wide Road ￭ Ideal for Large Family Living or Investment ￭ Excellent Rental Income Potential ◉ Property Features ➤ 6 Bedrooms ➤ Master Bedroom with Air Conditioning ➤ 3 Bathrooms ➤ Large Living Area ➤ Dining Area ➤ Kitchen Area ➤ Pantry Area ➤ Brand New Three Storey House ➤ Spacious Layout ◉ Amenities ➤ Fully Tiled House ➤ Large Rooftop Terrace ➤ Parking for 3 Vehicles ➤ Sliding Gate ➤ Water & Electricity ➤ Surrounded Wall ➤ Freehold Clear Deed ➤ COC Approved ➤ Approved Building Plans ➤ 15 Feet Road Access Viewings can be arranged by prior appointment only ◉ Close Areas ➤ Ragama Town – 2 Minutes ➤ Kadawatha – 10 Minutes ➤ All Major Banks – 5 Minutes ➤ Ragama Teaching Hospital – 2 Minutes ➤ Close to Food City ➤ Close to Keells ➤ Close to Pharmacies ➤ Close to ATMs ➤ Close to Fuel Stations ★ All infrastructure perfectly available including waste collection service. ★ There is no legal or financial issues associated with the property. ★ Estimated rental income potential around Rs.150,000 per month. ★ Ideal for residential living or long-term investment. ⇨ Feel free to call for an appointment or for More information Contact PEO Land Real Estate (Pvt) Ltd GENUINE BUYERS ONLY *NO BROKERS* (බ්‍රෝකර්වරු ඇමතීමෙන් වලකින්න) Social Media : Facebook | YouTube | WhatsApp | Instagram | Tiktok | peolands.com | PEO Land Real Estate (Pvt) Ltd"
https://www.lankapropertyweb.com/sale/property_details-5934233.html,5934233,2026-08-10T10:36:53.431013+00:00,(AH183) 13.5 Perch Two Storey House for Sale in Mattegoda,"View all > Houses > Apartments > Commercial > Bungalows > Villas > Studio
/ Bedsit > Warehouse > Featured developments for sale > New Beachfront Projects > Newly
built property for sale > Colonial
Houses for sale > Urgent properties for sale > Luxury
Apartments > Mid-range
Apartments > Bungalows
in Nuwara Eliya > Houses
in Battaramulla area > Commercial property for sale
in
Colombo > Hotels for Sale > Warehouses for sale > Brand
new apartment > Beachfront properties for sale > Beachfront Apartments for sale > Below Market Value properties > Sri Lanka House Price Index > Sri Lanka Land Price Index > Guide for
foreigners
buying property > All property for Rent > Houses > Apartments > Commercial > Bungalows > Annexes > Hostels > Villas > Studio
/ Bedsit > Rooms
/ Boarding Places > View All Featured Properties > Warehouses for rent > Newly built property for rent > Urgent properties to let > Short
term rentals > Office spaces in
Colombo > Co-working places > House Prices > Find All Land for Sale or Lease > Bare
Land > Beachfront
Land > Cultivated
/ Agriculture > Land
with House > Tea
Estate Land > Rubber
Estate Land > Coconut
Estate Land > Paddy
(Rice) Land > Cinnamon
Estate Land > Waterfront
Land > Featured Land Projects > Lands
in Nuwara Eliya > Investment Lands
within 1 hour of Colombo > Lands
for less than 1 lakh a perch in Western Province > Cultivation
lands within 1 hour from Colombo > Land
Prices in Greater Colombo > View All New Projects > Featured Projects > Apartment FinderNew > Featured Land Projects > Condo Directory > Property
Valuations > Legal
Assistance > Document
preparation & submission > Mortgage
Advice > Fees
& taxes payment > Personal
Assistance > Other
Services > Market
Research and Advisory > Property
Buying Advisory > Business
Buying or Selling Advisory > Property
Buying Assistance for Foreigners > Advisory on Investing
in Sri Lanka > House
Construction > Packers &
Movers > Solar Panels > Invest Home > Top Investment
Properties > Luxury
Apartments > Mid-range
Apartments > Lands and
Bungalows
in Nuwara Eliya > Houses in
Battaramulla area > Cultivation
lands > Investment Lands
within 1 hour of Colombo > Commercial
property
for sale in Colombo > Hotels for
Sale > ROI calculator > Trending Properties > Top Investment
properties > House Price Index > Land price
index > Home Loan Rates > Home
Loan Calculator > Home
Loan Comparison > Market Insights > Price Meter > Property Buying Guide > Foreign Buyers'
Guide > Capital
Gains Tax > Sri Lanka House Price Index > Sri Lanka Land Price Index > Membership Benefits > Market Outlook Report > News & Guides > View All Wanted Properties > Houses wanted > Apartments wanted > Land wanted > Commercial Buildings > Rooms wanted > Post Your
Ad > View All Agents / Agents
Directory > Promote your
property > Become an Agent > Residential
sales > Letting
Agents > Commercial
property agents > Land Sales > Buyer
& Seller Assistance > Promote
your property > View All
Businesses for
Sale > Real
Estate > Restaurant > Construction > Agriculture > Tech > Hospitality > Business > Manufacturing > Garment-Textile > Services-BPO > Maps of Sri Lanka > Area Guide > Point of
Interests > Property Buying Guide > Foreign Buyers'
Guide > Capital
Gains Tax > Sri Lanka House Price Index > Sri Lanka Land Price Index > Membership Benefits > News & Guides > About us > Careers > Contact Us > Events > FAQs > Ideal Home > Appliances &
Electronics > Furniture > Household items > Solar & Hot Water > Bathrooms > Gardening > Kitchen > Professionals > Flooring > House Construction > Lighting > Service Providers > Other Services > Home > ... > Sales > Colombo District > Kottawa > House > Home > ... > Sales > Colombo District > Kottawa > House",Kottawa,"Rs. 36,500,000


















",36500000.0,True,House,3,,2250 sq.ft.,,13.5 perches,Available Now,,,,3.0,,2250.0,13.5,"{""Bathrooms/WCs"": ""2"", ""Agent Ref"": ""AH183""}","• Spacious two storey house located at Salgas Junction, Mattegoda, Kottawa. Situated in a highly residential area with excellent accessibility to the University of Sri Jayewardenepura Faculty of Engineering and major roads, this property is ideal for residential living, a residence office or other residential purposes. ◉ Property Features ➤ 13.5 Perch Land ➤ Two Storey House ➤ 3 Spacious Bedrooms ➤ Visitor's Bedroom on Ground Floor ➤ Master Bedroom on First Floor ➤ Common Bathroom ➤ Spacious Living Area ➤ Dining Area ➤ Modern Pantry ➤ Wet Kitchen ➤ Maid's Bathroom ➤ Garage ➤ Two Way Access to Bedroom ➤ Brick Walls ➤ Electricity ➤ Tap Line Water ➤ Overhead Water Tank ➤ 15 Ft Wide Access Road ➤ Suitable for Residence, Residence Office or Residential Work ◉ Amenities ➤ Highly Residential Environment ➤ Walking Distance to University ➤ Excellent Accessibility ➤ Essential Urban Facilities Available ★ Close Areas - ★ 100m to Kottawa - Polgasowita Road ★ 500m to University of Sri Jayewardenepura, Faculty of Engineering ★ 5km to Kottawa Town ★ 6km to Kottawa Interchange ★ Close to Schools, Super Markets, Banks, Hospitals & Public Transport ★ All infrastructure perfectly available including waste collection service. ★ There is no legal or financial issues associated with the property. ⇨ Feel free to call for an appointment or for More information Contact PEO Land Real Estate (Pvt) Ltd GENUINE BUYERS ONLY *NO BROKERS* (බ්‍රෝකර්වරු ඇමතීමෙන් වලකින්න) Social Media : Facebook | YouTube | WhatsApp | Instagram | Tiktok | peolands.com | PEO Land Real Estate (Pvt) Ltd"
https://www.lankapropertyweb.com/sale/property_details-5807789.html,5807789,2026-08-10T10:36:57.018121+00:00,House for sale in Kahathuduwa - 35 Million,"View all > Houses > Apartments > Commercial > Bungalows > Villas > Studio
/ Bedsit > Warehouse > Featured developments for sale > New Beachfront Projects > Newly
built property for sale > Colonial
Houses for sale > Urgent properties for sale > Luxury
Apartments > Mid-range
Apartments > Bungalows
in Nuwara Eliya > Houses
in Battaramulla area > Commercial property for sale
in
Colombo > Hotels for Sale > Warehouses for sale > Brand
new apartment > Beachfront properties for sale > Beachfront Apartments for sale > Below Market Value properties > Sri Lanka House Price Index > Sri Lanka Land Price Index > Guide for
foreigners
buying property > All property for Rent > Houses > Apartments > Commercial > Bungalows > Annexes > Hostels > Villas > Studio
/ Bedsit > Rooms
/ Boarding Places > View All Featured Properties > Warehouses for rent > Newly built property for rent > Urgent properties to let > Short
term rentals > Office spaces in
Colombo > Co-working places > House Prices > Find All Land for Sale or Lease > Bare
Land > Beachfront
Land > Cultivated
/ Agriculture > Land
with House > Tea
Estate Land > Rubber
Estate Land > Coconut
Estate Land > Paddy
(Rice) Land > Cinnamon
Estate Land > Waterfront
Land > Featured Land Projects > Lands
in Nuwara Eliya > Investment Lands
within 1 hour of Colombo > Lands
for less than 1 lakh a perch in Western Province > Cultivation
lands within 1 hour from Colombo > Land
Prices in Greater Colombo > View All New Projects > Featured Projects > Apartment FinderNew > Featured Land Projects > Condo Directory > Property
Valuations > Legal
Assistance > Document
preparation & submission > Mortgage
Advice > Fees
& taxes payment > Personal
Assistance > Other
Services > Market
Research and Advisory > Property
Buying Advisory > Business
Buying or Selling Advisory > Property
Buying Assistance for Foreigners > Advisory on Investing
in Sri Lanka > House
Construction > Packers &
Movers > Solar Panels > Invest Home > Top Investment
Properties > Luxury
Apartments > Mid-range
Apartments > Lands and
Bungalows
in Nuwara Eliya > Houses in
Battaramulla area > Cultivation
lands > Investment Lands
within 1 hour of Colombo > Commercial
property
for sale in Colombo > Hotels for
Sale > ROI calculator > Trending Properties > Top Investment
properties > House Price Index > Land price
index > Home Loan Rates > Home
Loan Calculator > Home
Loan Comparison > Market Insights > Price Meter > Property Buying Guide > Foreign Buyers'
Guide > Capital
Gains Tax > Sri Lanka House Price Index > Sri Lanka Land Price Index > Membership Benefits > Market Outlook Report > News & Guides > View All Wanted Properties > Houses wanted > Apartments wanted > Land wanted > Commercial Buildings > Rooms wanted > Post Your
Ad > View All Agents / Agents
Directory > Promote your
property > Become an Agent > Residential
sales > Letting
Agents > Commercial
property agents > Land Sales > Buyer
& Seller Assistance > Promote
your property > View All
Businesses for
Sale > Real
Estate > Restaurant > Construction > Agriculture > Tech > Hospitality > Business > Manufacturing > Garment-Textile > Services-BPO > Maps of Sri Lanka > Area Guide > Point of
Interests > Property Buying Guide > Foreign Buyers'
Guide > Capital
Gains Tax > Sri Lanka House Price Index > Sri Lanka Land Price Index > Membership Benefits > News & Guides > About us > Careers > Contact Us > Events > FAQs > Ideal Home > Appliances &
Electronics > Furniture > Household items > Solar & Hot Water > Bathrooms > Gardening > Kitchen > Professionals > Flooring > House Construction > Lighting > Service Providers > Other Services > Home > ... > Sales > Colombo District > Kahathuduwa > House > Home > ... > Sales > Colombo District > Kahathuduwa > House",Kahathuduwa,"Rs. 35,000,000


















",35000000.0,True,House,3,3 Bathrooms,1572 sq.ft.,,6.62 perches,Available Now,,,,3.0,3.0,1572.0,6.62,"{""Bathrooms/WCs"": ""3"", ""Agent Ref"": ""3BRHSKTW""}","* Newly Build & ready to occupied * SF 1,572 * Land 6.62P * 3 Bathrooms (One attached) * 01 Servant Bathroom & Laundry Area * Two Parking Slots Available * 900M from 120 bus route * 750M to proposed Ruwanpura highway entrance * 4Km to Kahathuduwa highway entrance * Gated community with 24 hours security * Swimming pool, Open Gym & Kids play area"
https://www.lankapropertyweb.com/sale/property_details-5934244.html,5934244,2026-08-10T10:37:00.989839+00:00,(BH30) Luxury Two Storey House for Sale in Wattala,"View all > Houses > Apartments > Commercial > Bungalows > Villas > Studio
/ Bedsit > Warehouse > Featured developments for sale > New Beachfront Projects > Newly
built property for sale > Colonial
Houses for sale > Urgent properties for sale > Luxury
Apartments > Mid-range
Apartments > Bungalows
in Nuwara Eliya > Houses
in Battaramulla area > Commercial property for sale
in
Colombo > Hotels for Sale > Warehouses for sale > Brand
new apartment > Beachfront properties for sale > Beachfront Apartments for sale > Below Market Value properties > Sri Lanka House Price Index > Sri Lanka Land Price Index > Guide for
foreigners
buying property > All property for Rent > Houses > Apartments > Commercial > Bungalows > Annexes > Hostels > Villas > Studio
/ Bedsit > Rooms
/ Boarding Places > View All Featured Properties > Warehouses for rent > Newly built property for rent > Urgent properties to let > Short
term rentals > Office spaces in
Colombo > Co-working places > House Prices > Find All Land for Sale or Lease > Bare
Land > Beachfront
Land > Cultivated
/ Agriculture > Land
with House > Tea
Estate Land > Rubber
Estate Land > Coconut
Estate Land > Paddy
(Rice) Land > Cinnamon
Estate Land > Waterfront
Land > Featured Land Projects > Lands
in Nuwara Eliya > Investment Lands
within 1 hour of Colombo > Lands
for less than 1 lakh a perch in Western Province > Cultivation
lands within 1 hour from Colombo > Land
Prices in Greater Colombo > View All New Projects > Featured Projects > Apartment FinderNew > Featured Land Projects > Condo Directory > Property
Valuations > Legal
Assistance > Document
preparation & submission > Mortgage
Advice > Fees
& taxes payment > Personal
Assistance > Other
Services > Market
Research and Advisory > Property
Buying Advisory > Business
Buying or Selling Advisory > Property
Buying Assistance for Foreigners > Advisory on Investing
in Sri Lanka > House
Construction > Packers &
Movers > Solar Panels > Invest Home > Top Investment
Properties > Luxury
Apartments > Mid-range
Apartments > Lands and
Bungalows
in Nuwara Eliya > Houses in
Battaramulla area > Cultivation
lands > Investment Lands
within 1 hour of Colombo > Commercial
property
for sale in Colombo > Hotels for
Sale > ROI calculator > Trending Properties > Top Investment
properties > House Price Index > Land price
index > Home Loan Rates > Home
Loan Calculator > Home
Loan Comparison > Market Insights > Price Meter > Property Buying Guide > Foreign Buyers'
Guide > Capital
Gains Tax > Sri Lanka House Price Index > Sri Lanka Land Price Index > Membership Benefits > Market Outlook Report > News & Guides > View All Wanted Properties > Houses wanted > Apartments wanted > Land wanted > Commercial Buildings > Rooms wanted > Post Your
Ad > View All Agents / Agents
Directory > Promote your
property > Become an Agent > Residential
sales > Letting
Agents > Commercial
property agents > Land Sales > Buyer
& Seller Assistance > Promote
your property > View All
Businesses for
Sale > Real
Estate > Restaurant > Construction > Agriculture > Tech > Hospitality > Business > Manufacturing > Garment-Textile > Services-BPO > Maps of Sri Lanka > Area Guide > Point of
Interests > Property Buying Guide > Foreign Buyers'
Guide > Capital
Gains Tax > Sri Lanka House Price Index > Sri Lanka Land Price Index > Membership Benefits > News & Guides > About us > Careers > Contact Us > Events > FAQs > Ideal Home > Appliances &
Electronics > Furniture > Household items > Solar & Hot Water > Bathrooms > Gardening > Kitchen > Professionals > Flooring > House Construction > Lighting > Service Providers > Other Services > Home > ... > Sales > Gampaha District > Wattala > House > Home > ... > Sales > Gampaha District > Wattala > House",Wattala,"Rs. 160,000,000


















",160000000.0,True,House,6,,4050 sq.ft.,,35 perches,Available Now,,,,6.0,,4050.0,35.0,"{""Bathrooms/WCs"": ""4"", ""Agent Ref"": ""BH30""}","• A luxury two storey house located in a peaceful and exclusive residential area in Enderamulla, Wattala. This spacious property is ideal for premium family living with modern facilities, large land extent, and high-end features. ◉ Property Features ➤ Bedrooms 6 ➤ Bathrooms 4 ➤ Living Area ➤ Dining Area ➤ TV Lobby ➤ Sitting Area ➤ Store Room ➤ Servant Room with Bathroom ➤ Separate Annex with Attached Washroom ➤ Kitchen with Pantry ◉ Amenities ➤ Balconies ➤ Fully Tiled Floors ➤ Parking Space ➤ Roller Gate & Wicket Gate ➤ Ceiling Fans ➤ Air Conditioned Rooms ➤ Finishing Roof ➤ Solar Hot Water System ➤ 4kW Solar PV System (13 Panels) ➤ CCTV Camera System ➤ Garden Space ➤ Swimming Pool ➤ Surrounding Wall ➤ Water Tower with 2 Tanks ➤ Clear Deed ➤ Verandah ➤ 12ft Wide Road Access ★ Close Areas - ★ Close to International Schools, Hospitals, Banks & Super Markets ★ All infrastructure perfectly available including waste collection service ★ No legal issues associated with the property ⇨ Feel free to call for an appointment or for More information Contact PEO Land Real Estate (Pvt) Ltd GENUINE BUYERS ONLY *NO BROKERS* (බ්‍රෝකර්වරු ඇමතීමෙන් වලකින්න) Social Media : Facebook | YouTube | WhatsApp| Instagram | Tiktok| peolands.com| Peo Land Real Estate (Pvt) Ltd"
https://www.lankapropertyweb.com/sale/property_details-5715395.html,5715395,2026-08-10T10:37:03.234006+00:00,4 Bedroom House Construction in Maharagama / Rs. 24.7 million /Brand New / Rs.246 Laks (Construction Cost),"View all > Houses > Apartments > Commercial > Bungalows > Villas > Studio
/ Bedsit > Warehouse > Featured developments for sale > New Beachfront Projects > Newly
built property for sale > Colonial
Houses for sale > Urgent properties for sale > Luxury
Apartments > Mid-range
Apartments > Bungalows
in Nuwara Eliya > Houses
in Battaramulla area > Commercial property for sale
in
Colombo > Hotels for Sale > Warehouses for sale > Brand
new apartment > Beachfront properties for sale > Beachfront Apartments for sale > Below Market Value properties > Sri Lanka House Price Index > Sri Lanka Land Price Index > Guide for
foreigners
buying property > All property for Rent > Houses > Apartments > Commercial > Bungalows > Annexes > Hostels > Villas > Studio
/ Bedsit > Rooms
/ Boarding Places > View All Featured Properties > Warehouses for rent > Newly built property for rent > Urgent properties to let > Short
term rentals > Office spaces in
Colombo > Co-working places > House Prices > Find All Land for Sale or Lease > Bare
Land > Beachfront
Land > Cultivated
/ Agriculture > Land
with House > Tea
Estate Land > Rubber
Estate Land > Coconut
Estate Land > Paddy
(Rice) Land > Cinnamon
Estate Land > Waterfront
Land > Featured Land Projects > Lands
in Nuwara Eliya > Investment Lands
within 1 hour of Colombo > Lands
for less than 1 lakh a perch in Western Province > Cultivation
lands within 1 hour from Colombo > Land
Prices in Greater Colombo > View All New Projects > Featured Projects > Apartment FinderNew > Featured Land Projects > Condo Directory > Property
Valuations > Legal
Assistance > Document
preparation & submission > Mortgage
Advice > Fees
& taxes payment > Personal
Assistance > Other
Services > Market
Research and Advisory > Property
Buying Advisory > Business
Buying or Selling Advisory > Property
Buying Assistance for Foreigners > Advisory on Investing
in Sri Lanka > House
Construction > Packers &
Movers > Solar Panels > Invest Home > Top Investment
Properties > Luxury
Apartments > Mid-range
Apartments > Lands and
Bungalows
in Nuwara Eliya > Houses in
Battaramulla area > Cultivation
lands > Investment Lands
within 1 hour of Colombo > Commercial
property
for sale in Colombo > Hotels for
Sale > ROI calculator > Trending Properties > Top Investment
properties > House Price Index > Land price
index > Home Loan Rates > Home
Loan Calculator > Home
Loan Comparison > Market Insights > Price Meter > Property Buying Guide > Foreign Buyers'
Guide > Capital
Gains Tax > Sri Lanka House Price Index > Sri Lanka Land Price Index > Membership Benefits > Market Outlook Report > News & Guides > View All Wanted Properties > Houses wanted > Apartments wanted > Land wanted > Commercial Buildings > Rooms wanted > Post Your
Ad > View All Agents / Agents
Directory > Promote your
property > Become an Agent > Residential
sales > Letting
Agents > Commercial
property agents > Land Sales > Buyer
& Seller Assistance > Promote
your property > View All
Businesses for
Sale > Real
Estate > Restaurant > Construction > Agriculture > Tech > Hospitality > Business > Manufacturing > Garment-Textile > Services-BPO > Maps of Sri Lanka > Area Guide > Point of
Interests > Property Buying Guide > Foreign Buyers'
Guide > Capital
Gains Tax > Sri Lanka House Price Index > Sri Lanka Land Price Index > Membership Benefits > News & Guides > About us > Careers > Contact Us > Events > FAQs > Ideal Home > Appliances &
Electronics > Furniture > Household items > Solar & Hot Water > Bathrooms > Gardening > Kitchen > Professionals > Flooring > House Construction > Lighting > Service Providers > Other Services > Home > ... > Sales > Colombo District > Maharagama > House > Home > ... > Sales > Colombo District > Maharagama > House","With or Without Land, Maharagama",Rs. 24.7 m,24700000.0,True,House,4,2 Bathrooms,2271 sq.ft.,3,7 perches,Available soon,Unfurnished,1 year,,4.0,2.0,2271.0,7.0,"{""Bathrooms/WCs"": ""3"", ""Car parking spaces"": ""2""}",Watch Property Video Below Exceptional House Consists of 4 Bedrooms 2 Bathrooms Living Room Maid's bathroom 2nd Floor entertainment area Watch the video below for more info Construction Duration 8 Months Already own a land - get a quote to build on your land (Call or WhatsApp) 3 Decades of Excellence in the Build Environment UK Qualified Design Team Members Selected Tiles Selected Rocell Bathroom Fittings Granite Top Kitchen with PVC Pantry Car Parking Call or WhatsApp for more info
https://www.lankapropertyweb.com/sale/property_details-5857072.html,5857072,2026-08-10T10:37:06.461182+00:00,House for sale in Nugegoda - 72 Million,"View all > Houses > Apartments > Commercial > Bungalows > Villas > Studio
/ Bedsit > Warehouse > Featured developments for sale > New Beachfront Projects > Newly
built property for sale > Colonial
Houses for sale > Urgent properties for sale > Luxury
Apartments > Mid-range
Apartments > Bungalows
in Nuwara Eliya > Houses
in Battaramulla area > Commercial property for sale
in
Colombo > Hotels for Sale > Warehouses for sale > Brand
new apartment > Beachfront properties for sale > Beachfront Apartments for sale > Below Market Value properties > Sri Lanka House Price Index > Sri Lanka Land Price Index > Guide for
foreigners
buying property > All property for Rent > Houses > Apartments > Commercial > Bungalows > Annexes > Hostels > Villas > Studio
/ Bedsit > Rooms
/ Boarding Places > View All Featured Properties > Warehouses for rent > Newly built property for rent > Urgent properties to let > Short
term rentals > Office spaces in
Colombo > Co-working places > House Prices > Find All Land for Sale or Lease > Bare
Land > Beachfront
Land > Cultivated
/ Agriculture > Land
with House > Tea
Estate Land > Rubber
Estate Land > Coconut
Estate Land > Paddy
(Rice) Land > Cinnamon
Estate Land > Waterfront
Land > Featured Land Projects > Lands
in Nuwara Eliya > Investment Lands
within 1 hour of Colombo > Lands
for less than 1 lakh a perch in Western Province > Cultivation
lands within 1 hour from Colombo > Land
Prices in Greater Colombo > View All New Projects > Featured Projects > Apartment FinderNew > Featured Land Projects > Condo Directory > Property
Valuations > Legal
Assistance > Document
preparation & submission > Mortgage
Advice > Fees
& taxes payment > Personal
Assistance > Other
Services > Market
Research and Advisory > Property
Buying Advisory > Business
Buying or Selling Advisory > Property
Buying Assistance for Foreigners > Advisory on Investing
in Sri Lanka > House
Construction > Packers &
Movers > Solar Panels > Invest Home > Top Investment
Properties > Luxury
Apartments > Mid-range
Apartments > Lands and
Bungalows
in Nuwara Eliya > Houses in
Battaramulla area > Cultivation
lands > Investment Lands
within 1 hour of Colombo > Commercial
property
for sale in Colombo > Hotels for
Sale > ROI calculator > Trending Properties > Top Investment
properties > House Price Index > Land price
index > Home Loan Rates > Home
Loan Calculator > Home
Loan Comparison > Market Insights > Price Meter > Property Buying Guide > Foreign Buyers'
Guide > Capital
Gains Tax > Sri Lanka House Price Index > Sri Lanka Land Price Index > Membership Benefits > Market Outlook Report > News & Guides > View All Wanted Properties > Houses wanted > Apartments wanted > Land wanted > Commercial Buildings > Rooms wanted > Post Your
Ad > View All Agents / Agents
Directory > Promote your
property > Become an Agent > Residential
sales > Letting
Agents > Commercial
property agents > Land Sales > Buyer
& Seller Assistance > Promote
your property > View All
Businesses for
Sale > Real
Estate > Restaurant > Construction > Agriculture > Tech > Hospitality > Business > Manufacturing > Garment-Textile > Services-BPO > Maps of Sri Lanka > Area Guide > Point of
Interests > Property Buying Guide > Foreign Buyers'
Guide > Capital
Gains Tax > Sri Lanka House Price Index > Sri Lanka Land Price Index > Membership Benefits > News & Guides > About us > Careers > Contact Us > Events > FAQs > Ideal Home > Appliances &
Electronics > Furniture > Household items > Solar & Hot Water > Bathrooms > Gardening > Kitchen > Professionals > Flooring > House Construction > Lighting > Service Providers > Other Services > Home > ... > Sales > Colombo District > Nugegoda > House > Home > ... > Sales > Colombo District > Nugegoda > House",Nugegoda,"Rs. 72,000,000


















",72000000.0,True,House,5,,3550 sq.ft.,,9 perches,Available Now,Furnished,,,5.0,,3550.0,9.0,"{""Bathrooms/WCs"": ""3"", ""Agent Ref"": ""RFGS""}","Property Details: * Land Size: 9 Perches (Rs. 8 million per perch) * House Size: Approx. 3,500–3,666 sq. ft * Age of House: Only 12 years old * Bedrooms: 05 * Bathrooms: 03 * Pantry: 02 * Parking: Space for 2 cars * Road Access: 20 ft road facing * Distance: Only 350 m to Nugegoda Supermarket Key Features: * Solar-powered hot water system * CCTV camera system * Indoor garden with a beautiful pond * Fully tiled house * Water, electricity, and telephone facilities * Peaceful and serene neighborhood * Highly urbanized area with all modern amenities * Easy access to government & private schools, universities, hospitals, banks, and supermarkets * Clear deeds"
https://www.lankapropertyweb.com/sale/property_details-5724681.html,5724681,2026-08-10T10:37:10.252599+00:00,Modern 5 Bedroom house construction in Kadawatha for Rs. 40.2 million / Rs. 425 Laks / (Construction Cost),"View all > Houses > Apartments > Commercial > Bungalows > Villas > Studio
/ Bedsit > Warehouse > Featured developments for sale > New Beachfront Projects > Newly
built property for sale > Colonial
Houses for sale > Urgent properties for sale > Luxury
Apartments > Mid-range
Apartments > Bungalows
in Nuwara Eliya > Houses
in Battaramulla area > Commercial property for sale
in
Colombo > Hotels for Sale > Warehouses for sale > Brand
new apartment > Beachfront properties for sale > Beachfront Apartments for sale > Below Market Value properties > Sri Lanka House Price Index > Sri Lanka Land Price Index > Guide for
foreigners
buying property > All property for Rent > Houses > Apartments > Commercial > Bungalows > Annexes > Hostels > Villas > Studio
/ Bedsit > Rooms
/ Boarding Places > View All Featured Properties > Warehouses for rent > Newly built property for rent > Urgent properties to let > Short
term rentals > Office spaces in
Colombo > Co-working places > House Prices > Find All Land for Sale or Lease > Bare
Land > Beachfront
Land > Cultivated
/ Agriculture > Land
with House > Tea
Estate Land > Rubber
Estate Land > Coconut
Estate Land > Paddy
(Rice) Land > Cinnamon
Estate Land > Waterfront
Land > Featured Land Projects > Lands
in Nuwara Eliya > Investment Lands
within 1 hour of Colombo > Lands
for less than 1 lakh a perch in Western Province > Cultivation
lands within 1 hour from Colombo > Land
Prices in Greater Colombo > View All New Projects > Featured Projects > Apartment FinderNew > Featured Land Projects > Condo Directory > Property
Valuations > Legal
Assistance > Document
preparation & submission > Mortgage
Advice > Fees
& taxes payment > Personal
Assistance > Other
Services > Market
Research and Advisory > Property
Buying Advisory > Business
Buying or Selling Advisory > Property
Buying Assistance for Foreigners > Advisory on Investing
in Sri Lanka > House
Construction > Packers &
Movers > Solar Panels > Invest Home > Top Investment
Properties > Luxury
Apartments > Mid-range
Apartments > Lands and
Bungalows
in Nuwara Eliya > Houses in
Battaramulla area > Cultivation
lands > Investment Lands
within 1 hour of Colombo > Commercial
property
for sale in Colombo > Hotels for
Sale > ROI calculator > Trending Properties > Top Investment
properties > House Price Index > Land price
index > Home Loan Rates > Home
Loan Calculator > Home
Loan Comparison > Market Insights > Price Meter > Property Buying Guide > Foreign Buyers'
Guide > Capital
Gains Tax > Sri Lanka House Price Index > Sri Lanka Land Price Index > Membership Benefits > Market Outlook Report > News & Guides > View All Wanted Properties > Houses wanted > Apartments wanted > Land wanted > Commercial Buildings > Rooms wanted > Post Your
Ad > View All Agents / Agents
Directory > Promote your
property > Become an Agent > Residential
sales > Letting
Agents > Commercial
property agents > Land Sales > Buyer
& Seller Assistance > Promote
your property > View All
Businesses for
Sale > Real
Estate > Restaurant > Construction > Agriculture > Tech > Hospitality > Business > Manufacturing > Garment-Textile > Services-BPO > Maps of Sri Lanka > Area Guide > Point of
Interests > Property Buying Guide > Foreign Buyers'
Guide > Capital
Gains Tax > Sri Lanka House Price Index > Sri Lanka Land Price Index > Membership Benefits > News & Guides > About us > Careers > Contact Us > Events > FAQs > Ideal Home > Appliances &
Electronics > Furniture > Household items > Solar & Hot Water > Bathrooms > Gardening > Kitchen > Professionals > Flooring > House Construction > Lighting > Service Providers > Other Services > Home > ... > Sales > Gampaha District > Kadawatha > House > Home > ... > Sales > Gampaha District > Kadawatha > House","With or Without Land, Kadawatha",Rs. 40.2 m,40200000.0,True,House,5,5 Bathrooms,3500 sq.ft.,3,10 perches,Available soon,Unfurnished,1 year,,5.0,5.0,3500.0,10.0,"{""Bathrooms/WCs"": ""5"", ""Car parking spaces"": ""2""}",3500 Sq.Ft Ultra Modern House 5 Bedrooms and attached bathrooms Build this house on your land Cant find a land - Get quote for Land + Construction (Call or WhatsApp) This ultra modern super luxury house - Construction Duration 7 months - On Your Land Exceptional House Consists of 5 Bedrooms and 5 Bathrooms Double Ceiling Height Living Room Maid's room and bathroom Private Pool Outdoor entertainment area Rooftop entertainment area with hot tub Jacuzzi Watch the video below for more info Construction Duration 7 Months Call or WhatsApp for more info
https://www.lankapropertyweb.com/sale/property_details-5898359.html,5898359,2026-08-10T10:37:13.449958+00:00,House for sale in Pannipitiya - Rs. 47 million,"View all > Houses > Apartments > Commercial > Bungalows > Villas > Studio
/ Bedsit > Warehouse > Featured developments for sale > New Beachfront Projects > Newly
built property for sale > Colonial
Houses for sale > Urgent properties for sale > Luxury
Apartments > Mid-range
Apartments > Bungalows
in Nuwara Eliya > Houses
in Battaramulla area > Commercial property for sale
in
Colombo > Hotels for Sale > Warehouses for sale > Brand
new apartment > Beachfront properties for sale > Beachfront Apartments for sale > Below Market Value properties > Sri Lanka House Price Index > Sri Lanka Land Price Index > Guide for
foreigners
buying property > All property for Rent > Houses > Apartments > Commercial > Bungalows > Annexes > Hostels > Villas > Studio
/ Bedsit > Rooms
/ Boarding Places > View All Featured Properties > Warehouses for rent > Newly built property for rent > Urgent properties to let > Short
term rentals > Office spaces in
Colombo > Co-working places > House Prices > Find All Land for Sale or Lease > Bare
Land > Beachfront
Land > Cultivated
/ Agriculture > Land
with House > Tea
Estate Land > Rubber
Estate Land > Coconut
Estate Land > Paddy
(Rice) Land > Cinnamon
Estate Land > Waterfront
Land > Featured Land Projects > Lands
in Nuwara Eliya > Investment Lands
within 1 hour of Colombo > Lands
for less than 1 lakh a perch in Western Province > Cultivation
lands within 1 hour from Colombo > Land
Prices in Greater Colombo > View All New Projects > Featured Projects > Apartment FinderNew > Featured Land Projects > Condo Directory > Property
Valuations > Legal
Assistance > Document
preparation & submission > Mortgage
Advice > Fees
& taxes payment > Personal
Assistance > Other
Services > Market
Research and Advisory > Property
Buying Advisory > Business
Buying or Selling Advisory > Property
Buying Assistance for Foreigners > Advisory on Investing
in Sri Lanka > House
Construction > Packers &
Movers > Solar Panels > Invest Home > Top Investment
Properties > Luxury
Apartments > Mid-range
Apartments > Lands and
Bungalows
in Nuwara Eliya > Houses in
Battaramulla area > Cultivation
lands > Investment Lands
within 1 hour of Colombo > Commercial
property
for sale in Colombo > Hotels for
Sale > ROI calculator > Trending Properties > Top Investment
properties > House Price Index > Land price
index > Home Loan Rates > Home
Loan Calculator > Home
Loan Comparison > Market Insights > Price Meter > Property Buying Guide > Foreign Buyers'
Guide > Capital
Gains Tax > Sri Lanka House Price Index > Sri Lanka Land Price Index > Membership Benefits > Market Outlook Report > News & Guides > View All Wanted Properties > Houses wanted > Apartments wanted > Land wanted > Commercial Buildings > Rooms wanted > Post Your
Ad > View All Agents / Agents
Directory > Promote your
property > Become an Agent > Residential
sales > Letting
Agents > Commercial
property agents > Land Sales > Buyer
& Seller Assistance > Promote
your property > View All
Businesses for
Sale > Real
Estate > Restaurant > Construction > Agriculture > Tech > Hospitality > Business > Manufacturing > Garment-Textile > Services-BPO > Maps of Sri Lanka > Area Guide > Point of
Interests > Property Buying Guide > Foreign Buyers'
Guide > Capital
Gains Tax > Sri Lanka House Price Index > Sri Lanka Land Price Index > Membership Benefits > News & Guides > About us > Careers > Contact Us > Events > FAQs > Ideal Home > Appliances &
Electronics > Furniture > Household items > Solar & Hot Water > Bathrooms > Gardening > Kitchen > Professionals > Flooring > House Construction > Lighting > Service Providers > Other Services > Home > ... > Sales > Colombo District > Pannipitiya > House > Home > ... > Sales > Colombo District > Pannipitiya > House",Pannipitiya,Rs. 47 m,47000000.0,True,House,2,,3500 sq.ft.,,,Available Now,,,,2.0,,3500.0,,"{""Agent Ref"": ""H-Ppitiy""}","* PANNIPITIYA 4 storied 3500sq.ft. Commercial building facing Malabe Road (993 Bus route) with panaromic view of Paddyfield . One k.m. away from Pannipitiya High level Road. Located in an excellent area with no risk of flooding or landslides. * 47 million Consists of, 5 SHOP spaces on Ground floor with Roller shutters and Parking facilities including separate Toilets, Electricity and Water connections. HOUSE unit on First floor with 2 Bed rooms, Toilet and other amenities including Parking, separate Entrance / Water / Electricity facilities. 1100 sq.ft. HALL on 2nd floor with separate Entrance, Toilet, Water and Electricity. Open 350 sq.ft ROOFTOP on 3rd floor. Architect designed an approved Building plan according to Waasthu, Personally build by building owner with Structural Engineer's guidance on drawings and COC obtained from Maharagama UC. Bank approved Title deed. With the monthly rental income potential to increase every year. Ideal investment for Capital gain while getting monthly income."
