Brand,Model,YOM,Mileage,Gear,Fuel Type,Engine (cc),Condition,Ad Date,Location,Price,URL
Mitsubishi,4dr5 J44,1980,"10,000 km",Manual,Diesel,1000,Registered (Used),"2026 Jun 08, 11:51 am",Ratnapura,Rs. 3950000,https://riyasewana.com/buy/mitsubishi-4dr5-j44-sale-ratnapura-11755991
Mitsubishi,4DR5,1980,"200,000 km",Manual,Diesel,1650,Registered (Used),"2026 Jun 14, 7:42 am",Gampaha,Rs. 2800000,https://riyasewana.com/buy/mitsubishi-4dr5-sale-gampaha-11786020
Mitsubishi,A70 5fwd,1980,"99,999 km",Manual,Petrol,1400,Registered (Used),"2026 Jul 27, 8:26 pm",Kandy,Rs. 590000,https://riyasewana.com/buy/mitsubishi-a70-5fwd-sale-kandy-12036995
Mitsubishi,ASP,1988,"15,000 km",Manual,Petrol,,Registered (Used),"2026 Jun 01, 4:49 pm",Kegalle,Rs. 1400000,https://riyasewana.com/buy/mitsubishi-asp-sale-kegalle-11722379
Mitsubishi,Attrage,2014,"135,000 km",Automatic,Petrol,1200,Registered (Used),"2026 Jun 27, 9:57 am",Beruwala,Rs. 6600000,https://riyasewana.com/buy/mitsubishi-attrage-sale-beruwala-11858498
Mitsubishi,Attrage,2020,"37,000 km",Automatic,Petrol,1200,Registered (Used),"2026 May 23, 7:34 am",Colombo,Rs. 9650000,https://riyasewana.com/buy/mitsubishi-attrage-sale-colombo-11679452
Mitsubishi,Attrage,2016,"128,000 km",Automatic,Petrol,1390,Registered (Used),"2026 May 21, 10:11 pm",Gampaha,Negotiable,https://riyasewana.com/buy/mitsubishi-attrage-sale-gampaha-11673821
Mitsubishi,Attrage,2021,"74,000 km",Automatic,Petrol,1300,Registered (Used),"2026 Aug 10, 8:15 am",Gampaha,Negotiable,https://riyasewana.com/buy/mitsubishi-attrage-sale-gampaha-12114453
Mitsubishi,ATTRAGE,2016,"156,000 km",Automatic,Petrol,1193,Registered (Used),"2026 Aug 10, 3:15 pm",Homagama,Rs. 6985000,https://riyasewana.com/buy/mitsubishi-attrage-sale-homagama-12117212
Mitsubishi,Attrage,2020,"68,000 km",Automatic,Petrol,1200,Registered (Used),"2026 May 19, 12:13 pm",Kalutara,Rs. 9500000,https://riyasewana.com/buy/mitsubishi-attrage-sale-kalutara-11661293
Mitsubishi,Attrage,2020,"75,000 km",Automatic,Petrol,1200,Registered (Used),"2026 Aug 08, 9:56 am",Malabe,Rs. 7750000,https://riyasewana.com/buy/mitsubishi-attrage-sale-malabe-12103210
Mitsubishi,Attrage,2015,"112,800 km",Automatic,Petrol,15000,Registered (Used),"2026 May 24, 5:11 pm",Mirigama,Negotiable,https://riyasewana.com/buy/mitsubishi-attrage-sale-mirigama-11650849
Mitsubishi,Attrage,2016,"123,585 km",Automatic,Petrol,1300,Registered (Used),"2026 May 15, 7:50 pm",Nittambuwa,Rs. 1675000,https://riyasewana.com/buy/mitsubishi-attrage-sale-nittambuwa-11641806
Mitsubishi,Attrage,2020,"146,122 km",Automatic,Petrol,1193,Registered (Used),"2026 Jun 16, 2:40 pm",Nittambuwa,Rs. 7075000,https://riyasewana.com/buy/mitsubishi-attrage-sale-nittambuwa-11799501
Mitsubishi,Attrage,2016,"90,000 km",Automatic,Petrol,1200,Registered (Used),"2026 Aug 03, 12:59 pm",Nittambuwa,Rs. 1675000,https://riyasewana.com/buy/mitsubishi-attrage-sale-nittambuwa-12075702
Mitsubishi,B 211,1980,1 km,Manual,Petrol,1400,Registered (Used),"2026 Jun 13, 2:11 pm",Kurunegala,Rs. 1049999,https://riyasewana.com/buy/mitsubishi-b-211-sale-kurunegala-11783164
Mitsubishi,B11,1986,"95,312 km",Manual,Petrol,1400,Registered (Used),"2026 Jul 27, 11:33 am",Moneragala,Rs. 625000,https://riyasewana.com/buy/mitsubishi-b11-sale-moneragala-12034319
Mitsubishi,B211,1975,,Manual,Petrol,1200,Registered (Used),"2026 Jul 27, 2:07 pm",Negombo,Rs. 795000,https://riyasewana.com/buy/mitsubishi-b211-sale-negombo-12035321
Mitsubishi,C11 Lancer,1985,"125,000 km",Manual,Petrol,1500,Registered (Used),"2026 Jul 06, 9:11 pm",Daluguma,Rs. 930000,https://riyasewana.com/buy/mitsubishi-c11-lancer-sale-daluguma-11910330
Mitsubishi,C11,1986,"100,000 km",Manual,Petrol,1300,Registered (Used),"2026 Jul 08, 10:10 pm",Katunayake,Rs. 995000,https://riyasewana.com/buy/mitsubishi-c11-sale-katunayake-11921940
Mitsubishi,C11,1985,"166,000 km",Manual,Petrol,1400,Registered (Used),"2026 Jul 27, 8:02 pm",Kuliyapitiya,Rs. 895000,https://riyasewana.com/buy/mitsubishi-c11-sale-kuliyapitiya-12036896
Mitsubishi,C11V LANCER,1988,0 km,Manual,Petrol,1300,Registered (Used),"2026 May 20, 9:56 pm",Galle,Rs. 1200000,https://riyasewana.com/buy/mitsubishi-c11v-lancer-sale-galle-11668818
Mitsubishi,C11V,1988,"211,700 km",Manual,Petrol,1300,Registered (Used),"2026 Jul 24, 12:57 am",Kegalle,Rs. 1250000,https://riyasewana.com/buy/mitsubishi-c11v-sale-kegalle-12012789
Mitsubishi,C12 C11 Lancer Box,1985,,Manual,Petrol,1300,Registered (Used),"2026 Jun 02, 6:53 pm",Kuliyapitiya,Rs. 1075000,https://riyasewana.com/buy/mitsubishi-c12-c11-sale-kuliyapitiya-11727441
Mitsubishi,C12 Mirage,1985,,Manual,Petrol,1500,Registered (Used),"2026 Jun 14, 11:16 am",Kalutara,Rs. 850000,https://riyasewana.com/buy/mitsubishi-c12-mirage-sale-kalutara-11787912
Mitsubishi,C12,1985,130 km,Manual,Petrol,1500,Registered (Used),"2026 Aug 05, 2:50 pm",Chilaw,Negotiable,https://riyasewana.com/buy/mitsubishi-c12-sale-chilaw-12087133
Mitsubishi,C12,1987,"145,627 km",Manual,Petrol,1500,Registered (Used),"2026 Jul 05, 1:00 am",Embilipitiya,Rs. 950000,https://riyasewana.com/buy/mitsubishi-c12-sale-embilipitiya-11899561
Mitsubishi,C12,1985,0 km,Manual,Petrol,1500,Registered (Used),"2026 Jul 01, 8:19 pm",Galle,Negotiable,https://riyasewana.com/buy/mitsubishi-c12-sale-galle-11880684
Mitsubishi,C12,1991,1 km,Manual,Petrol,1500,Registered (Used),"2026 Aug 10, 8:25 pm",Gampaha,Negotiable,https://riyasewana.com/buy/mitsubishi-c12-sale-gampaha-12118494
Mitsubishi,C12,1985,0 km,Manual,Petrol,1500,Registered (Used),"2026 May 19, 4:02 pm",Kurunegala,Rs. 1275000,https://riyasewana.com/buy/mitsubishi-c12-sale-kurunegala-11662360
Mitsubishi,C12,1985,,Manual,Petrol,1500,Registered (Used),"2026 Jun 28, 8:31 am",Kurunegala,Rs. 850000,https://riyasewana.com/buy/mitsubishi-c12-sale-kurunegala-11863263
Mitsubishi,C12,1986,1 km,Manual,Petrol,1500,Registered (Used),"2026 Aug 08, 11:31 am",Kurunegala,Rs. 885000,https://riyasewana.com/buy/mitsubishi-c12-sale-kurunegala-12104158
Mitsubishi,C12,1985,"150,000 km",Manual,Petrol,1500,Registered (Used),"2026 Jun 10, 1:59 pm",Matale,Rs. 780000,https://riyasewana.com/buy/mitsubishi-c12-sale-matale-11766822
Mitsubishi,C12,1991,,Manual,Petrol,1500,Registered (Used),"2026 Jul 12, 5:23 pm",Matara,Rs. 1375000,https://riyasewana.com/buy/mitsubishi-c12-sale-matara-11945596
Mitsubishi,C12,1986,"95,231 km",Manual,Petrol,1500,Registered (Used),"2026 Aug 02, 8:02 pm",Moneragala,Negotiable,https://riyasewana.com/buy/mitsubishi-c12-sale-moneragala-12072271
Mitsubishi,C12,1985,"185,421 km",Manual,Petrol,1500,Registered (Used),"2026 Aug 10, 6:15 pm",Negombo,Negotiable,https://riyasewana.com/buy/mitsubishi-c12-sale-negombo-12117950
Mitsubishi,C12,1990,20 km,Manual,Petrol,1499,Registered (Used),"2026 Jun 22, 6:38 pm",Welimada,Rs. 600000,https://riyasewana.com/buy/mitsubishi-c12-sale-welimada-11833650
Mitsubishi,C12 Wagon,1988,"174,392 km",Manual,Petrol,1500,Registered (Used),"2026 Aug 07, 1:45 pm",Kandy,Rs. 780000,https://riyasewana.com/buy/mitsubishi-c12-wagon-sale-kandy-12098040
Mitsubishi,C12 Wagon,1985,"199,000 km",Manual,Petrol,1500,Registered (Used),"2026 Jul 26, 1:00 pm",Kurunegala,Rs. 650000,https://riyasewana.com/buy/mitsubishi-c12-wagon-sale-kurunegala-12029439
Mitsubishi,C12 Wagon,1985,"134,000 km",Manual,Petrol,1500,Registered (Used),"2026 May 30, 7:27 pm",Negombo,Rs. 990000,https://riyasewana.com/buy/mitsubishi-c12-wagon-sale-negombo-11715345
Mitsubishi,CB 3A,1995,"100,000 km",Manual,Petrol,1500,Registered (Used),"2026 Aug 07, 8:04 pm",Mawanella,Rs. 3150000,https://riyasewana.com/buy/mitsubishi-cb-3a-sale-mawanella-12100124
Mitsubishi,CB1,1994,"140,000 km",Manual,Petrol,1300,Registered (Used),"2026 Jul 24, 8:45 pm",Colombo,Rs. 2900000,https://riyasewana.com/buy/mitsubishi-cb1-sale-colombo-12018337
Mitsubishi,CB2,1994,"137,000 km",Manual,Petrol,1500,Registered (Used),"2026 Aug 09, 8:22 pm",Embilipitiya,Rs. 3450000,https://riyasewana.com/buy/mitsubishi-cb2-sale-embilipitiya-12113217
Mitsubishi,CB8,1995,1 km,Manual,Diesel,2000,Registered (Used),"2026 Aug 06, 12:42 pm",Gampaha,Rs. 2850000,https://riyasewana.com/buy/mitsubishi-cb8-sale-gampaha-12092232
Mitsubishi,CB8,1992,2 km,Manual,Diesel,2000,Registered (Used),"2026 Jul 23, 12:56 pm",Nugegoda,Rs. 2550000,https://riyasewana.com/buy/mitsubishi-cb8-sale-nugegoda-12009993
Mitsubishi,Charade,1980,1 km,Manual,Petrol,1000,Registered (Used),"2026 Jul 19, 2:52 pm",Mirigama,Negotiable,https://riyasewana.com/buy/mitsubishi-charade-sale-mirigama-11987558
Mitsubishi,Chariot,1996,"100,000 km",Manual,Diesel,,Registered (Used),"2026 Jul 27, 1:30 am",Matugama,Rs. 4000000,https://riyasewana.com/buy/mitsubishi-chariot-sale-matugama-12031968
Mitsubishi,CK2,2002,11 km,Manual,Petrol,1500,Registered (Used),"2026 Aug 02, 1:48 pm",Mirigama,Negotiable,https://riyasewana.com/buy/mitsubishi-ck2-sale-mirigama-12070626
Mitsubishi,CK2A,2000,"175,000 km",Automatic,Petrol,1500,Registered (Used),"2026 Aug 01, 9:26 am",Kurunegala,Negotiable,https://riyasewana.com/buy/mitsubishi-ck2a-sale-kurunegala-12061970
Mitsubishi,Colt Galant,1980,1 km,Manual,Petrol,1400,Registered (Used),"2026 Jul 26, 7:13 am",Gampaha,Rs. 580000,https://riyasewana.com/buy/mitsubishi-colt-galant-sale-gampaha-12026389
Mitsubishi,Colt,1982,,Manual,Petrol,,Registered (Used),"2026 Jun 09, 9:51 pm",Galle,Rs. 600000,https://riyasewana.com/buy/mitsubishi-colt-sale-galle-11763576
Mitsubishi,Colt,1981,"10,000 km",Manual,Petrol,1400,Antique,"2026 Aug 11, 2:16 pm",Hatton,Rs. 750000,https://riyasewana.com/buy/mitsubishi-colt-sale-hatton-12122423
Mitsubishi,Colt,1980,"31,525 km",Manual,Petrol,800,Registered (Used),"2026 Aug 08, 5:58 pm",Katunayake,Rs. 575000,https://riyasewana.com/buy/mitsubishi-colt-sale-katunayake-12106425
Mitsubishi,Colt,1969,"1,234 km",Manual,Petrol,1000,Antique,"2026 Jun 15, 8:55 am 1,988",Matara,Rs. 199000,https://riyasewana.com/buy/mitsubishi-colt-sale-matara-11791915
Mitsubishi,Colt,1985,1 km,Manual,Petrol,1400,Registered (Used),"2026 Aug 05, 7:09 am",Minuwangoda,Rs. 575000,https://riyasewana.com/buy/mitsubishi-colt-sale-minuwangoda-12083969
Mitsubishi,Colt,1980,"100,000 km",Manual,Petrol,1400,Antique,"2026 Jul 09, 9:00 am 863",Mirigama,Rs. 600000,https://riyasewana.com/buy/mitsubishi-colt-sale-mirigama-11923233
Mitsubishi,CS1,2008,"159,200 km",Automatic,Petrol,1600,Registered (Used),"2026 Aug 05, 3:31 pm",Gampola,Rs. 7250000,https://riyasewana.com/buy/mitsubishi-cs1-sale-gampola-12087040
Mitsubishi,Cs1,2004,"175,000 km",Manual,Petrol,1300,Registered (Used),"2026 Jul 07, 7:08 pm",Mahiyanganaya,Rs. 5680000,https://riyasewana.com/buy/mitsubishi-cs1-sale-mahiyanganaya-11915443
Mitsubishi,Cs1,2001,255 km,Manual,Petrol,1300,Registered (Used),"2026 Aug 01, 11:31 am",Negombo,Rs. 4775000,https://riyasewana.com/buy/mitsubishi-cs1-sale-negombo-12063434
Mitsubishi,Cs2 Lancer,2008,1 km,Manual,Petrol,1500,Registered (Used),"2026 Aug 06, 5:49 pm",Anuradapura,Rs. 4500000,https://riyasewana.com/buy/mitsubishi-cs2-lancer-sale-anuradapura-12093675
Mitsubishi,Cs3 Lancer,2008,0 km,Manual,Petrol,1584,Unregistered (Recondition),"2026 Jul 10, 12:39 pm",Gampaha,Rs. 6200000,https://riyasewana.com/buy/mitsubishi-cs3-lancer-sale-gampaha-11930826
Mitsubishi,Cs3,2008,159 km,Manual,Petrol,1600,Registered (Used),"2026 Jul 27, 9:29 pm",Embilipitiya,Rs. 6600000,https://riyasewana.com/buy/mitsubishi-cs3-sale-embilipitiya-12037271
Mitsubishi,CS3,2007,"200,000 km",Manual,Petrol,1600,Registered (Used),"2026 Jul 19, 3:04 pm",Kurunegala,Rs. 6150000,https://riyasewana.com/buy/mitsubishi-cs3-sale-kurunegala-11987609
Mitsubishi,Delica,1982,0 km,Manual,Petrol,1499,Registered (Used),"2026 Jun 03, 9:49 am",Minuwangoda,Rs. 1550000,https://riyasewana.com/buy/mitsubishi-delica-sale-minuwangoda-11729565
Mitsubishi,EK-CROSS G PREMIUM,2024,"6,000 km",Automatic,Hybrid,660,Registered (Used),"2026 Jun 13, 6:41 am",Piliyandala,Rs. 8450000,https://riyasewana.com/buy/mitsubishi-ek-cross-g-sale-piliyandala-11779559
Mitsubishi,EK Space G,2025,254 km,Automatic,Hybrid,650,Brand New,"2026 Aug 10, 7:16 am",Gampaha,Rs. 8375000,https://riyasewana.com/buy/mitsubishi-ek-space-sale-gampaha-11701070
Mitsubishi,EK Space Hybrid,2025,3 km,Automatic,Hybrid,660,Brand New,"2026 Jun 04, 9:18 pm",Gampaha,Rs. 8400000,https://riyasewana.com/buy/mitsubishi-ek-space-sale-gampaha-11737566
Mitsubishi,EK SPACE Hybrid,2024,"7,900 km",Automatic,Hybrid,658,Unregistered (Recondition),"2026 Aug 07, 12:49 pm",Nittambuwa,Rs. 8150000,https://riyasewana.com/buy/mitsubishi-ek-space-sale-nittambuwa-12055305
Mitsubishi,EK Space,2025,"4,400 km",Automatic,Hybrid,660,Registered (Used),"2026 Aug 07, 6:31 pm",Nugegoda,Rs. 8500000,https://riyasewana.com/buy/mitsubishi-ek-space-sale-nugegoda-12099594
Mitsubishi,EK WAGON M,2025,"5,000 km",Automatic,Petrol,650,Unregistered (Recondition),"2026 Aug 11, 6:43 am",Ambalangoda,Rs. 7425000,https://riyasewana.com/buy/mitsubishi-ek-wagon-sale-ambalangoda-12039572
Mitsubishi,EK Wagon,2024,850 km,Automatic,Petrol,660,Unregistered (Recondition),"2026 Jul 31, 12:12 pm",Anuradapura,Rs. 7425000,https://riyasewana.com/buy/mitsubishi-ek-wagon-sale-anuradapura-12056797
Mitsubishi,EK Wagon M,2025,,Automatic,Petrol,650,Brand New,"2026 Jun 12, 7:21 am",Battaramulla,Rs. 7650000,https://riyasewana.com/buy/mitsubishi-ek-wagon-sale-battaramulla-11719665
Mitsubishi,EK Wagon,2025,,Automatic,Petrol,650,Brand New,"2026 Aug 11, 11:14 am",Battaramulla,Rs. 7425000,https://riyasewana.com/buy/mitsubishi-ek-wagon-sale-battaramulla-11817122
Mitsubishi,EK Wagon,2023,"12,500 km",Automatic,Petrol,660,Registered (Used),"2026 May 23, 5:13 pm",Boralesgamuwa,Rs. 7750000,https://riyasewana.com/buy/mitsubishi-ek-wagon-sale-boralesgamuwa-11683514
Mitsubishi,EK WAGON M DAYZ X WAGON R,2023,"11,000 km",Automatic,Petrol,660,Unregistered (Recondition),"2026 Jun 12, 4:49 pm",Colombo,Rs. 7290000,https://riyasewana.com/buy/mitsubishi-ek-wagon-sale-colombo-11777659
Mitsubishi,EK Wagon,2025,600 km,Automatic,Petrol,690,Brand New,"2026 Aug 11, 10:14 am",Colombo,Rs. 7375000,https://riyasewana.com/buy/mitsubishi-ek-wagon-sale-colombo-11894010
Mitsubishi,EK Wagon G GRADE,2024,"12,000 km",Automatic,Petrol,1000,Registered (Used),"2026 Jul 25, 8:18 am",Colombo,Rs. 7150000,https://riyasewana.com/buy/mitsubishi-ek-wagon-sale-colombo-12020208
Mitsubishi,Ek Wagon G Grade With 360s,2025,"10,800 km",Automatic,Petrol,650,Unregistered (Recondition),"2026 Jul 27, 10:21 am",Colombo,Rs. 7790000,https://riyasewana.com/buy/mitsubishi-ek-wagon-sale-colombo-12033736
Mitsubishi,EK Wagon,2023,"4,200 km",Automatic,Petrol,660,Unregistered (Recondition),"2026 Aug 08, 9:19 am",Colombo,Rs. 6950000,https://riyasewana.com/buy/mitsubishi-ek-wagon-sale-colombo-12102760
Mitsubishi,EK Wagon,2018,"56,000 km",Automatic,Petrol,650,Registered (Used),"2026 May 17, 12:18 pm",Galle,Rs. 5750000,https://riyasewana.com/buy/mitsubishi-ek-wagon-sale-galle-11651278
Mitsubishi,EK Wagon,2018,"137,000 km",Automatic,Petrol,650,Registered (Used),"2026 Jun 01, 10:13 pm",Galle,Rs. 5850000,https://riyasewana.com/buy/mitsubishi-ek-wagon-sale-galle-11723450
Mitsubishi,Ek Wagon Custom,2022,"87,255 km",Automatic,Petrol,,Registered (Used),"2026 Aug 05, 3:31 pm",Galle,Rs. 6175000,https://riyasewana.com/buy/mitsubishi-ek-wagon-sale-galle-12087315
Mitsubishi,EK Wagon,2018,"106,571 km",Automatic,Petrol,650,Registered (Used),"2026 Jun 21, 3:41 pm",Gampaha,Rs. 6400000,https://riyasewana.com/buy/mitsubishi-ek-wagon-sale-gampaha-11827678
Mitsubishi,EK Wagon,2023,"6,000 km",Automatic,Petrol,650,Unregistered (Recondition),"2026 Jul 18, 4:07 pm",Homagama,Rs. 7550000,https://riyasewana.com/buy/mitsubishi-ek-wagon-sale-homagama-11981617
Mitsubishi,EK WAGON B21DAYZ,2017,"108,000 km",Automatic,Petrol,660,Registered (Used),"2026 Jul 30, 3:15 pm",Homagama,Rs. 5975000,https://riyasewana.com/buy/mitsubishi-ek-wagon-sale-homagama-12052314
Mitsubishi,EK Wagon,2016,"98,000 km",Automatic,Petrol,650,Registered (Used),"2026 Aug 01, 9:24 am",Homagama,Rs. 6050000,https://riyasewana.com/buy/mitsubishi-ek-wagon-sale-homagama-12061933
Mitsubishi,EK Wagon,2024,"30,000 km",Automatic,Petrol,650,Unregistered (Recondition),"2026 Jul 23, 3:17 pm",Kaduwela,Rs. 7150000,https://riyasewana.com/buy/mitsubishi-ek-wagon-sale-kaduwela-12010680
Mitsubishi,EK Wagon,1988,"150,000 km",Manual,Petrol,1500,Registered (Used),"2026 Jun 03, 10:40 am",Katunayake,Rs. 1050000,https://riyasewana.com/buy/mitsubishi-ek-wagon-sale-katunayake-11729956
Mitsubishi,EK Wagon,1981,,Manual,Petrol,1200,Registered (Used),"2026 Jul 29, 9:21 pm",Katunayake,Rs. 535000,https://riyasewana.com/buy/mitsubishi-ek-wagon-sale-katunayake-12048403
Mitsubishi,EK Wagon G Grade,2024,"5,800 km",Automatic,Petrol,660,Unregistered (Recondition),"2026 May 31, 4:37 pm",Kottawa,Rs. 7900000,https://riyasewana.com/buy/mitsubishi-ek-wagon-sale-kottawa-11718273
Mitsubishi,EK Wagon M Grade,2024,"8,780 km",Automatic,Petrol,650,Unregistered (Recondition),"2026 Jun 03, 10:58 am",Kottawa,Rs. 7625000,https://riyasewana.com/buy/mitsubishi-ek-wagon-sale-kottawa-11730073
Mitsubishi,EK Wagon,2018,"107,500 km",Automatic,Petrol,660,Registered (Used),"2026 Jul 18, 10:48 pm",Kottawa,Rs. 6275000,https://riyasewana.com/buy/mitsubishi-ek-wagon-sale-kottawa-11983375
Mitsubishi,EK Wagon,2025,"2,600 km",Automatic,Petrol,650,Unregistered (Recondition),"2026 Aug 06, 10:07 am",Kottawa,Rs. 7375000,https://riyasewana.com/buy/mitsubishi-ek-wagon-sale-kottawa-12091039
Mitsubishi,EK Wagon M,2025,"3,000 km",Automatic,Petrol,650,Unregistered (Recondition),"2026 Aug 07, 11:01 am",Kottawa,Rs. 7390000,https://riyasewana.com/buy/mitsubishi-ek-wagon-sale-kottawa-12097012
Mitsubishi,EK Wagon M,2024,"4,000 km",Automatic,Petrol,650,Unregistered (Recondition),"2026 Aug 10, 11:23 am",Kottawa,Rs. 7275000,https://riyasewana.com/buy/mitsubishi-ek-wagon-sale-kottawa-12115909
Mitsubishi,EK Wagon,2025,"1,800 km",Automatic,Petrol,650,Unregistered (Recondition),"2026 Jul 09, 2:16 pm",Kotte,Rs. 7390000,https://riyasewana.com/buy/mitsubishi-ek-wagon-sale-kotte-11694928
Mitsubishi,EK Wagon,2025,"3,200 km",Automatic,Petrol,650,Unregistered (Recondition),"2026 Jul 21, 3:49 pm",Kotte,Rs. 7490000,https://riyasewana.com/buy/mitsubishi-ek-wagon-sale-kotte-11803853
Mitsubishi,EK Wagon,2025,"1,000 km",Automatic,Petrol,660,Unregistered (Recondition),"2026 Jul 13, 3:15 pm",Kotte,Rs. 7550000,https://riyasewana.com/buy/mitsubishi-ek-wagon-sale-kotte-11950599
Mitsubishi,EK Wagon,2024,"13,000 km",Automatic,Petrol,660,Registered (Used),"2026 Jun 03, 7:33 pm",Kurunegala,Rs. 7550000,https://riyasewana.com/buy/mitsubishi-ek-wagon-sale-kurunegala-11732486
Mitsubishi,EK Wagon,2024,"43,000 km",Automatic,Petrol,660,Unregistered (Recondition),"2026 Jul 22, 7:32 am",Kurunegala,Rs. 6985000,https://riyasewana.com/buy/mitsubishi-ek-wagon-sale-kurunegala-11962839
Mitsubishi,EK Wagon,2025,"2,000 km",Automatic,Petrol,660,Unregistered (Recondition),"2026 Jul 24, 11:41 am",Kurunegala,Rs. 7550000,https://riyasewana.com/buy/mitsubishi-ek-wagon-sale-kurunegala-12015399
Mitsubishi,EK Wagon G Grade,2023,"4,000 km",Automatic,Petrol,660,Unregistered (Recondition),"2026 Aug 09, 5:48 pm",Kurunegala,Rs. 7500000,https://riyasewana.com/buy/mitsubishi-ek-wagon-sale-kurunegala-12112612
Mitsubishi,EK Wagon,2023,"9,500 km",Automatic,Petrol,660,Registered (Used),"2026 Jul 23, 6:57 pm",Maharagama,Rs. 6750000,https://riyasewana.com/buy/mitsubishi-ek-wagon-sale-maharagama-12011821
Mitsubishi,EK Wagon,2018,"118,662 km",Automatic,Petrol,650,Registered (Used),"2026 May 23, 1:04 pm",Malabe,Rs. 6195000,https://riyasewana.com/buy/mitsubishi-ek-wagon-sale-malabe-11682179
Mitsubishi,EK Wagon,2024,"44,000 km",Automatic,Petrol,660,Unregistered (Recondition),"2026 Jun 19, 4:54 pm",Malabe,Rs. 7390000,https://riyasewana.com/buy/mitsubishi-ek-wagon-sale-malabe-11815797
Mitsubishi,EK Wagon,2024,"2,348 km",Automatic,Petrol,658,Registered (Used),"2026 Jul 08, 12:00 pm",Malabe,Rs. 7440000,https://riyasewana.com/buy/mitsubishi-ek-wagon-sale-malabe-11919152
Mitsubishi,EK Wagon,2018,"90,400 km",Automatic,Petrol,650,Registered (Used),"2026 Aug 03, 5:30 pm",Malabe,Rs. 6290000,https://riyasewana.com/buy/mitsubishi-ek-wagon-sale-malabe-12076850
Mitsubishi,EK Wagon,2016,"136,115 km",Automatic,Petrol,650,Registered (Used),"2026 Aug 07, 3:39 pm",Malabe,Negotiable,https://riyasewana.com/buy/mitsubishi-ek-wagon-sale-malabe-12098688
Mitsubishi,EK Wagon G Grade Dayz,2023,"15,000 km",Automatic,Petrol,660,Unregistered (Recondition),"2026 Aug 07, 9:24 am",Matara,Rs. 7590000,https://riyasewana.com/buy/mitsubishi-ek-wagon-sale-matara-11743111
Mitsubishi,EK Wagon G Grade Dayz,2024,"15,000 km",Automatic,Petrol,660,Unregistered (Recondition),"2026 Aug 05, 7:53 pm",Matara,Rs. 7590000,https://riyasewana.com/buy/mitsubishi-ek-wagon-sale-matara-11929192
Mitsubishi,EK Wagon,2020,"42,000 km",Automatic,Petrol,660,Registered (Used),"2026 Aug 11, 9:20 am",Minuwangoda,Rs. 5898000,https://riyasewana.com/buy/mitsubishi-ek-wagon-sale-minuwangoda-12120340
Mitsubishi,EK Wagon R Safety,2024,"5,000 km",Automatic,Petrol,660,Unregistered (Recondition),"2026 Aug 01, 3:35 pm",Piliyandala,Rs. 7375000,https://riyasewana.com/buy/mitsubishi-ek-wagon-sale-piliyandala-12065039
Mitsubishi,EK X EV Limited,2024,"10,900 km",Automatic,Electric,47,Unregistered (Recondition),"2026 Aug 11, 9:00 am",Colombo,Rs. 8895000,https://riyasewana.com/buy/mitsubishi-ek-x-sale-colombo-11973624
Mitsubishi,EK X Cross Turbo,2023,"11,000 km",Automatic,Hybrid,660,Registered (Used),"2026 Aug 09, 10:23 pm",Colombo,Rs. 8490000,https://riyasewana.com/buy/mitsubishi-ek-x-sale-colombo-12113586
Mitsubishi,EK X Cross,2019,"164,000 km",Automatic,Petrol,1500,Registered (Used),"2026 Jul 02, 5:34 pm",Galle,Rs. 12500000,https://riyasewana.com/buy/mitsubishi-ek-x-sale-galle-11885567
Mitsubishi,EK X Cross,2024,"6,000 km",Automatic,Hybrid,,Unregistered (Recondition),"2026 Jun 27, 6:49 pm",Gampola,Rs. 8400000,https://riyasewana.com/buy/mitsubishi-ek-x-sale-gampola-11861510
Mitsubishi,EK X Cross Hybrid,2024,"10,000 km",Automatic,Hybrid,660,Unregistered (Recondition),"2026 Jul 30, 3:44 pm",Kaduwela,Rs. 8350000,https://riyasewana.com/buy/mitsubishi-ek-x-sale-kaduwela-12052440
Mitsubishi,EK X G Premium,2024,"5,520 km",Automatic,Petrol,660,Unregistered (Recondition),"2026 Jun 27, 1:43 pm",Kegalle,Rs. 8590000,https://riyasewana.com/buy/mitsubishi-ek-x-sale-kegalle-11860162
Mitsubishi,EK X Cross,2022,"4,000 km",Automatic,Hybrid,650,Registered (Used),"2026 Jun 02, 5:44 pm",Malabe,Negotiable,https://riyasewana.com/buy/mitsubishi-ek-x-sale-malabe-11727207
Mitsubishi,EK X Cross G,2024,"5,000 km",Automatic,Petrol,650,Unregistered (Recondition),"2026 Jun 18, 3:17 pm",Malabe,Rs. 8890000,https://riyasewana.com/buy/mitsubishi-ek-x-sale-malabe-11810247
Mitsubishi,EK X Cross,2025,"6,500 km",Automatic,Petrol,655,Registered (Used),"2026 Aug 07, 1:24 pm",Ratnapura,Rs. 8550000,https://riyasewana.com/buy/mitsubishi-ek-x-sale-ratnapura-12097921
Mitsubishi,EKx,2023,"5,600 km",Automatic,Petrol,660,Unregistered (Recondition),"2026 Jul 21, 9:34 am",Homagama,Rs. 8225000,https://riyasewana.com/buy/mitsubishi-ekx-sale-homagama-11996654
Mitsubishi,Evolution 6,1999,"158,500 km",Manual,Petrol,2000,Registered (Used),"2026 Jul 12, 10:39 am",Kandy,Rs. 8700000,https://riyasewana.com/buy/mitsubishi-evolution-6-sale-kandy-11943182
Mitsubishi,Evolution 7,2002,"157,000 km",Automatic,Petrol,2000,Registered (Used),"2026 Jun 30, 1:10 pm",Maharagama,Rs. 12000000,https://riyasewana.com/buy/mitsubishi-evolution-7-sale-maharagama-11873560
Mitsubishi,Evolution,2002,"40,000 km",Manual,Petrol,2000,Registered (Used),"2026 Jun 11, 4:02 pm",Boralesgamuwa,Rs. 15000000,https://riyasewana.com/buy/mitsubishi-evolution-sale-boralesgamuwa-11772402
Mitsubishi,EX,2008,"200,000 km",Automatic,Petrol,1500,Registered (Used),"2026 May 27, 8:50 am",Kurunegala,Negotiable,https://riyasewana.com/buy/mitsubishi-ex-sale-kurunegala-11700858
Mitsubishi,Flat Light,1979,,Manual,Petrol,1400,Registered (Used),"2026 Aug 10, 9:07 pm",Piliyandala,Rs. 595000,https://riyasewana.com/buy/mitsubishi-flat-light-sale-piliyandala-12118644
Mitsubishi,Galant Flat Light,1971,,Manual,Petrol,1400,Registered (Used),"2026 Jun 24, 6:59 pm",Kuliyapitiya,Rs. 675000,https://riyasewana.com/buy/mitsubishi-galant-flat-sale-kuliyapitiya-11844506
Mitsubishi,Galant,1996,,Manual,Diesel,1995,Registered (Used),"2026 Jun 23, 3:39 pm",Anuradapura,Negotiable,https://riyasewana.com/buy/mitsubishi-galant-sale-anuradapura-11838239
Mitsubishi,Galant,1990,1 km,Manual,Petrol,2000,Registered (Used),"2026 Jun 24, 4:49 pm",Anuradapura,Rs. 550000,https://riyasewana.com/buy/mitsubishi-galant-sale-anuradapura-11843989
Mitsubishi,Galant,1989,"20,000 km",Manual,Petrol,1800,Registered (Used),"2026 Aug 05, 12:30 pm",Bentota,Rs. 2175000,https://riyasewana.com/buy/mitsubishi-galant-sale-bentota-12086422
Mitsubishi,Galant,2000,"150,000 km",Manual,Diesel,198,Registered (Used),"2026 Jun 09, 5:03 pm",Chilaw,Rs. 3400000,https://riyasewana.com/buy/mitsubishi-galant-sale-chilaw-11762445
Mitsubishi,Galant,1979,,Manual,Petrol,1400,Registered (Used),"2026 May 19, 4:29 pm",Colombo,Rs. 370000,https://riyasewana.com/buy/mitsubishi-galant-sale-colombo-11662466
Mitsubishi,Galant,1985,"220,000 km",Manual,Petrol,1600,Registered (Used),"2026 Aug 10, 11:32 am",Colombo,Rs. 1400000,https://riyasewana.com/buy/mitsubishi-galant-sale-colombo-12115985
Mitsubishi,Galant,1996,"125,451 km",Manual,Petrol,1600,Registered (Used),"2026 May 25, 1:57 pm",Divulapitiya,Negotiable,https://riyasewana.com/buy/mitsubishi-galant-sale-divulapitiya-11693001
Mitsubishi,Galant,2007,"241,000 km",Automatic,Petrol,2000,Registered (Used),"2026 Aug 02, 8:13 pm",Divulapitiya,Negotiable,https://riyasewana.com/buy/mitsubishi-galant-sale-divulapitiya-12072324
Mitsubishi,Galant,1983,"100,000 km",Manual,Petrol,1500,Registered (Used),"2026 Aug 08, 8:46 pm",Dompe,Rs. 790000,https://riyasewana.com/buy/mitsubishi-galant-sale-dompe-12107227
Mitsubishi,Galant,1985,"9,999 km",Manual,Petrol,1600,Registered (Used),"2026 Aug 11, 12:02 pm",Embilipitiya,Rs. 1500000,https://riyasewana.com/buy/mitsubishi-galant-sale-embilipitiya-12121644
Mitsubishi,Galant,1994,"100,000 km",Manual,Diesel,1980,Registered (Used),"2026 Jul 05, 2:53 pm",Galle,Rs. 1750000,https://riyasewana.com/buy/mitsubishi-galant-sale-galle-11903452
Mitsubishi,Galant,2003,"100,000 km",Automatic,Petrol,1900,Registered (Used),"2026 Aug 05, 6:22 pm",Gampaha,Rs. 1550000,https://riyasewana.com/buy/mitsubishi-galant-sale-gampaha-12088198
Mitsubishi,Galant,1998,0 km,Manual,Diesel,1998,Registered (Used),"2026 Aug 09, 9:01 pm",Gampaha,Negotiable,https://riyasewana.com/buy/mitsubishi-galant-sale-gampaha-12113354
Mitsubishi,Galant,1974,"12,345 km",Manual,Petrol,1500,Antique,"2026 May 21, 7:54 pm",Hambantota,Rs. 440000,https://riyasewana.com/buy/mitsubishi-galant-sale-hambantota-11673289
Mitsubishi,Galant,1985,1 km,Manual,Petrol,1600,Registered (Used),"2026 Aug 10, 9:53 am",Homagama,Negotiable,https://riyasewana.com/buy/mitsubishi-galant-sale-homagama-12115210
Mitsubishi,GALANT,1981,"173,800 km",Manual,Petrol,,Registered (Used),"2026 Aug 10, 4:12 pm",Homagama,Rs. 1485000,https://riyasewana.com/buy/mitsubishi-galant-sale-homagama-12117480
Mitsubishi,Galant,2001,"175,000 km",Manual,Petrol,1800,Registered (Used),"2026 Jun 03, 10:17 pm",Horana,Rs. 4400000,https://riyasewana.com/buy/mitsubishi-galant-sale-horana-11733037
Mitsubishi,Galant,2004,"150,000 km",Automatic,Petrol,1970,Registered (Used),"2026 Jul 11, 6:18 pm",Horana,Rs. 1350000,https://riyasewana.com/buy/mitsubishi-galant-sale-horana-11939768
Mitsubishi,Galant,1997,"270,000 km",Manual,Petrol,1600,Registered (Used),"2026 Jul 29, 11:31 am",Horana,Negotiable,https://riyasewana.com/buy/mitsubishi-galant-sale-horana-12045931
Mitsubishi,Galant,1996,"100,000 km",Manual,Petrol,2000,Registered (Used),"2026 Jul 30, 10:27 pm",Kandy,Rs. 950000,https://riyasewana.com/buy/mitsubishi-galant-sale-kandy-12054055
Mitsubishi,Galant,1983,"7,700 km",Manual,Petrol,1600,Registered (Used),"2026 May 25, 10:14 pm",Kuliyapitiya,Negotiable,https://riyasewana.com/buy/mitsubishi-galant-sale-kuliyapitiya-11695082
Mitsubishi,Galant,1985,"100,000 km",Manual,Petrol,1600,Registered (Used),"2026 Jul 19, 10:11 am",Kurunegala,Negotiable,https://riyasewana.com/buy/mitsubishi-galant-sale-kurunegala-11985597
Mitsubishi,Galant,1971,0 km,Manual,Petrol,,Registered (Used),"2026 Aug 10, 7:10 am",Maharagama,Rs. 435000,https://riyasewana.com/buy/mitsubishi-galant-sale-maharagama-12114018
Mitsubishi,Galant,1973,"350,000 km",Manual,Petrol,1400,Registered (Used),"2026 Jul 18, 7:36 pm",Marawila,Rs. 650000,https://riyasewana.com/buy/mitsubishi-galant-sale-marawila-11982697
Mitsubishi,Galant,1990,"123,456 km",Manual,Petrol,1500,Registered (Used),"2026 Jun 25, 11:48 am",Matale,Rs. 1750000,https://riyasewana.com/buy/mitsubishi-galant-sale-matale-11847844
Mitsubishi,Galant,1988,"252,684 km",Manual,Petrol,1800,Registered (Used),"2026 Jun 23, 1:49 pm",Moratuwa,Rs. 1475000,https://riyasewana.com/buy/mitsubishi-galant-sale-moratuwa-11837702
Mitsubishi,Galant,2004,"150,000 km",Manual,Petrol,2000,Registered (Used),"2026 Jul 15, 6:13 pm",Moratuwa,Rs. 3950000,https://riyasewana.com/buy/mitsubishi-galant-sale-moratuwa-11963202
Mitsubishi,Galant,2002,,Manual,Petrol,2000,Registered (Used),"2026 Jul 16, 3:41 pm",Nittambuwa,Rs. 4000000,https://riyasewana.com/buy/mitsubishi-galant-sale-nittambuwa-11968148
Mitsubishi,Galant,1986,"11,111 km",Manual,Petrol,1600,Registered (Used),"2026 Aug 07, 10:53 am",Nittambuwa,Rs. 950000,https://riyasewana.com/buy/mitsubishi-galant-sale-nittambuwa-12096951
Mitsubishi,Galant,1983,"527,289 km",Manual,Petrol,1600,Registered (Used),"2026 Jul 30, 3:52 pm",Ratnapura,Rs. 675000,https://riyasewana.com/buy/mitsubishi-galant-sale-ratnapura-12052463
Mitsubishi,Galant SIGMA,1983,1 km,Manual,Petrol,1600,Registered (Used),"2026 Jul 01, 2:32 pm",Galle,Rs. 835000,https://riyasewana.com/buy/mitsubishi-galant-sigma-sale-galle-11879165
Mitsubishi,Galant Sigma,1982,,Manual,Petrol,2000,Registered (Used),"2026 Jun 29, 9:34 pm",Kaduwela,Rs. 1525000,https://riyasewana.com/buy/mitsubishi-galant-sigma-sale-kaduwela-11870698
Mitsubishi,Galant Sport,2003,"157,000 km",Automatic,Petrol,1970,Registered (Used),"2026 Jul 09, 8:48 pm",Horana,Rs. 1350000,https://riyasewana.com/buy/mitsubishi-galant-sport-sale-horana-11927312
Mitsubishi,GL Wagon,1980,"123,456 km",Manual,Petrol,1200,Registered (Used),"2026 Jul 24, 8:45 am",Kurunegala,Rs. 520000,https://riyasewana.com/buy/mitsubishi-gl-wagon-sale-kurunegala-12013849
Mitsubishi,I Miev Fully Electric Japan,2013,"117,000 km",Automatic,Electric,67,Registered (Used),"2026 Jul 20, 8:27 am",Panadura,Rs. 3690000,https://riyasewana.com/buy/mitsubishi-i-miev-sale-panadura-11990219
Mitsubishi,J30D,1980,"1,234 km",Manual,Diesel,2500,Registered (Used),"2026 Jun 12, 10:05 pm",Kegalle,Rs. 3400000,https://riyasewana.com/buy/mitsubishi-j30d-sale-kegalle-11779068
Mitsubishi,L Light,1980,"222,222 km",Manual,Petrol,1400,Registered (Used),"2026 May 31, 6:31 pm",Gampola,Negotiable,https://riyasewana.com/buy/mitsubishi-l-light-sale-gampola-11718544
Mitsubishi,Lancer 4D65,1992,,Manual,Diesel,1795,Registered (Used),"2026 Jun 02, 1:22 pm",Kurunegala,Rs. 2300000,https://riyasewana.com/buy/mitsubishi-lancer-4d65-sale-kurunegala-11726152
Mitsubishi,Lancer Anniwasari C12A,1985,"100,000 km",Manual,Petrol,1500,Registered (Used),"2026 Jun 30, 9:31 pm",Anuradapura,Rs. 975000,https://riyasewana.com/buy/mitsubishi-lancer-anniwasari-sale-anuradapura-11875505
Mitsubishi,Lancer Asp,1989,"12,233 km",Manual,Petrol,1300,Registered (Used),"2026 Aug 03, 1:04 pm",Ambalangoda,Rs. 1425000,https://riyasewana.com/buy/mitsubishi-lancer-asp-sale-ambalangoda-12075738
Mitsubishi,Lancer B211,1977,"1,111 km",Manual,Petrol,1400,Registered (Used),"2026 Jun 19, 8:05 pm",Negombo,Rs. 795000,https://riyasewana.com/buy/mitsubishi-lancer-b211-sale-negombo-11816756
Mitsubishi,Lancer Box,1984,"45,000 km",Manual,Petrol,1400,Registered (Used),"2026 Aug 10, 10:00 am",Ampara,Negotiable,https://riyasewana.com/buy/mitsubishi-lancer-box-sale-ampara-12115258
Mitsubishi,Lancer Box,1981,"100,000 km",Automatic,Petrol,1400,Registered (Used),"2026 May 31, 9:07 am",Anuradapura,Rs. 1200000,https://riyasewana.com/buy/mitsubishi-lancer-box-sale-anuradapura-11716388
Mitsubishi,Lancer Box,1983,15 km,Manual,Petrol,1400,Registered (Used),"2026 Jun 06, 8:06 am",Anuradapura,Rs. 860000,https://riyasewana.com/buy/mitsubishi-lancer-box-sale-anuradapura-11743528
Mitsubishi,Lancer Box,1981,"123,456 km",Manual,Petrol,1400,Registered (Used),"2026 Jun 21, 10:55 pm",Anuradapura,Negotiable,https://riyasewana.com/buy/mitsubishi-lancer-box-sale-anuradapura-11829310
Mitsubishi,Lancer Box,1985,"125,000 km",Manual,Petrol,1500,Antique,"2026 Jun 23, 11:10 am",Anuradapura,Rs. 875000,https://riyasewana.com/buy/mitsubishi-lancer-box-sale-anuradapura-11836761
Mitsubishi,Lancer Box,1983,,Manual,Petrol,1200,Registered (Used),"2026 Jul 12, 10:14 pm",Anuradapura,Negotiable,https://riyasewana.com/buy/mitsubishi-lancer-box-sale-anuradapura-11946713
Mitsubishi,Lancer Box,1981,"84,522 km",Manual,Petrol,1400,Registered (Used),"2026 Jul 29, 3:33 pm",Avissawella,Negotiable,https://riyasewana.com/buy/mitsubishi-lancer-box-sale-avissawella-12047214
Mitsubishi,Lancer Box,1980,"150,000 km",Manual,Petrol,1400,Registered (Used),"2026 May 19, 8:30 pm",Badulla,Rs. 1475000,https://riyasewana.com/buy/mitsubishi-lancer-box-sale-badulla-11663438
Mitsubishi,Lancer Box,1983,"210,000 km",Manual,Petrol,1400,Registered (Used),"2026 Jul 22, 2:28 pm",Badulla,Negotiable,https://riyasewana.com/buy/mitsubishi-lancer-box-sale-badulla-12004561
Mitsubishi,Lancer Box,1981,"270,000 km",Manual,Petrol,1400,Registered (Used),"2026 Jul 15, 4:03 pm",Balangoda,Negotiable,https://riyasewana.com/buy/mitsubishi-lancer-box-sale-balangoda-11962567
Mitsubishi,Lancer Box,1985,1 km,Automatic,Petrol,1400,Registered (Used),"2026 Aug 10, 7:12 pm",Balangoda,Rs. 880000,https://riyasewana.com/buy/mitsubishi-lancer-box-sale-balangoda-12118182
Mitsubishi,Lancer Box,1981,0 km,Manual,Petrol,1400,Registered (Used),"2026 Jul 31, 6:17 pm",Bandaragama,Rs. 1380000,https://riyasewana.com/buy/mitsubishi-lancer-box-sale-bandaragama-12058747
Mitsubishi,Lancer Box,1980,1 km,Manual,Petrol,1400,Antique,"2026 Jun 28, 9:20 pm 1,007",Bandarawela,Rs. 780000,https://riyasewana.com/buy/mitsubishi-lancer-box-sale-bandarawela-11867327
Mitsubishi,Lancer Box,1983,"18,580 km",Manual,Petrol,1400,Registered (Used),"2026 May 14, 12:17 pm",Battaramulla,Rs. 1350000,https://riyasewana.com/buy/mitsubishi-lancer-box-sale-battaramulla-11634532
Mitsubishi,Lancer Box,1982,123 km,Manual,Petrol,1400,Registered (Used),"2026 Jul 01, 8:44 pm",Battaramulla,Rs. 1050000,https://riyasewana.com/buy/mitsubishi-lancer-box-sale-battaramulla-11880781
Mitsubishi,Lancer Box,1985,,Manual,Petrol,1400,Registered (Used),"2026 Jun 23, 8:45 pm",Boralesgamuwa,Rs. 855000,https://riyasewana.com/buy/mitsubishi-lancer-box-sale-boralesgamuwa-11839577
Mitsubishi,Lancer Box,1980,190 km,Manual,Petrol,1400,Registered (Used),"2026 Jul 18, 10:16 am",Colombo,Rs. 590000,https://riyasewana.com/buy/mitsubishi-lancer-box-sale-colombo-11978997
Mitsubishi,Lancer Box,1981,"1,111 km",Manual,Petrol,1400,Registered (Used),"2026 Aug 05, 3:40 pm",Colombo,Rs. 1150000,https://riyasewana.com/buy/mitsubishi-lancer-box-sale-colombo-12087349
Mitsubishi,Lancer Box,1980,"100,000 km",Manual,Petrol,1400,Registered (Used),"2026 Jul 11, 8:23 pm",Dehiwala-Mount-Lavinia,Rs. 1150000,https://riyasewana.com/buy/mitsubishi-lancer-box-sale-dehiwala-mount-lavinia-11940366
Mitsubishi,Lancer Box,1985,0 km,Manual,Petrol,1500,Registered (Used),"2026 Jun 16, 9:30 am",Divulapitiya,Negotiable,https://riyasewana.com/buy/mitsubishi-lancer-box-sale-divulapitiya-11797573
Mitsubishi,Lancer Box,1982,"1,234 km",Manual,Petrol,1400,Registered (Used),"2026 Jul 08, 6:21 pm",Dompe,Negotiable,https://riyasewana.com/buy/mitsubishi-lancer-box-sale-dompe-11921031
Mitsubishi,Lancer Box,1980,"12,300 km",Manual,Petrol,1400,Registered (Used),"2026 Jul 16, 6:29 pm",Dompe,Rs. 1335000,https://riyasewana.com/buy/mitsubishi-lancer-box-sale-dompe-11968897
Mitsubishi,Lancer Box,1980,"1,000 km",Manual,Petrol,1400,Registered (Used),"2026 Jul 10, 5:15 pm",Embilipitiya,Rs. 1278000,https://riyasewana.com/buy/mitsubishi-lancer-box-sale-embilipitiya-11932369
Mitsubishi,Lancer Box,1980,25 km,Manual,Petrol,1400,Registered (Used),"2026 Aug 09, 3:34 pm",Embilipitiya,Rs. 1350000,https://riyasewana.com/buy/mitsubishi-lancer-box-sale-embilipitiya-12112013
Mitsubishi,Lancer Box,1900,0 km,Manual,Petrol,1400,Registered (Used),"2026 Jun 09, 9:04 pm",Galle,Rs. 1030000,https://riyasewana.com/buy/mitsubishi-lancer-box-sale-galle-11763450
Mitsubishi,Lancer Box,1981,"12,345 km",Manual,Petrol,1500,Registered (Used),"2026 May 16, 10:20 am",Gampaha,Rs. 1400000,https://riyasewana.com/buy/mitsubishi-lancer-box-sale-gampaha-11644708
Mitsubishi,Lancer Box,1981,0 km,Manual,Petrol,1400,Registered (Used),"2026 May 26, 1:55 pm",Gampaha,Rs. 750000,https://riyasewana.com/buy/mitsubishi-lancer-box-sale-gampaha-11698006
Mitsubishi,Lancer Box,1980,"1,234 km",Manual,Petrol,1400,Registered (Used),"2026 Jun 03, 11:52 am",Gampaha,Negotiable,https://riyasewana.com/buy/mitsubishi-lancer-box-sale-gampaha-11730417
Mitsubishi,Lancer Box,1982,,Manual,Petrol,1400,Registered (Used),"2026 Jun 10, 9:42 am",Gampaha,Rs. 1275000,https://riyasewana.com/buy/mitsubishi-lancer-box-sale-gampaha-11765205
Mitsubishi,Lancer Box,1985,1 km,Manual,Petrol,1400,Registered (Used),"2026 Jul 01, 2:53 pm",Gampaha,Rs. 1045000,https://riyasewana.com/buy/mitsubishi-lancer-box-sale-gampaha-11879285
Mitsubishi,Lancer Box,1983,,Manual,Petrol,1400,Registered (Used),"2026 Jul 11, 10:45 am",Gampaha,Negotiable,https://riyasewana.com/buy/mitsubishi-lancer-box-sale-gampaha-11931757
Mitsubishi,Lancer Box,1983,1 km,Manual,Petrol,1400,Antique,"2026 Aug 04, 9:23 am",Gampaha,Negotiable,https://riyasewana.com/buy/mitsubishi-lancer-box-sale-gampaha-12079145
Mitsubishi,Lancer Box,1981,,Manual,Petrol,1400,Registered (Used),"2026 Aug 04, 11:53 am",Gampaha,Negotiable,https://riyasewana.com/buy/mitsubishi-lancer-box-sale-gampaha-12080484
Mitsubishi,Lancer Box A172A,1982,"85,500 km",Manual,Petrol,1400,Registered (Used),"2026 Aug 09, 2:57 pm",Gampaha,Negotiable,https://riyasewana.com/buy/mitsubishi-lancer-box-sale-gampaha-12111839
Mitsubishi,Lancer Box,1984,,Manual,Petrol,,Registered (Used),"2026 Aug 10, 8:47 am",Gampaha,Rs. 1200000,https://riyasewana.com/buy/mitsubishi-lancer-box-sale-gampaha-12114691
Mitsubishi,Lancer Box SL 5FD,1981,1 km,Manual,Petrol,1400,Registered (Used),"2026 Aug 11, 8:39 am",Gampaha,Negotiable,https://riyasewana.com/buy/mitsubishi-lancer-box-sale-gampaha-12119985
Mitsubishi,Lancer Box,1983,"58,452 km",Manual,Petrol,1400,Antique,"2026 Aug 11, 3:05 pm",Gampaha,Rs. 595000,https://riyasewana.com/buy/mitsubishi-lancer-box-sale-gampaha-12122674
Mitsubishi,Lancer Box,1983,"200,000 km",Manual,Petrol,1400,Registered (Used),"2026 Aug 08, 12:19 pm",Gampola,Negotiable,https://riyasewana.com/buy/mitsubishi-lancer-box-sale-gampola-12104523
Mitsubishi,Lancer Box,1979,"22,255 km",Manual,Petrol,1400,Registered (Used),"2026 May 18, 12:05 pm",Ganemulla,Negotiable,https://riyasewana.com/buy/mitsubishi-lancer-box-sale-ganemulla-11656233
Mitsubishi,Lancer Box,1983,"1,234 km",Manual,Petrol,1300,Registered (Used),"2026 Jun 14, 9:33 pm",Hambantota,Rs. 1080000,https://riyasewana.com/buy/mitsubishi-lancer-box-sale-hambantota-11790757
Mitsubishi,Lancer Box,1979,,Manual,Petrol,1400,Registered (Used),"2026 Jun 01, 7:21 pm",Homagama,Negotiable,https://riyasewana.com/buy/mitsubishi-lancer-box-sale-homagama-11722959
Mitsubishi,Lancer Box,1982,"125,000 km",Manual,Petrol,1400,Unregistered (Recondition),"2026 Jul 06, 4:23 pm",Homagama,Rs. 890000,https://riyasewana.com/buy/mitsubishi-lancer-box-sale-homagama-11909098
Mitsubishi,Lancer Box,1983,,Manual,Petrol,1400,Registered (Used),"2026 Jul 08, 10:19 am",Homagama,Negotiable,https://riyasewana.com/buy/mitsubishi-lancer-box-sale-homagama-11918361
Mitsubishi,LANCER BOX,1981,0 km,Manual,Petrol,1400,Registered (Used),"2026 Aug 07, 4:45 pm",Homagama,Negotiable,https://riyasewana.com/buy/mitsubishi-lancer-box-sale-homagama-12099025
Mitsubishi,Lancer Box,1982,"100,000 km",Manual,Petrol,14000,Registered (Used),"2026 Aug 08, 5:37 pm",Homagama,Negotiable,https://riyasewana.com/buy/mitsubishi-lancer-box-sale-homagama-12106342
Mitsubishi,Lancer Box,1985,"125,000 km",Manual,Petrol,1400,Registered (Used),"2026 May 14, 3:30 pm",Horana,Rs. 1475000,https://riyasewana.com/buy/mitsubishi-lancer-box-sale-horana-11635395
Mitsubishi,Lancer Box,1981,"1,234 km",Manual,Petrol,1400,Registered (Used),"2026 Jun 12, 2:03 pm",Horana,Negotiable,https://riyasewana.com/buy/mitsubishi-lancer-box-sale-horana-11776877
Mitsubishi,Lancer Box,1982,1 km,Manual,Petrol,,Registered (Used),"2026 Jun 29, 4:59 pm",Horana,Negotiable,https://riyasewana.com/buy/mitsubishi-lancer-box-sale-horana-11870142
Mitsubishi,Lancer Box,1984,"12,345 km",Manual,Petrol,1400,Registered (Used),"2026 Jul 10, 11:31 pm 1,018",Horana,Rs. 880000,https://riyasewana.com/buy/mitsubishi-lancer-box-sale-horana-11934128
Mitsubishi,Lancer Box,1985,"125,000 km",Manual,Petrol,1400,Registered (Used),"2026 Aug 06, 4:22 pm",Horana,Negotiable,https://riyasewana.com/buy/mitsubishi-lancer-box-sale-horana-12093273
Mitsubishi,Lancer Box,1983,1 km,Manual,Petrol,1400,Registered (Used),"2026 Jul 25, 12:40 pm",Ja-Ela,Negotiable,https://riyasewana.com/buy/mitsubishi-lancer-box-sale-ja-ela-12022935
Mitsubishi,Lancer Box,1983,1 km,Manual,Petrol,1400,Registered (Used),"2026 Jul 29, 9:01 am",Ja-Ela,Negotiable,https://riyasewana.com/buy/mitsubishi-lancer-box-sale-ja-ela-12044553
Mitsubishi,Lancer Box,1983,1 km,Manual,Petrol,1400,Registered (Used),"2026 Aug 02, 11:03 am",Ja-Ela,Negotiable,https://riyasewana.com/buy/mitsubishi-lancer-box-sale-ja-ela-12069439
Mitsubishi,Lancer Box,1982,1 km,Manual,Petrol,1500,Registered (Used),"2026 Aug 08, 11:04 am",Ja-Ela,Negotiable,https://riyasewana.com/buy/mitsubishi-lancer-box-sale-ja-ela-12103947
Mitsubishi,Lancer Box,1982,"84,500 km",Manual,Petrol,1400,Registered (Used),"2026 Aug 05, 11:22 am",Kadawatha,Negotiable,https://riyasewana.com/buy/mitsubishi-lancer-box-sale-kadawatha-12085937
Mitsubishi,Lancer Box,1981,"856,648 km",Manual,Petrol,1400,Registered (Used),"2026 Aug 11, 9:41 am",Kadawatha,Rs. 1125000,https://riyasewana.com/buy/mitsubishi-lancer-box-sale-kadawatha-12120536
Mitsubishi,Lancer Box,1982,"65,000 km",Manual,Petrol,1410,Registered (Used),"2026 Aug 07, 9:10 am",Kaduwela,Negotiable,https://riyasewana.com/buy/mitsubishi-lancer-box-sale-kaduwela-12096037
Mitsubishi,Lancer Box,1980,,Manual,Petrol,1400,Registered (Used),"2026 Jul 18, 7:20 am",Kalutara,Rs. 1175000,https://riyasewana.com/buy/mitsubishi-lancer-box-sale-kalutara-11977012
Mitsubishi,Lancer Box,1981,,Manual,Petrol,1400,Registered (Used),"2026 Jul 20, 2:27 pm",Kalutara,Negotiable,https://riyasewana.com/buy/mitsubishi-lancer-box-sale-kalutara-11992908
Mitsubishi,Lancer Box,1984,123 km,Manual,Petrol,1400,Registered (Used),"2026 Aug 05, 9:17 am",Kalutara,Negotiable,https://riyasewana.com/buy/mitsubishi-lancer-box-sale-kalutara-12084856
Mitsubishi,Lancer Box,1980,"1,111 km",Manual,Petrol,1400,Registered (Used),"2026 Aug 10, 1:28 pm 166",Kalutara,Negotiable,https://riyasewana.com/buy/mitsubishi-lancer-box-sale-kalutara-12116699
Mitsubishi,Lancer Box,1982,"99,999 km",Manual,Petrol,14000,Registered (Used),"2026 May 14, 8:51 am",Kandy,Rs. 980000,https://riyasewana.com/buy/mitsubishi-lancer-box-sale-kandy-11633110
Mitsubishi,Lancer Box,1980,1 km,Manual,Petrol,1400,Registered (Used),"2026 Jun 03, 9:36 pm",Kandy,Rs. 1190000,https://riyasewana.com/buy/mitsubishi-lancer-box-sale-kandy-11732927
Mitsubishi,Lancer Box,1982,"150,000 km",Manual,Petrol,1200,Registered (Used),"2026 Jul 03, 5:11 pm",Kandy,Rs. 1190000,https://riyasewana.com/buy/mitsubishi-lancer-box-sale-kandy-11891146
Mitsubishi,Lancer Box,1981,1 km,Manual,Petrol,1200,Registered (Used),"2026 Jul 09, 6:59 pm",Kandy,Rs. 1200000,https://riyasewana.com/buy/mitsubishi-lancer-box-sale-kandy-11926830
Mitsubishi,Lancer Box,1985,123 km,Manual,Petrol,,Registered (Used),"2026 Jul 17, 8:36 am",Kandy,Rs. 985000,https://riyasewana.com/buy/mitsubishi-lancer-box-sale-kandy-11970935
Mitsubishi,Lancer Box,1985,"64,548 km",Manual,Petrol,1500,Registered (Used),"2026 Aug 05, 10:49 am",Kandy,Rs. 1050000,https://riyasewana.com/buy/mitsubishi-lancer-box-sale-kandy-12085677
Mitsubishi,Lancer Box,1981,"231,346 km",Manual,Petrol,1400,Registered (Used),"2026 Aug 06, 9:04 pm",Kandy,Rs. 1200000,https://riyasewana.com/buy/mitsubishi-lancer-box-sale-kandy-12094511
Mitsubishi,Lancer Box,1979,"123,456 km",Manual,Petrol,1400,Registered (Used),"2026 Aug 08, 11:14 pm",Kandy,Negotiable,https://riyasewana.com/buy/mitsubishi-lancer-box-sale-kandy-12107655
Mitsubishi,Lancer Box,1981,"251,788 km",Manual,Petrol,1400,Registered (Used),"2026 Aug 09, 9:20 am",Kandy,Rs. 1200000,https://riyasewana.com/buy/mitsubishi-lancer-box-sale-kandy-12109174
Mitsubishi,Lancer Box,1981,,Manual,Petrol,1400,Registered (Used),"2026 Jun 01, 3:45 pm",Kegalle,Rs. 980000,https://riyasewana.com/buy/mitsubishi-lancer-box-sale-kegalle-11722140
Mitsubishi,Lancer Box,1981,0 km,Manual,Petrol,,Registered (Used),"2026 Aug 09, 10:22 am",Kegalle,Negotiable,https://riyasewana.com/buy/mitsubishi-lancer-box-sale-kegalle-12109875
Mitsubishi,Lancer Box,1981,"100,000 km",Manual,Petrol,1400,Registered (Used),"2026 Aug 11, 12:16 pm",Kegalle,Rs. 850000,https://riyasewana.com/buy/mitsubishi-lancer-box-sale-kegalle-12121736
Mitsubishi,Lancer Box,1982,"9,664 km",Manual,Petrol,1400,Registered (Used),"2026 Jun 05, 2:06 pm",Kottawa,Rs. 1350000,https://riyasewana.com/buy/mitsubishi-lancer-box-sale-kottawa-11740576
Mitsubishi,Lancer Box,1982,"1,234 km",Manual,Petrol,1400,Registered (Used),"2026 Jun 05, 4:03 pm",Kottawa,Rs. 1275000,https://riyasewana.com/buy/mitsubishi-lancer-box-sale-kottawa-11741057
Mitsubishi,Lancer Box,1983,0 km,Manual,Petrol,1400,Registered (Used),"2026 Jun 18, 4:19 pm",Kottawa,Negotiable,https://riyasewana.com/buy/mitsubishi-lancer-box-sale-kottawa-11810523
Mitsubishi,Lancer Box,1983,,Manual,Petrol,1400,Registered (Used),"2026 Jun 21, 11:17 am",Kottawa,Negotiable,https://riyasewana.com/buy/mitsubishi-lancer-box-sale-kottawa-11826142
Mitsubishi,Lancer Box,1982,0 km,Manual,Petrol,1400,Registered (Used),"2026 Jul 25, 11:44 am",Kottawa,Negotiable,https://riyasewana.com/buy/mitsubishi-lancer-box-sale-kottawa-12022462
Mitsubishi,Lancer Box,1980,398 km,Manual,Petrol,1400,Registered (Used),"2026 Aug 06, 9:55 pm",Kottawa,Rs. 800000,https://riyasewana.com/buy/mitsubishi-lancer-box-sale-kottawa-12094700
Mitsubishi,Lancer Box 5FWD,1981,"5,728 km",Manual,Petrol,1400,Registered (Used),"2026 Aug 07, 1:53 pm",Kottawa,Rs. 1090000,https://riyasewana.com/buy/mitsubishi-lancer-box-sale-kottawa-12098086
Mitsubishi,Lancer Box 5fwd,1984,"50,000 km",Manual,Petrol,1400,Registered (Used),"2026 Aug 11, 10:07 am",Kottawa,Negotiable,https://riyasewana.com/buy/mitsubishi-lancer-box-sale-kottawa-12120713
Mitsubishi,Lancer Box,1981,"200,000 km",Manual,Petrol,1300,Registered (Used),"2026 Aug 07, 8:56 am",Kotte,Rs. 1090000,https://riyasewana.com/buy/mitsubishi-lancer-box-sale-kotte-12095943
Mitsubishi,Lancer Box,1981,"255,356 km",Manual,Petrol,,Registered (Used),"2026 Jul 09, 3:12 pm",Kuliyapitiya,Rs. 1075000,https://riyasewana.com/buy/mitsubishi-lancer-box-sale-kuliyapitiya-11925832
Mitsubishi,Lancer Box B11 C12,1982,"166,000 km",Manual,Petrol,1400,Registered (Used),"2026 Jul 11, 11:18 am",Kuliyapitiya,Rs. 790000,https://riyasewana.com/buy/mitsubishi-lancer-box-sale-kuliyapitiya-11937310
Mitsubishi,Lancer Box,1981,,Manual,Petrol,1400,Registered (Used),"2026 Jul 24, 7:32 pm",Kuliyapitiya,Negotiable,https://riyasewana.com/buy/mitsubishi-lancer-box-sale-kuliyapitiya-12017920
Mitsubishi,Lancer Box,1982,"111,111 km",Manual,Petrol,1400,Registered (Used),"2026 May 24, 11:53 am",Kurunegala,Negotiable,https://riyasewana.com/buy/mitsubishi-lancer-box-sale-kurunegala-11687380
Mitsubishi,Lancer Box,1983,1 km,Manual,Petrol,1400,Registered (Used),"2026 Jun 20, 8:35 pm",Kurunegala,Negotiable,https://riyasewana.com/buy/mitsubishi-lancer-box-sale-kurunegala-11823253
Mitsubishi,Lancer Box,1983,1 km,Manual,Petrol,1410,Registered (Used),"2026 Jun 30, 10:01 pm",Kurunegala,Negotiable,https://riyasewana.com/buy/mitsubishi-lancer-box-sale-kurunegala-11875589
Mitsubishi,Lancer Box,1982,1 km,Manual,Petrol,1400,Registered (Used),"2026 Jul 05, 11:40 am",Kurunegala,Negotiable,https://riyasewana.com/buy/mitsubishi-lancer-box-sale-kurunegala-11902291
Mitsubishi,Lancer Box,1981,"1,000 km",Manual,Petrol,1400,Registered (Used),"2026 Jul 15, 9:30 pm",Kurunegala,Rs. 1150000,https://riyasewana.com/buy/mitsubishi-lancer-box-sale-kurunegala-11964075
Mitsubishi,Lancer Box,1983,"75,426 km",Manual,Petrol,1400,Registered (Used),"2026 Jul 19, 10:43 pm",Kurunegala,Negotiable,https://riyasewana.com/buy/mitsubishi-lancer-box-sale-kurunegala-11989322
Mitsubishi,Lancer Box,1979,,Manual,Petrol,1400,Registered (Used),"2026 Jul 20, 7:28 am",Kurunegala,Rs. 975000,https://riyasewana.com/buy/mitsubishi-lancer-box-sale-kurunegala-11989830
Mitsubishi,Lancer Box A172A,1979,,Manual,Petrol,1400,Registered (Used),"2026 Jul 22, 12:32 pm",Kurunegala,Negotiable,https://riyasewana.com/buy/mitsubishi-lancer-box-sale-kurunegala-12003906
Mitsubishi,Lancer Box,1990,1 km,Manual,Petrol,1400,Registered (Used),"2026 Jul 24, 9:31 am",Kurunegala,Negotiable,https://riyasewana.com/buy/mitsubishi-lancer-box-sale-kurunegala-12014255
Mitsubishi,Lancer Box,1980,16 km,Manual,Petrol,1400,Registered (Used),"2026 Jul 25, 7:33 pm",Kurunegala,Rs. 1425000,https://riyasewana.com/buy/mitsubishi-lancer-box-sale-kurunegala-12025164
Mitsubishi,Lancer Box,1983,"10,000 km",Manual,Petrol,1400,Registered (Used),"2026 Jul 30, 1:23 pm",Kurunegala,Negotiable,https://riyasewana.com/buy/mitsubishi-lancer-box-sale-kurunegala-12051733
Mitsubishi,Lancer Box,1981,"123,456 km",Manual,Petrol,1400,Registered (Used),"2026 Jul 31, 9:15 am",Kurunegala,Rs. 1125000,https://riyasewana.com/buy/mitsubishi-lancer-box-sale-kurunegala-12055371
Mitsubishi,Lancer Box,1983,"142,250 km",Manual,Petrol,1400,Registered (Used),"2026 Aug 01, 9:49 am",Kurunegala,Negotiable,https://riyasewana.com/buy/mitsubishi-lancer-box-sale-kurunegala-12062233
Mitsubishi,Lancer Box,1980,"12,233 km",Manual,Petrol,1400,Registered (Used),"2026 Aug 04, 7:30 pm",Kurunegala,Negotiable,https://riyasewana.com/buy/mitsubishi-lancer-box-sale-kurunegala-12082805
Mitsubishi,Lancer Box,1981,"123,456 km",Manual,Petrol,1400,Registered (Used),"2026 Aug 08, 12:37 pm",Kurunegala,Rs. 1090000,https://riyasewana.com/buy/mitsubishi-lancer-box-sale-kurunegala-12104650
Mitsubishi,Lancer Box,1983,"1,111,111,111 km",Manual,Petrol,1400,Registered (Used),"2026 Aug 10, 3:14 pm",Kurunegala,Negotiable,https://riyasewana.com/buy/mitsubishi-lancer-box-sale-kurunegala-12117206
Mitsubishi,Lancer Box,1981,"165,555 km",Manual,Petrol,175,Registered (Used),"2026 Aug 11, 11:44 am 57",Kurunegala,Negotiable,https://riyasewana.com/buy/mitsubishi-lancer-box-sale-kurunegala-12121517
Mitsubishi,Lancer Box,1983,"95,000 km",Manual,Petrol,1400,Registered (Used),"2026 Aug 11, 4:26 pm",Kurunegala,Negotiable,https://riyasewana.com/buy/mitsubishi-lancer-box-sale-kurunegala-12123044
Mitsubishi,Lancer Box,1980,"85,642 km",Manual,Petrol,1400,Registered (Used),"2026 Aug 11, 8:07 pm",Kurunegala,Rs. 730000,https://riyasewana.com/buy/mitsubishi-lancer-box-sale-kurunegala-12124046
Mitsubishi,Lancer Box,1980,"76,000 km",Manual,Petrol,1400,Registered (Used),"2026 Jul 25, 9:44 pm",Maharagama,Rs. 1095000,https://riyasewana.com/buy/mitsubishi-lancer-box-sale-maharagama-12025702
Mitsubishi,Lancer Box,1980,"245,000 km",Manual,Petrol,1400,Registered (Used),"2026 Jul 20, 9:37 pm",Malabe,Rs. 1675000,https://riyasewana.com/buy/mitsubishi-lancer-box-sale-malabe-11994890
Mitsubishi,Lancer Box,1980,1 km,Manual,Petrol,1400,Registered (Used),"2026 Jun 07, 4:35 pm",Marawila,Rs. 1350000,https://riyasewana.com/buy/mitsubishi-lancer-box-sale-marawila-11752513
Mitsubishi,Lancer Box,1980,,Manual,Petrol,1400,Registered (Used),"2026 May 26, 5:14 am",Matale,Negotiable,https://riyasewana.com/buy/mitsubishi-lancer-box-sale-matale-11695390
Mitsubishi,Lancer Box,1980,"123,456 km",Manual,Petrol,1400,Registered (Used),"2026 Aug 06, 9:49 am",Matale,Rs. 1325000,https://riyasewana.com/buy/mitsubishi-lancer-box-sale-matale-12090816
Mitsubishi,Lancer Box,1981,"100,000 km",Manual,Petrol,1400,Registered (Used),"2026 Jun 14, 6:22 pm",Matara,Rs. 960000,https://riyasewana.com/buy/mitsubishi-lancer-box-sale-matara-11790055
Mitsubishi,Lancer Box,1986,"295,596 km",Manual,Petrol,1400,Registered (Used),"2026 Jun 16, 2:50 pm 602",Matara,Rs. 1200000,https://riyasewana.com/buy/mitsubishi-lancer-box-sale-matara-11799541
Mitsubishi,Lancer Box,1983,"65,467 km",Manual,Petrol,1300,Registered (Used),"2026 Jul 05, 9:14 am",Matara,Negotiable,https://riyasewana.com/buy/mitsubishi-lancer-box-sale-matara-11900947
Mitsubishi,Lancer Box,1982,"1,235 km",Manual,Petrol,1400,Registered (Used),"2026 Jul 19, 2:06 pm",Matara,Negotiable,https://riyasewana.com/buy/mitsubishi-lancer-box-sale-matara-11987303
Mitsubishi,Lancer Box,1983,"150,000 km",Manual,Petrol,1500,Registered (Used),"2026 Jul 19, 3:08 pm",Matara,Negotiable,https://riyasewana.com/buy/mitsubishi-lancer-box-sale-matara-11987628
Mitsubishi,Lancer Box,1983,"185,000 km",Manual,Petrol,1400,Registered (Used),"2026 Jul 25, 9:22 am",Matara,Negotiable,https://riyasewana.com/buy/mitsubishi-lancer-box-sale-matara-12020955
Mitsubishi,Lancer Box 5fwd,1980,"183,405 km",Manual,Petrol,1400,Registered (Used),"2026 Jul 29, 5:08 pm",Matara,Rs. 775000,https://riyasewana.com/buy/mitsubishi-lancer-box-sale-matara-12047538
Mitsubishi,Lancer Box,1983,1 km,Manual,Petrol,,Registered (Used),"2026 Jul 31, 8:21 am",Matara,Negotiable,https://riyasewana.com/buy/mitsubishi-lancer-box-sale-matara-12054996
Mitsubishi,Lancer Box,1980,"12,345 km",Manual,Petrol,1400,Registered (Used),"2026 Aug 08, 9:14 am",Matara,Rs. 1250000,https://riyasewana.com/buy/mitsubishi-lancer-box-sale-matara-12102691
Mitsubishi,Lancer Box,1983,"77,548 km",Manual,Petrol,1400,Registered (Used),"2026 Aug 09, 5:55 pm",Matara,Negotiable,https://riyasewana.com/buy/mitsubishi-lancer-box-sale-matara-12112652
Mitsubishi,Lancer Box,1985,"100,000 km",Manual,Petrol,1500,Registered (Used),"2026 May 16, 9:09 pm 825",Middeniya,Rs. 1300000,https://riyasewana.com/buy/mitsubishi-lancer-box-sale-middeniya-11648269
Mitsubishi,Lancer Box Sl 5,1983,1 km,Manual,Petrol,1500,Registered (Used),"2026 Aug 09, 2:47 am",Minuwangoda,Negotiable,https://riyasewana.com/buy/mitsubishi-lancer-box-sale-minuwangoda-12107755
Mitsubishi,Lancer Box,1980,,Manual,Petrol,1400,Registered (Used),"2026 Aug 11, 7:24 pm",Minuwangoda,Negotiable,https://riyasewana.com/buy/mitsubishi-lancer-box-sale-minuwangoda-12123846
Mitsubishi,Lancer Box,1986,"100,000 km",Manual,Diesel,2,Registered (Used),"2026 Jun 05, 11:12 am",Mirigama,Rs. 850000,https://riyasewana.com/buy/mitsubishi-lancer-box-sale-mirigama-11739765
Mitsubishi,Lancer Box,1984,"12,345 km",Manual,Petrol,13000,Registered (Used),"2026 Jul 21, 10:22 am",Moratuwa,Negotiable,https://riyasewana.com/buy/mitsubishi-lancer-box-sale-moratuwa-11997079
Mitsubishi,Lancer Box,1982,"1,111 km",Manual,Petrol,1400,Registered (Used),"2026 Jun 21, 9:05 am",Negombo,Negotiable,https://riyasewana.com/buy/mitsubishi-lancer-box-sale-negombo-11824956
Mitsubishi,Lancer Box,1983,,Manual,Petrol,1200,Registered (Used),"2026 Jul 15, 4:43 pm",Negombo,Negotiable,https://riyasewana.com/buy/mitsubishi-lancer-box-sale-negombo-11962743
Mitsubishi,Lancer Box,1983,290 km,Manual,Petrol,1400,Registered (Used),"2026 Jul 26, 10:37 am",Negombo,Negotiable,https://riyasewana.com/buy/mitsubishi-lancer-box-sale-negombo-12028376
Mitsubishi,Lancer Box,1984,"155,000 km",Manual,Petrol,1500,Registered (Used),"2026 Aug 07, 3:20 pm",Negombo,Negotiable,https://riyasewana.com/buy/mitsubishi-lancer-box-sale-negombo-12098571
Mitsubishi,Lancer Box,1985,"165,000 km",Manual,Petrol,1400,Registered (Used),"2026 Aug 07, 3:28 pm",Negombo,Negotiable,https://riyasewana.com/buy/mitsubishi-lancer-box-sale-negombo-12098620
Mitsubishi,Lancer Box,1983,1 km,Manual,Petrol,1400,Registered (Used),"2026 Aug 02, 8:52 am",Nittambuwa,Negotiable,https://riyasewana.com/buy/mitsubishi-lancer-box-sale-nittambuwa-12068089
Mitsubishi,Lancer Box,1981,,Manual,Petrol,1400,Registered (Used),"2026 Jun 28, 2:41 am",Padukka,Negotiable,https://riyasewana.com/buy/mitsubishi-lancer-box-sale-padukka-11862441
Mitsubishi,Lancer Box,1980,,Manual,Petrol,1400,Registered (Used),"2026 May 24, 10:59 am",Panadura,Rs. 940000,https://riyasewana.com/buy/mitsubishi-lancer-box-sale-panadura-11686978
Mitsubishi,Lancer Box,1985,"150,000 km",Manual,Petrol,1400,Registered (Used),"2026 Aug 06, 12:03 pm",Panadura,Negotiable,https://riyasewana.com/buy/mitsubishi-lancer-box-sale-panadura-12091979
Mitsubishi,Lancer Box,1984,1 km,Manual,Petrol,1400,Registered (Used),"2026 Jun 28, 3:58 pm",Pannala,Negotiable,https://riyasewana.com/buy/mitsubishi-lancer-box-sale-pannala-11866198
Mitsubishi,Lancer Box 5fwrd,1983,"200,000 km",Manual,Petrol,1400,Registered (Used),"2026 May 28, 12:31 pm",Pannipitiya,Negotiable,https://riyasewana.com/buy/mitsubishi-lancer-box-sale-pannipitiya-11706923
Mitsubishi,Lancer Box,1983,"200,000 km",Manual,Petrol,1400,Registered (Used),"2026 Jun 08, 7:00 pm",Pannipitiya,Rs. 1090000,https://riyasewana.com/buy/mitsubishi-lancer-box-sale-pannipitiya-11757966
Mitsubishi,Lancer Box,1982,"27,893 km",Manual,Petrol,1400,Registered (Used),"2026 Jun 20, 6:07 pm",Pannipitiya,Negotiable,https://riyasewana.com/buy/mitsubishi-lancer-box-sale-pannipitiya-11822601
Mitsubishi,Lancer Box,1984,"200,000 km",Manual,Petrol,1400,Registered (Used),"2026 Jul 11, 2:04 am",Pannipitiya,Negotiable,https://riyasewana.com/buy/mitsubishi-lancer-box-sale-pannipitiya-11934221
Mitsubishi,LANCER BOX,1984,1 km,Manual,Petrol,1400,Registered (Used),"2026 Jul 25, 3:00 pm",Pannipitiya,Rs. 690000,https://riyasewana.com/buy/mitsubishi-lancer-box-sale-pannipitiya-12023863
Mitsubishi,Lancer Box,1981,"4,444 km",Manual,Petrol,1400,Registered (Used),"2026 Aug 06, 9:06 am",Polgahawela,Negotiable,https://riyasewana.com/buy/mitsubishi-lancer-box-sale-polgahawela-12090423
Mitsubishi,Lancer Box,1983,,Manual,Petrol,1400,Registered (Used),"2026 Jun 02, 8:24 pm",Polonnaruwa,Rs. 1750000,https://riyasewana.com/buy/mitsubishi-lancer-box-sale-polonnaruwa-11727789
Mitsubishi,Lancer Box,1979,,Manual,Petrol,1400,Registered (Used),"2026 Jun 12, 10:29 pm",Ratnapura,Rs. 1080000,https://riyasewana.com/buy/mitsubishi-lancer-box-sale-ratnapura-11779124
Mitsubishi,Lancer Box,1981,"189,415 km",Manual,Petrol,1400,Registered (Used),"2026 Jun 29, 11:01 am",Ratnapura,Negotiable,https://riyasewana.com/buy/mitsubishi-lancer-box-sale-ratnapura-11869047
Mitsubishi,Lancer Box,1985,"1,234 km",Manual,Petrol,1400,Registered (Used),"2026 Jul 14, 6:51 am",Ratnapura,Negotiable,https://riyasewana.com/buy/mitsubishi-lancer-box-sale-ratnapura-11953001
Mitsubishi,Lancer Box,1983,,Manual,Petrol,1400,Registered (Used),"2026 Jul 26, 4:32 pm",Ratnapura,Negotiable,https://riyasewana.com/buy/mitsubishi-lancer-box-sale-ratnapura-12030472
Mitsubishi,Lancer Box A172,1980,"100,804 km",Manual,Petrol,1400,Registered (Used),"2026 Jul 28, 2:56 pm",Ratnapura,Rs. 1350000,https://riyasewana.com/buy/mitsubishi-lancer-box-sale-ratnapura-12041236
Mitsubishi,Lancer Box,1983,"100,000 km",Manual,Petrol,1200,Registered (Used),"2026 Aug 07, 3:32 pm",Ratnapura,Negotiable,https://riyasewana.com/buy/mitsubishi-lancer-box-sale-ratnapura-12098652
Mitsubishi,Lancer Box,1981,"81,000 km",Manual,Petrol,1400,Registered (Used),"2026 Aug 11, 2:06 pm",Ratnapura,Rs. 1230000,https://riyasewana.com/buy/mitsubishi-lancer-box-sale-ratnapura-12122367
Mitsubishi,Lancer Box,1981,123 km,Manual,Petrol,1400,Registered (Used),"2026 Jul 01, 9:10 pm",Tangalle,Rs. 1235000,https://riyasewana.com/buy/mitsubishi-lancer-box-sale-tangalle-11880862
Mitsubishi,Lancer Box,1983,1 km,Manual,Petrol,,Registered (Used),"2026 Jun 12, 9:14 pm",Warakapola,Rs. 1440000,https://riyasewana.com/buy/mitsubishi-lancer-box-sale-warakapola-11778880
Mitsubishi,Lancer Box,1980,1 km,Manual,Petrol,1400,Registered (Used),"2026 Jul 25, 1:24 pm",Warakapola,Rs. 775000,https://riyasewana.com/buy/mitsubishi-lancer-box-sale-warakapola-12023268
Mitsubishi,Lancer Box,1982,"50,608 km",Manual,Petrol,1500,Registered (Used),"2026 Jun 29, 11:54 am",Wattala,Negotiable,https://riyasewana.com/buy/mitsubishi-lancer-box-sale-wattala-11869283
Mitsubishi,Lancer Box,1980,1 km,Manual,Petrol,1400,Registered (Used),"2026 Aug 04, 9:44 pm",Wennappuwa,Rs. 1325000,https://riyasewana.com/buy/mitsubishi-lancer-box-sale-wennappuwa-12083367
Mitsubishi,Lancer Box,1980,1 km,Manual,Petrol,1400,Registered (Used),"2026 Aug 09, 10:15 am",Wennappuwa,Rs. 1325000,https://riyasewana.com/buy/mitsubishi-lancer-box-sale-wennappuwa-12109806
Mitsubishi,Lancer C S1,2006,"160,000 km",Manual,Petrol,1300,Registered (Used),"2026 Aug 10, 3:46 pm",Horana,Rs. 5925000,https://riyasewana.com/buy/mitsubishi-lancer-c-sale-horana-12117357
Mitsubishi,Lancer C 61,1989,1 km,Manual,Petrol,1390,Registered (Used),"2026 Jun 14, 6:48 am",Kandy,Rs. 2200000,https://riyasewana.com/buy/mitsubishi-lancer-c-sale-kandy-11785703
Mitsubishi,Lancer C11,1988,"150,000 km",Manual,Petrol,1300,Registered (Used),"2026 Jun 29, 12:09 pm",Kottawa,Rs. 1475000,https://riyasewana.com/buy/mitsubishi-lancer-c11-sale-kottawa-11869341
Mitsubishi,Lancer C12,1985,"12,345 km",Manual,Petrol,1500,Registered (Used),"2026 May 16, 5:17 am",Chilaw,Rs. 875000,https://riyasewana.com/buy/mitsubishi-lancer-c12-sale-chilaw-11595028
Mitsubishi,Lancer C12,1985,"189,567 km",Manual,Petrol,1300,Registered (Used),"2026 Aug 07, 6:49 am",Colombo,Rs. 790000,https://riyasewana.com/buy/mitsubishi-lancer-c12-sale-colombo-12095134
Mitsubishi,Lancer C12,1985,"150,000 km",Manual,Petrol,1500,Registered (Used),"2026 Aug 09, 2:35 pm",Dompe,Rs. 630000,https://riyasewana.com/buy/mitsubishi-lancer-c12-sale-dompe-12111713
Mitsubishi,Lancer C12,1983,"123,562 km",Manual,Petrol,1500,Registered (Used),"2026 Jul 28, 10:08 am",Homagama,Negotiable,https://riyasewana.com/buy/mitsubishi-lancer-c12-sale-homagama-12032296
Mitsubishi,Lancer C12,1988,"300,000 km",Manual,Petrol,1500,Registered (Used),"2026 Jul 20, 9:52 pm",Horana,Rs. 1000000,https://riyasewana.com/buy/mitsubishi-lancer-c12-sale-horana-11994928
Mitsubishi,Lancer C12,1986,"35,558 km",Manual,Petrol,1500,Registered (Used),"2026 Jul 14, 8:53 pm",Katunayake,Rs. 775000,https://riyasewana.com/buy/mitsubishi-lancer-c12-sale-katunayake-11958089
Mitsubishi,Lancer C12,1986,"12,345 km",Manual,Petrol,1500,Registered (Used),"2026 Jul 17, 7:42 am",Kurunegala,Rs. 600000,https://riyasewana.com/buy/mitsubishi-lancer-c12-sale-kurunegala-11970538
Mitsubishi,Lancer C12,1985,223 km,Manual,Petrol,1500,Registered (Used),"2026 Jun 15, 11:25 pm",Matara,Rs. 900000,https://riyasewana.com/buy/mitsubishi-lancer-c12-sale-matara-11796158
Mitsubishi,Lancer C12,1989,1 km,Manual,Petrol,1500,Registered (Used),"2026 Jul 31, 10:39 pm",Matara,Negotiable,https://riyasewana.com/buy/mitsubishi-lancer-c12-sale-matara-12059944
Mitsubishi,Lancer C62A,1991,"111,111 km",Manual,Petrol,1500,Registered (Used),"2026 Jul 18, 9:16 am",Matugama,Rs. 2450000,https://riyasewana.com/buy/mitsubishi-lancer-c62a-sale-matugama-11978302
Mitsubishi,Lancer Cb,1996,"152,885 km",Manual,Petrol,1500,Registered (Used),"2026 Aug 03, 6:03 pm",Hambantota,Negotiable,https://riyasewana.com/buy/mitsubishi-lancer-cb-sale-hambantota-12076931
Mitsubishi,Lancer CB1,1994,0 km,Manual,Petrol,1300,Registered (Used),"2026 Aug 03, 12:01 pm",Kegalle,Rs. 2850000,https://riyasewana.com/buy/mitsubishi-lancer-cb1-sale-kegalle-12075346
Mitsubishi,Lancer CB1,1994,"184,692 km",Manual,Petrol,1300,Registered (Used),"2026 Jul 16, 7:30 pm",Nittambuwa,Rs. 2950000,https://riyasewana.com/buy/mitsubishi-lancer-cb1-sale-nittambuwa-11969173
Mitsubishi,Lancer CB1V,1993,99 km,Manual,Petrol,1300,Registered (Used),"2026 Aug 03, 9:39 am",Matugama,Negotiable,https://riyasewana.com/buy/mitsubishi-lancer-cb1v-sale-matugama-12074151
Mitsubishi,Lancer CB2,1992,"111,111 km",Manual,Petrol,1500,Registered (Used),"2026 Aug 02, 7:36 am",Ja-Ela,Rs. 3050000,https://riyasewana.com/buy/mitsubishi-lancer-cb2-sale-ja-ela-12067477
Mitsubishi,Lancer CB2,1995,,Manual,Petrol,1500,Registered (Used),"2026 Aug 07, 10:04 am",Kesbewa,Rs. 3175000,https://riyasewana.com/buy/mitsubishi-lancer-cb2-sale-kesbewa-12096486
Mitsubishi,Lancer Cb2,1994,1 km,Manual,Petrol,1234,Registered (Used),"2026 May 23, 2:17 pm",Kurunegala,Negotiable,https://riyasewana.com/buy/mitsubishi-lancer-cb2-sale-kurunegala-11682642
Mitsubishi,Lancer CB2a,1993,"148,000 km",Manual,Petrol,1500,Registered (Used),"2026 Jul 05, 9:41 pm",Nittambuwa,Negotiable,https://riyasewana.com/buy/mitsubishi-lancer-cb2a-sale-nittambuwa-11905065
Mitsubishi,Lancer Cb3,1994,0 km,Automatic,Petrol,1500,Registered (Used),"2026 Jul 08, 10:32 am",Kalutara,Rs. 3600000,https://riyasewana.com/buy/mitsubishi-lancer-cb3-sale-kalutara-11918475
Mitsubishi,Lancer Cb3a,1992,"218,456 km",Manual,Petrol,1500,Registered (Used),"2026 Jul 09, 10:56 am",Ratnapura,Rs. 2975000,https://riyasewana.com/buy/mitsubishi-lancer-cb3a-sale-ratnapura-11924299
Mitsubishi,Lancer CB8,1996,,Manual,Diesel,2000,Registered (Used),"2026 Aug 06, 12:36 pm",Balangoda,Rs. 2260000,https://riyasewana.com/buy/mitsubishi-lancer-cb8-sale-balangoda-12092196
Mitsubishi,Lancer Cb8,1994,11 km,Manual,Diesel,2000,Registered (Used),"2026 Aug 04, 4:06 pm",Gampaha,Negotiable,https://riyasewana.com/buy/mitsubishi-lancer-cb8-sale-gampaha-12081853
Mitsubishi,Lancer CB8,1993,"456,780 km",Manual,Diesel,2000,Registered (Used),"2026 May 30, 10:24 am",Horana,Rs. 3050000,https://riyasewana.com/buy/mitsubishi-lancer-cb8-sale-horana-11714085
Mitsubishi,Lancer CK1,1997,"215,000 km",Manual,Petrol,1300,Registered (Used),"2026 Aug 08, 7:44 am",Colombo,Negotiable,https://riyasewana.com/buy/mitsubishi-lancer-ck1-sale-colombo-12101619
Mitsubishi,Lancer CK1,1997,"22,222 km",Manual,Petrol,1300,Registered (Used),"2026 Aug 08, 7:26 am",Dehiwala-Mount-Lavinia,Negotiable,https://riyasewana.com/buy/mitsubishi-lancer-ck1-sale-dehiwala-mount-lavinia-12101456
Mitsubishi,LANCER CK1,2001,"137,500 km",Automatic,Petrol,1300,Registered (Used),"2026 Aug 11, 7:09 am",Dehiwala-Mount-Lavinia,Negotiable,https://riyasewana.com/buy/mitsubishi-lancer-ck1-sale-dehiwala-mount-lavinia-12119373
Mitsubishi,Lancer CK1,2000,"150,000 km",Manual,Petrol,1300,Registered (Used),"2026 Aug 06, 7:42 pm",Embilipitiya,Rs. 4750000,https://riyasewana.com/buy/mitsubishi-lancer-ck1-sale-embilipitiya-12094188
Mitsubishi,Lancer Ck1,2002,"150,000 km",Automatic,Petrol,1500,Registered (Used),"2026 Jun 19, 2:41 pm",Kolonnawa,Rs. 5500000,https://riyasewana.com/buy/mitsubishi-lancer-ck1-sale-kolonnawa-11815174
Mitsubishi,Lancer Ck1,1999,"166,800 km",Automatic,Petrol,1300,Registered (Used),"2026 May 24, 10:12 pm",Kotikawatta,Rs. 48500000,https://riyasewana.com/buy/mitsubishi-lancer-ck1-sale-kotikawatta-11690100
Mitsubishi,Lancer Ck1,1999,"154,240 km",Manual,Petrol,1300,Registered (Used),"2026 Aug 04, 7:56 am",Kuliyapitiya,Rs. 3750000,https://riyasewana.com/buy/mitsubishi-lancer-ck1-sale-kuliyapitiya-12078485
Mitsubishi,Lancer CK1,2002,"111,111 km",Automatic,Petrol,1300,Registered (Used),"2026 May 21, 10:16 pm",Kurunegala,Negotiable,https://riyasewana.com/buy/mitsubishi-lancer-ck1-sale-kurunegala-11673827
Mitsubishi,Lancer CK1,1998,,Manual,Petrol,1300,Registered (Used),"2026 Jun 25, 2:11 am",Kurunegala,Negotiable,https://riyasewana.com/buy/mitsubishi-lancer-ck1-sale-kurunegala-11845503
Mitsubishi,Lancer Ck1,1999,"185,000 km",Manual,Petrol,1300,Registered (Used),"2026 Jul 07, 10:41 am",Kurunegala,Rs. 3875000,https://riyasewana.com/buy/mitsubishi-lancer-ck1-sale-kurunegala-11912679
Mitsubishi,Lancer Ck1,1998,"195,000 km",Manual,Petrol,1300,Registered (Used),"2026 Jul 23, 6:01 pm",Kurunegala,Rs. 3875000,https://riyasewana.com/buy/mitsubishi-lancer-ck1-sale-kurunegala-12011517
Mitsubishi,Lancer Ck1,1998,"185,000 km",Manual,Petrol,1300,Registered (Used),"2026 Jul 27, 7:02 am",Kurunegala,Rs. 3865000,https://riyasewana.com/buy/mitsubishi-lancer-ck1-sale-kurunegala-12032217
Mitsubishi,Lancer Ck1,2003,"100,000 km",Automatic,Petrol,1300,Registered (Used),"2026 Aug 05, 11:03 pm",Kurunegala,Rs. 4400000,https://riyasewana.com/buy/mitsubishi-lancer-ck1-sale-kurunegala-12089163
Mitsubishi,Lancer Ck1,1997,"240,621 km",Manual,Petrol,1300,Registered (Used),"2026 Jun 15, 12:57 pm",Malabe,Negotiable,https://riyasewana.com/buy/mitsubishi-lancer-ck1-sale-malabe-11793592
Mitsubishi,Lancer CK1,1997,"200,000 km",Manual,Petrol,1300,Registered (Used),"2026 Aug 11, 9:59 am",Polgahawela,Rs. 3875000,https://riyasewana.com/buy/mitsubishi-lancer-ck1-sale-polgahawela-12120657
Mitsubishi,Lancer CK1,1999,"100,000 km",Manual,Petrol,1298,Registered (Used),"2026 Jun 24, 2:34 am",Trincomalee,Rs. 3800000,https://riyasewana.com/buy/mitsubishi-lancer-ck1-sale-trincomalee-11840098
Mitsubishi,Lancer Ck1A,2000,"131,000 km",Manual,Petrol,1300,Registered (Used),"2026 Jul 14, 9:03 am",Badulla,Rs. 4400000,https://riyasewana.com/buy/mitsubishi-lancer-ck1a-sale-badulla-11953925
Mitsubishi,Lancer CK1A,2000,0 km,Manual,Petrol,1300,Registered (Used),"2026 Jun 12, 4:13 pm",Gampaha,Rs. 4275000,https://riyasewana.com/buy/mitsubishi-lancer-ck1a-sale-gampaha-11777490
Mitsubishi,Lancer CK1A,2000,"227,316 km",Manual,Petrol,1300,Registered (Used),"2026 Jun 24, 11:08 am",Kiribathgoda,Rs. 4550000,https://riyasewana.com/buy/mitsubishi-lancer-ck1a-sale-kiribathgoda-11842171
Mitsubishi,Lancer Ck1A Japan,2001,"185,000 km",Manual,Petrol,1300,Registered (Used),"2026 Aug 09, 10:36 pm",Kurunegala,Rs. 3885000,https://riyasewana.com/buy/mitsubishi-lancer-ck1a-sale-kurunegala-12113628
Mitsubishi,Lancer CK2,2001,"1,234 km",Manual,Petrol,1500,Registered (Used),"2026 Jul 26, 10:41 am",Colombo,Rs. 4750000,https://riyasewana.com/buy/mitsubishi-lancer-ck2-sale-colombo-12028407
Mitsubishi,Lancer Ck2,2000,"210,000 km",Automatic,Petrol,1500,Registered (Used),"2026 Jul 10, 8:54 am",Divulapitiya,Rs. 5000000,https://riyasewana.com/buy/mitsubishi-lancer-ck2-sale-divulapitiya-11928983
Mitsubishi,LANCER CK2,1997,"167,800 km",Manual,Petrol,1500,Registered (Used),"2026 Aug 07, 5:03 pm",Homagama,Rs. 4375000,https://riyasewana.com/buy/mitsubishi-lancer-ck2-sale-homagama-12099115
Mitsubishi,Lancer Ck2,2002,"150,000 km",Manual,Petrol,1500,Registered (Used),"2026 Jul 08, 6:44 pm",Horana,Rs. 4850000,https://riyasewana.com/buy/mitsubishi-lancer-ck2-sale-horana-11921139
Mitsubishi,Lancer CK2,2001,"123,456 km",Manual,Petrol,1498,Registered (Used),"2026 Aug 10, 5:47 pm",Kaduwela,Negotiable,https://riyasewana.com/buy/mitsubishi-lancer-ck2-sale-kaduwela-12117863
Mitsubishi,Lancer CK2,2001,"180,000 km",Manual,Petrol,1500,Registered (Used),"2026 Jul 29, 3:04 pm",Kalutara,Negotiable,https://riyasewana.com/buy/mitsubishi-lancer-ck2-sale-kalutara-12047095
Mitsubishi,Lancer Ck2,2002,"210,000 km",Manual,Petrol,1500,Registered (Used),"2026 Jun 08, 9:14 am",Kuliyapitiya,Negotiable,https://riyasewana.com/buy/mitsubishi-lancer-ck2-sale-kuliyapitiya-11754854
Mitsubishi,Lancer CK2,1999,"290,250 km",Manual,Petrol,1500,Registered (Used),"2026 Jun 10, 11:09 am",Kurunegala,Negotiable,https://riyasewana.com/buy/mitsubishi-lancer-ck2-sale-kurunegala-11765912
Mitsubishi,Lancer CK2 EVO,1998,"1,111 km",Manual,Petrol,1600,Registered (Used),"2026 Jun 25, 2:03 am",Kurunegala,Negotiable,https://riyasewana.com/buy/mitsubishi-lancer-ck2-sale-kurunegala-11845500
Mitsubishi,Lancer CK2,1999,"185,000 km",Automatic,Petrol,1500,Registered (Used),"2026 Jul 01, 3:47 pm",Kurunegala,Rs. 4075000,https://riyasewana.com/buy/mitsubishi-lancer-ck2-sale-kurunegala-11879540
Mitsubishi,Lancer CK2,2002,"185,000 km",Manual,Petrol,1500,Registered (Used),"2026 Jul 01, 3:51 pm",Kurunegala,Rs. 3950000,https://riyasewana.com/buy/mitsubishi-lancer-ck2-sale-kurunegala-11879567
Mitsubishi,Lancer CK2 EFI,1999,"1,111 km",Automatic,Petrol,1500,Registered (Used),"2026 Jul 09, 7:36 pm",Kurunegala,Rs. 4075000,https://riyasewana.com/buy/mitsubishi-lancer-ck2-sale-kurunegala-11926982
Mitsubishi,Lancer Ck2,1998,,Automatic,Diesel,,Registered (Used),"2026 Jul 14, 3:31 pm",Kurunegala,Negotiable,https://riyasewana.com/buy/mitsubishi-lancer-ck2-sale-kurunegala-11956662
Mitsubishi,Lancer Ck2,2002,"195,000 km",Manual,Petrol,1500,Registered (Used),"2026 Jul 23, 6:11 pm",Kurunegala,Negotiable,https://riyasewana.com/buy/mitsubishi-lancer-ck2-sale-kurunegala-12011580
Mitsubishi,Lancer Ck2,2001,"195,000 km",Manual,Petrol,1500,Registered (Used),"2026 Jul 27, 7:15 am",Kurunegala,Negotiable,https://riyasewana.com/buy/mitsubishi-lancer-ck2-sale-kurunegala-12032281
Mitsubishi,Lancer CK2 EFI,2002,,Manual,Petrol,1500,Registered (Used),"2026 Aug 10, 7:18 pm",Kurunegala,Negotiable,https://riyasewana.com/buy/mitsubishi-lancer-ck2-sale-kurunegala-12118208
Mitsubishi,Lancer CK2,2002,"230,000 km",Manual,Petrol,1500,Registered (Used),"2026 Jun 28, 12:46 pm",Negombo,Rs. 4350000,https://riyasewana.com/buy/mitsubishi-lancer-ck2-sale-negombo-11865296
Mitsubishi,Lancer CK2,2005,1 km,Manual,Petrol,1300,Registered (Used),"2026 Jun 28, 4:05 pm",Negombo,Negotiable,https://riyasewana.com/buy/mitsubishi-lancer-ck2-sale-negombo-11866221
Mitsubishi,Lancer Ck2,1998,"186,000 km",Automatic,Petrol,1500,Registered (Used),"2026 Aug 03, 7:41 am",Nittambuwa,Rs. 4450000,https://riyasewana.com/buy/mitsubishi-lancer-ck2-sale-nittambuwa-12073287
Mitsubishi,Lancer CK2,2000,100 km,Automatic,Petrol,1500,Registered (Used),"2026 Aug 07, 4:12 pm",Ruwanwella,Rs. 4175000,https://riyasewana.com/buy/mitsubishi-lancer-ck2-sale-ruwanwella-12098864
Mitsubishi,Lancer Ck2 Doch,1999,"155,000 km",Automatic,Petrol,1500,Registered (Used),"2026 Aug 07, 2:16 pm",Tangalle,Rs. 4700000,https://riyasewana.com/buy/mitsubishi-lancer-ck2-sale-tangalle-12098212
Mitsubishi,Lancer CK2A,1998,"149,000 km",Manual,Petrol,1500,Registered (Used),"2026 Aug 11, 10:04 am",Bandaragama,Negotiable,https://riyasewana.com/buy/mitsubishi-lancer-ck2a-sale-bandaragama-12120695
Mitsubishi,Lancer CK2A,1997,1 km,Manual,Petrol,1500,Registered (Used),"2026 Aug 08, 8:14 am",Negombo,Negotiable,https://riyasewana.com/buy/mitsubishi-lancer-ck2a-sale-negombo-12101949
Mitsubishi,Lancer Ck8,1997,"1,254 km",Automatic,Diesel,2000,Registered (Used),"2026 Aug 09, 12:17 pm",Maharagama,Rs. 3850000,https://riyasewana.com/buy/mitsubishi-lancer-ck8-sale-maharagama-12110965
Mitsubishi,Lancer CK8,2000,"111,111 km",Automatic,Diesel,1799,Registered (Used),"2026 May 18, 4:12 pm",Nittambuwa,Negotiable,https://riyasewana.com/buy/mitsubishi-lancer-ck8-sale-nittambuwa-11657420
Mitsubishi,Lancer Cr12,1985,,Manual,Petrol,1500,Registered (Used),"2026 Jul 21, 6:04 pm",Matugama,Rs. 1095000,https://riyasewana.com/buy/mitsubishi-lancer-cr12-sale-matugama-11999645
Mitsubishi,Lancer CR12,1985,,Manual,Petrol,1500,Registered (Used),"2026 Jul 25, 7:06 am",Matugama,Rs. 975000,https://riyasewana.com/buy/mitsubishi-lancer-cr12-sale-matugama-12019456
Mitsubishi,Lancer Cs 5,2003,"186,000 km",Manual,Petrol,2000,Registered (Used),"2026 Jul 19, 5:06 pm",Kalutara,Rs. 6950000,https://riyasewana.com/buy/mitsubishi-lancer-cs-sale-kalutara-11988190
Mitsubishi,Lancer Cs 01,2003,"203,600 km",Manual,Petrol,1300,Registered (Used),"2026 Jun 27, 8:20 am",Polonnaruwa,Negotiable,https://riyasewana.com/buy/mitsubishi-lancer-cs-sale-polonnaruwa-11857441
Mitsubishi,Lancer CS1,2001,"200,000 km",Manual,Petrol,1300,Registered (Used),"2026 Jul 31, 2:42 pm",Ambalangoda,Rs. 4570000,https://riyasewana.com/buy/mitsubishi-lancer-cs1-sale-ambalangoda-12057568
Mitsubishi,Lancer Cs1,2005,"179,000 km",Manual,Petrol,1300,Registered (Used),"2026 Jun 06, 8:50 am",Ampara,Rs. 5700000,https://riyasewana.com/buy/mitsubishi-lancer-cs1-sale-ampara-11743895
Mitsubishi,Lancer Cs1 Glx,2005,"141,700 km",Automatic,Petrol,1300,Registered (Used),"2026 Jun 18, 12:28 pm",Anuradapura,Rs. 6650000,https://riyasewana.com/buy/mitsubishi-lancer-cs1-sale-anuradapura-11809423
Mitsubishi,Lancer CS1,2003,"187,000 km",Manual,Petrol,1300,Registered (Used),"2026 Jul 18, 12:49 pm",Anuradapura,Rs. 5650000,https://riyasewana.com/buy/mitsubishi-lancer-cs1-sale-anuradapura-11980470
Mitsubishi,Lancer Cs1,2002,"230,000 km",Manual,Petrol,1300,Registered (Used),"2026 Aug 01, 10:44 am",Anuradapura,Rs. 4900000,https://riyasewana.com/buy/mitsubishi-lancer-cs1-sale-anuradapura-12062904
Mitsubishi,Lancer CS1,2006,"153,500 km",Manual,Petrol,1300,Registered (Used),"2026 Jul 19, 4:12 pm",Badulla,Rs. 5595000,https://riyasewana.com/buy/mitsubishi-lancer-cs1-sale-badulla-11987951
Mitsubishi,Lancer CS1,2002,"210,000 km",Manual,Petrol,1300,Registered (Used),"2026 Aug 04, 8:01 am",Battaramulla,Rs. 4750000,https://riyasewana.com/buy/mitsubishi-lancer-cs1-sale-battaramulla-12078531
Mitsubishi,Lancer Cs1,2008,"192,000 km",Manual,Petrol,1299,Registered (Used),"2026 Jul 14, 11:18 am",Colombo,Rs. 6600000,https://riyasewana.com/buy/mitsubishi-lancer-cs1-sale-colombo-11955113
Mitsubishi,Lancer CS1,2008,"192,000 km",Manual,Petrol,1299,Registered (Used),"2026 Jul 15, 11:07 am",Colombo,Rs. 6900000,https://riyasewana.com/buy/mitsubishi-lancer-cs1-sale-colombo-11960867
Mitsubishi,Lancer Cs1,2007,"179,000 km",Manual,Petrol,1300,Registered (Used),"2026 Aug 01, 4:27 pm",Colombo,Rs. 6500000,https://riyasewana.com/buy/mitsubishi-lancer-cs1-sale-colombo-12065271
Mitsubishi,Lancer CS1 GLX,2005,"80,000 km",Manual,Petrol,1300,Registered (Used),"2026 Aug 10, 8:09 am",Colombo,Rs. 5490000,https://riyasewana.com/buy/mitsubishi-lancer-cs1-sale-colombo-12114426
Mitsubishi,Lancer CS1,2002,"172,000 km",Manual,Petrol,1300,Registered (Used),"2026 Jun 16, 8:28 pm",Embilipitiya,Negotiable,https://riyasewana.com/buy/mitsubishi-lancer-cs1-sale-embilipitiya-11800972
Mitsubishi,Lancer Cs1,2001,"195,000 km",Manual,Petrol,1299,Registered (Used),"2026 Aug 11, 11:58 am",Embilipitiya,Rs. 4975000,https://riyasewana.com/buy/mitsubishi-lancer-cs1-sale-embilipitiya-12121624
Mitsubishi,LANCER CS1 GLX,2008,"175,000 km",Automatic,Petrol,1300,Registered (Used),"2026 Aug 11, 6:43 pm",Gampaha,Negotiable,https://riyasewana.com/buy/mitsubishi-lancer-cs1-sale-gampaha-12123659
Mitsubishi,Lancer CS1,2001,"164,650 km",Manual,Petrol,1300,Registered (Used),"2026 Jul 17, 12:14 pm",Hanwella,Rs. 4900000,https://riyasewana.com/buy/mitsubishi-lancer-cs1-sale-hanwella-11972739
Mitsubishi,Lancer CS1,2005,"174,000 km",Automatic,Petrol,1300,Registered (Used),"2026 Jun 16, 4:22 pm",Homagama,Negotiable,https://riyasewana.com/buy/mitsubishi-lancer-cs1-sale-homagama-11799928
Mitsubishi,Lancer CS1 GLX,2007,"130,645 km",Manual,Petrol,1300,Registered (Used),"2026 Jun 20, 7:13 pm",Homagama,Rs. 5575000,https://riyasewana.com/buy/mitsubishi-lancer-cs1-sale-homagama-11822900
Mitsubishi,Lancer CS1 GLX,2008,"170,000 km",Manual,Petrol,1300,Registered (Used),"2026 Jul 23, 10:53 pm",Homagama,Rs. 6250000,https://riyasewana.com/buy/mitsubishi-lancer-cs1-sale-homagama-12012673
Mitsubishi,Lancer CS1 GLX,2008,"170,000 km",Manual,Petrol,1300,Registered (Used),"2026 Jul 31, 5:35 pm",Homagama,Rs. 6250000,https://riyasewana.com/buy/mitsubishi-lancer-cs1-sale-homagama-12058506
Mitsubishi,LANCER CS1,2008,"163,900 km",Manual,Petrol,1299,Registered (Used),"2026 Aug 09, 10:43 am",Homagama,Rs. 6375000,https://riyasewana.com/buy/mitsubishi-lancer-cs1-sale-homagama-12110087
Mitsubishi,Lancer CS1,2004,"130,000 km",Manual,Petrol,1300,Registered (Used),"2026 Aug 09, 8:41 pm",Homagama,Negotiable,https://riyasewana.com/buy/mitsubishi-lancer-cs1-sale-homagama-12113284
Mitsubishi,LANCER CS1,2003,"211,700 km",Automatic,Petrol,1458,Registered (Used),"2026 Aug 11, 11:25 am",Homagama,Rs. 5275000,https://riyasewana.com/buy/mitsubishi-lancer-cs1-sale-homagama-12121410
Mitsubishi,Lancer CS1,2005,"173,000 km",Manual,Petrol,,Registered (Used),"2026 Jun 25, 12:12 pm",Horana,Negotiable,https://riyasewana.com/buy/mitsubishi-lancer-cs1-sale-horana-11848009
Mitsubishi,Lancer Cs1,2007,"260,000 km",Automatic,Petrol,1300,Registered (Used),"2026 Jul 29, 2:36 pm",Kadawatha,Rs. 6300000,https://riyasewana.com/buy/mitsubishi-lancer-cs1-sale-kadawatha-12046992
Mitsubishi,Lancer Cs1,2007,"142,000 km",Manual,Petrol,1300,Registered (Used),"2026 Jul 06, 2:52 pm",Kandy,Rs. 5850000,https://riyasewana.com/buy/mitsubishi-lancer-cs1-sale-kandy-11908736
Mitsubishi,Lancer CS1,2003,"170,000 km",Automatic,Petrol,1300,Registered (Used),"2026 Aug 08, 2:38 pm",Kandy,Negotiable,https://riyasewana.com/buy/mitsubishi-lancer-cs1-sale-kandy-12105427
Mitsubishi,Lancer CS1 GLX,2003,"162,000 km",Automatic,Petrol,1300,Registered (Used),"2026 Jul 25, 12:26 pm",Kegalle,Negotiable,https://riyasewana.com/buy/mitsubishi-lancer-cs1-sale-kegalle-12022844
Mitsubishi,Lancer CS1 GLX,2008,"172,000 km",Automatic,Petrol,1300,Registered (Used),"2026 Aug 11, 10:32 am",Kegalle,Negotiable,https://riyasewana.com/buy/mitsubishi-lancer-cs1-sale-kegalle-12120959
Mitsubishi,Lancer CS1,2001,"1,111 km",Manual,Petrol,1299,Registered (Used),"2026 Jun 08, 10:30 am",Kottawa,Rs. 1775000,https://riyasewana.com/buy/mitsubishi-lancer-cs1-sale-kottawa-11755424
Mitsubishi,Lancer CS1,2004,"120,000 km",Manual,Petrol,1300,Registered (Used),"2026 Aug 11, 4:29 pm",Kuliyapitiya,Rs. 5650000,https://riyasewana.com/buy/mitsubishi-lancer-cs1-sale-kuliyapitiya-12123053
Mitsubishi,Lancer CS1,2002,,Manual,Petrol,1300,Registered (Used),"2026 Jun 25, 2:18 am",Kurunegala,Negotiable,https://riyasewana.com/buy/mitsubishi-lancer-cs1-sale-kurunegala-11845506
Mitsubishi,Lancer Cs1,2002,,Manual,Petrol,1300,Registered (Used),"2026 Jul 17, 11:36 am",Kurunegala,Rs. 5100000,https://riyasewana.com/buy/mitsubishi-lancer-cs1-sale-kurunegala-11972497
Mitsubishi,Lancer CS1,2005,"148,000 km",Manual,Petrol,1300,Registered (Used),"2026 Aug 03, 10:09 am",Kurunegala,Negotiable,https://riyasewana.com/buy/mitsubishi-lancer-cs1-sale-kurunegala-12074434
Mitsubishi,Lancer Cs1,2003,"155,000 km",Manual,Petrol,1300,Registered (Used),"2026 Aug 08, 7:45 am",Kurunegala,Rs. 4775000,https://riyasewana.com/buy/mitsubishi-lancer-cs1-sale-kurunegala-12101624
Mitsubishi,Lancer CS1 GLX,2003,"43,629 km",Automatic,Petrol,1300,Registered (Used),"2026 Jun 28, 7:11 pm",Maharagama,Negotiable,https://riyasewana.com/buy/mitsubishi-lancer-cs1-sale-maharagama-11866898
Mitsubishi,Lancer CS1,2008,"141,152 km",Manual,Petrol,1300,Registered (Used),"2026 Jun 28, 1:37 am",Matugama,Rs. 6400000,https://riyasewana.com/buy/mitsubishi-lancer-cs1-sale-matugama-11862425
Mitsubishi,Lancer CS1,2008,"147,885 km",Manual,Petrol,1287,Registered (Used),"2026 Aug 01, 8:42 pm",Minuwangoda,Rs. 6000000,https://riyasewana.com/buy/mitsubishi-lancer-cs1-sale-minuwangoda-12066518
Mitsubishi,Lancer Cs1,2009,"137,000 km",Manual,Petrol,1300,Registered (Used),"2026 Aug 07, 11:42 am",Nittambuwa,Negotiable,https://riyasewana.com/buy/mitsubishi-lancer-cs1-sale-nittambuwa-12097292
Mitsubishi,Lancer Cs1,2009,"137,000 km",Manual,Petrol,1300,Registered (Used),"2026 Aug 08, 10:14 am",Nittambuwa,Negotiable,https://riyasewana.com/buy/mitsubishi-lancer-cs1-sale-nittambuwa-12103438
Mitsubishi,Lancer Cs1 GLX,2012,"188,000 km",Manual,Petrol,1300,Registered (Used),"2026 Jun 13, 10:41 am",Piliyandala,Negotiable,https://riyasewana.com/buy/mitsubishi-lancer-cs1-sale-piliyandala-11781732
Mitsubishi,Lancer Cs1,2008,"181,000 km",Automatic,Petrol,1300,Registered (Used),"2026 Jul 11, 11:56 am",Piliyandala,Negotiable,https://riyasewana.com/buy/mitsubishi-lancer-cs1-sale-piliyandala-11937637
Mitsubishi,Lancer CS1,2008,"81,500 km",Automatic,Petrol,1300,Registered (Used),"2026 Jul 24, 6:33 pm",Piliyandala,Negotiable,https://riyasewana.com/buy/mitsubishi-lancer-cs1-sale-piliyandala-12017564
Mitsubishi,Lancer CS1,2009,,Manual,Petrol,1300,Registered (Used),"2026 Jul 24, 6:38 pm",Polonnaruwa,Rs. 6650000,https://riyasewana.com/buy/mitsubishi-lancer-cs1-sale-polonnaruwa-12017601
Mitsubishi,Lancer Cs1,2009,,Manual,Petrol,1300,Registered (Used),"2026 Aug 11, 4:54 pm",Polonnaruwa,Rs. 6650000,https://riyasewana.com/buy/mitsubishi-lancer-cs1-sale-polonnaruwa-12123184
Mitsubishi,Lancer CS1,2008,"135,000 km",Manual,Petrol,1300,Registered (Used),"2026 Aug 02, 11:36 pm",Ratnapura,Rs. 6350000,https://riyasewana.com/buy/mitsubishi-lancer-cs1-sale-ratnapura-12072826
Mitsubishi,Lancer Cs1,2005,"270,000 km",Manual,Petrol,1300,Registered (Used),"2026 Jun 20, 12:09 pm",Welisara,Rs. 5500000,https://riyasewana.com/buy/mitsubishi-lancer-cs1-sale-welisara-11820726
Mitsubishi,Lancer Cs1,2005,"170,000 km",Manual,Petrol,1300,Registered (Used),"2026 Jul 05, 1:31 pm",Wennappuwa,Rs. 5950000,https://riyasewana.com/buy/mitsubishi-lancer-cs1-sale-wennappuwa-11903044
Mitsubishi,Lancer Cs1GLX,2005,"188,000 km",Manual,Petrol,1300,Registered (Used),"2026 Jul 25, 10:40 am",Piliyandala,Negotiable,https://riyasewana.com/buy/mitsubishi-lancer-cs1glx-sale-piliyandala-12021831
Mitsubishi,Lancer CS2,2008,"210,000 km",Automatic,Petrol,1500,Registered (Used),"2026 Jun 09, 8:27 pm",Colombo,Negotiable,https://riyasewana.com/buy/mitsubishi-lancer-cs2-sale-colombo-11763315
Mitsubishi,Lancer CS2 GLX,2002,"193,000 km",Automatic,Petrol,1500,Registered (Used),"2026 Aug 09, 10:31 am",Colombo,Negotiable,https://riyasewana.com/buy/mitsubishi-lancer-cs2-sale-colombo-12109961
Mitsubishi,Lancer CS2,2005,1 km,Manual,Petrol,1500,Registered (Used),"2026 Aug 07, 7:04 pm",Homagama,Rs. 5995000,https://riyasewana.com/buy/mitsubishi-lancer-cs2-sale-homagama-12099791
Mitsubishi,Lancer CS2 EFI,2003,,Automatic,Petrol,1500,Registered (Used),"2026 Jul 04, 6:41 pm",Kurunegala,Rs. 4675000,https://riyasewana.com/buy/mitsubishi-lancer-cs2-sale-kurunegala-11898478
Mitsubishi,Lancer CS2,2003,123 km,Automatic,Petrol,1500,Registered (Used),"2026 Jul 28, 2:10 pm",Kurunegala,Rs. 4950000,https://riyasewana.com/buy/mitsubishi-lancer-cs2-sale-kurunegala-12041049
Mitsubishi,Lancer CS2,2007,"67,317 km",Manual,Petrol,1460,Registered (Used),"2026 Aug 09, 11:01 am",Malabe,Negotiable,https://riyasewana.com/buy/mitsubishi-lancer-cs2-sale-malabe-12110261
Mitsubishi,Lancer CS2,2005,230 km,Automatic,Petrol,1500,Registered (Used),"2026 Aug 09, 2:46 pm",Matara,Negotiable,https://riyasewana.com/buy/mitsubishi-lancer-cs2-sale-matara-12111778
Mitsubishi,Lancer Cs2,2006,"195,563 km",Automatic,Petrol,1500,Registered (Used),"2026 Jun 20, 4:27 pm",Panadura,Rs. 7000000,https://riyasewana.com/buy/mitsubishi-lancer-cs2-sale-panadura-11822130
Mitsubishi,Lancer Cs2,2006,"155,000 km",Automatic,Petrol,1500,Registered (Used),"2026 Jul 16, 7:30 am",Panadura,Rs. 6580000,https://riyasewana.com/buy/mitsubishi-lancer-cs2-sale-panadura-11964811
Mitsubishi,Lancer CS2,2007,"116,800 km",Automatic,Petrol,1500,Registered (Used),"2026 Jul 19, 1:08 pm",Panadura,Rs. 6850000,https://riyasewana.com/buy/mitsubishi-lancer-cs2-sale-panadura-11986948
Mitsubishi,Lancer CS3,2003,"180,000 km",Manual,Petrol,1600,Registered (Used),"2026 Jul 30, 11:27 am",Anuradapura,Rs. 5650000,https://riyasewana.com/buy/mitsubishi-lancer-cs3-sale-anuradapura-12050992
Mitsubishi,Lancer Cs3,2004,100 km,Manual,Petrol,1600,Registered (Used),"2026 Aug 01, 6:32 pm",Anuradapura,Rs. 5875000,https://riyasewana.com/buy/mitsubishi-lancer-cs3-sale-anuradapura-12065896
Mitsubishi,Lancer CS3,2013,"110,000 km",Manual,Petrol,1600,Registered (Used),"2026 May 25, 10:16 am",Battaramulla,Rs. 7450000,https://riyasewana.com/buy/mitsubishi-lancer-cs3-sale-battaramulla-11691678
Mitsubishi,Lancer Cs3,2003,"214,158 km",Manual,Petrol,1700,Registered (Used),"2026 Jul 15, 10:42 am",Colombo,Negotiable,https://riyasewana.com/buy/mitsubishi-lancer-cs3-sale-colombo-11959477
Mitsubishi,Lancer Cs3,2013,"109,000 km",Manual,Petrol,1600,Registered (Used),"2026 Aug 08, 8:20 am",Colombo,Negotiable,https://riyasewana.com/buy/mitsubishi-lancer-cs3-sale-colombo-12102015
Mitsubishi,Lancer CS3,2011,"151,000 km",Automatic,Petrol,1584,Registered (Used),"2026 Aug 11, 7:11 am",Colombo,Rs. 7000000,https://riyasewana.com/buy/mitsubishi-lancer-cs3-sale-colombo-12119384
Mitsubishi,Lancer Cs3,2008,"176,000 km",Manual,Petrol,1600,Registered (Used),"2026 Aug 08, 5:35 pm",Homagama,Negotiable,https://riyasewana.com/buy/mitsubishi-lancer-cs3-sale-homagama-12106333
Mitsubishi,Lancer Cs3 GLX,2010,"159,000 km",Automatic,Petrol,1600,Registered (Used),"2026 Aug 11, 3:35 pm",Homagama,Rs. 6950000,https://riyasewana.com/buy/mitsubishi-lancer-cs3-sale-homagama-12122825
Mitsubishi,LANCER CS3,2003,"180,600 km",Manual,Petrol,1600,Registered (Used),"2026 Aug 11, 3:41 pm",Homagama,Rs. 5775000,https://riyasewana.com/buy/mitsubishi-lancer-cs3-sale-homagama-12122843
Mitsubishi,Lancer Cs3,2008,"178,000 km",Automatic,Petrol,1600,Registered (Used),"2026 Aug 04, 9:50 pm",Kadawatha,Rs. 7150000,https://riyasewana.com/buy/mitsubishi-lancer-cs3-sale-kadawatha-12083386
Mitsubishi,Lancer CS3,2011,"182,000 km",Automatic,Petrol,1600,Registered (Used),"2026 Jul 03, 8:51 am",Malabe,Rs. 6900000,https://riyasewana.com/buy/mitsubishi-lancer-cs3-sale-malabe-11888080
Mitsubishi,Lancer CS3,2010,"220,000 km",Automatic,Petrol,1600,Registered (Used),"2026 Jul 11, 7:54 am",Piliyandala,Negotiable,https://riyasewana.com/buy/mitsubishi-lancer-cs3-sale-piliyandala-11935005
Mitsubishi,Lancer CS3,2010,"263,000 km",Manual,Petrol,1600,Registered (Used),"2026 Aug 10, 8:45 am",Piliyandala,Rs. 7250000,https://riyasewana.com/buy/mitsubishi-lancer-cs3-sale-piliyandala-12114679
Mitsubishi,Lancer CS3,2010,"200,000 km",Automatic,Petrol,1600,Registered (Used),"2026 Aug 04, 11:24 pm",Puttalam,Rs. 6200000,https://riyasewana.com/buy/mitsubishi-lancer-cs3-sale-puttalam-12083585
Mitsubishi,Lancer Evolution 7 GTA,2003,"87,800 km",Automatic,Petrol,2000,Registered (Used),"2026 Aug 05, 8:45 pm",Colombo,Negotiable,https://riyasewana.com/buy/mitsubishi-lancer-evolution-sale-colombo-12088798
Mitsubishi,Lancer Evolution 6,1999,"165,000 km",Manual,Petrol,2000,Registered (Used),"2026 Aug 08, 1:43 pm",Negombo,Negotiable,https://riyasewana.com/buy/mitsubishi-lancer-evolution-sale-negombo-12105091
Mitsubishi,Lancer EX GT,2011,"172,000 km",Automatic,Petrol,2000,Registered (Used),"2026 Jul 24, 11:33 am",Colombo,Negotiable,https://riyasewana.com/buy/mitsubishi-lancer-ex-sale-colombo-12015333
Mitsubishi,Lancer Ex,2015,"117,906 km",Automatic,Petrol,1600,Registered (Used),"2026 Aug 06, 11:38 am",Gampaha,Rs. 11650000,https://riyasewana.com/buy/mitsubishi-lancer-ex-sale-gampaha-12091781
Mitsubishi,Lancer Ex,2008,"245,000 km",Automatic,Petrol,1500,Registered (Used),"2026 Jul 09, 7:34 am",Horana,Negotiable,https://riyasewana.com/buy/mitsubishi-lancer-ex-sale-horana-11922634
Mitsubishi,Lancer Ex,2011,"85,000 km",Automatic,Petrol,1800,Registered (Used),"2026 Jul 19, 5:01 pm",Kalutara,Negotiable,https://riyasewana.com/buy/mitsubishi-lancer-ex-sale-kalutara-11988166
Mitsubishi,Lancer Ex,2008,"138,000 km",Automatic,Petrol,1500,Registered (Used),"2026 Aug 10, 3:30 pm",Kalutara,Rs. 7900000,https://riyasewana.com/buy/mitsubishi-lancer-ex-sale-kalutara-12117293
Mitsubishi,Lancer EX,2010,"158,000 km",Automatic,Petrol,1500,Registered (Used),"2026 Jun 04, 2:49 pm",Kandy,Negotiable,https://riyasewana.com/buy/mitsubishi-lancer-ex-sale-kandy-11736224
Mitsubishi,Lancer Ex,2011,"160,000 km",Automatic,Petrol,1500,Registered (Used),"2026 Aug 08, 11:18 am",Kandy,Negotiable,https://riyasewana.com/buy/mitsubishi-lancer-ex-sale-kandy-12104061
Mitsubishi,Lancer EX GT 2.0,2011,"126,000 km",Automatic,Petrol,2000,Registered (Used),"2026 Aug 10, 7:25 am",Kandy,Negotiable,https://riyasewana.com/buy/mitsubishi-lancer-ex-sale-kandy-12114118
Mitsubishi,Lancer EX,2008,"101,000 km",Automatic,Petrol,1500,Registered (Used),"2026 Aug 09, 6:56 pm",Kegalle,Negotiable,https://riyasewana.com/buy/mitsubishi-lancer-ex-sale-kegalle-11902336
Mitsubishi,Lancer EX,2008,"120,000 km",Manual,Petrol,1500,Registered (Used),"2026 Jul 29, 8:14 am",Kottawa,Negotiable,https://riyasewana.com/buy/mitsubishi-lancer-ex-sale-kottawa-12044137
Mitsubishi,Lancer Ex,2008,"137,000 km",Automatic,Petrol,1500,Registered (Used),"2026 Aug 04, 6:28 pm",Kurunegala,Negotiable,https://riyasewana.com/buy/mitsubishi-lancer-ex-sale-kurunegala-12082496
Mitsubishi,Lancer Ex,2008,"137,000 km",Automatic,Petrol,1500,Registered (Used),"2026 Aug 09, 9:41 am",Kurunegala,Negotiable,https://riyasewana.com/buy/mitsubishi-lancer-ex-sale-kurunegala-12109420
Mitsubishi,Lancer EX,2014,"171,000 km",Automatic,Petrol,1600,Registered (Used),"2026 Aug 07, 7:32 am",Negombo,Rs. 11400000,https://riyasewana.com/buy/mitsubishi-lancer-ex-sale-negombo-12095325
Mitsubishi,Lancer EX,2013,"120,000 km",Automatic,Petrol,1600,Registered (Used),"2026 Aug 10, 7:52 pm",Negombo,Negotiable,https://riyasewana.com/buy/mitsubishi-lancer-ex-sale-negombo-12118383
Mitsubishi,Lancer Ex,2011,"79,985 km",Manual,Petrol,1500,Registered (Used),"2026 Jul 25, 8:19 am",Piliyandala,Negotiable,https://riyasewana.com/buy/mitsubishi-lancer-ex-sale-piliyandala-12020224
Mitsubishi,Lancer Fiore,1983,1 km,Manual,Petrol,1400,Registered (Used),"2026 Jul 20, 9:30 am",Warakapola,Rs. 640000,https://riyasewana.com/buy/mitsubishi-lancer-fiore-sale-warakapola-11990686
Mitsubishi,Lancer Flat Light,1980,11 km,Manual,Petrol,1000,Registered (Used),"2026 Aug 09, 4:56 pm",Colombo,Rs. 550000,https://riyasewana.com/buy/mitsubishi-lancer-flat-sale-colombo-12112387
Mitsubishi,Lancer Flat Light,1980,11 km,Manual,Petrol,1000,Registered (Used),"2026 Aug 09, 7:04 am",Dehiwala-Mount-Lavinia,Rs. 550000,https://riyasewana.com/buy/mitsubishi-lancer-flat-sale-dehiwala-mount-lavinia-12107985
Mitsubishi,Lancer Flat Light,1980,1 km,Manual,Petrol,1400,Registered (Used),"2026 Jul 04, 5:32 pm",Divulapitiya,Rs. 770000,https://riyasewana.com/buy/mitsubishi-lancer-flat-sale-divulapitiya-11898112
Mitsubishi,Lancer Flat Light Car,1978,0 km,Manual,Petrol,1400,Registered (Used),"2026 May 26, 8:58 am",Galle,Negotiable,https://riyasewana.com/buy/mitsubishi-lancer-flat-sale-galle-11696295
Mitsubishi,Lancer Flat Light,1980,1 km,Manual,Petrol,1400,Registered (Used),"2026 Aug 09, 4:42 pm",Gampaha,Rs. 795000,https://riyasewana.com/buy/mitsubishi-lancer-flat-sale-gampaha-12112331
Mitsubishi,Lancer Flat Light,1980,1 km,Manual,Petrol,1400,Registered (Used),"2026 Aug 09, 5:00 pm",Gampaha,Rs. 795000,https://riyasewana.com/buy/mitsubishi-lancer-flat-sale-gampaha-12112404
Mitsubishi,Lancer Flat Lights,1983,"69,887 km",Manual,Petrol,1400,Registered (Used),"2026 May 31, 6:49 am",Horana,Rs. 355000,https://riyasewana.com/buy/mitsubishi-lancer-flat-sale-horana-11715779
Mitsubishi,Lancer Flat Light,1978,"78,000 km",Manual,Petrol,1200,Registered (Used),"2026 Jul 25, 4:59 pm",Kalutara,Rs. 985000,https://riyasewana.com/buy/mitsubishi-lancer-flat-sale-kalutara-12024389
Mitsubishi,Lancer Flat Light,1979,,Manual,Petrol,1400,Registered (Used),"2026 Jun 08, 2:41 pm 554",Kandy,Rs. 1025000,https://riyasewana.com/buy/mitsubishi-lancer-flat-sale-kandy-11756949
Mitsubishi,Lancer Flat Light,1983,"47,350 km",Manual,Petrol,1400,Registered (Used),"2026 Jun 11, 9:35 am",Kandy,Rs. 580000,https://riyasewana.com/buy/mitsubishi-lancer-flat-sale-kandy-11770233
Mitsubishi,Lancer Flat Light,1982,,Manual,Petrol,1400,Registered (Used),"2026 Jul 26, 8:52 am",Kandy,Rs. 875000,https://riyasewana.com/buy/mitsubishi-lancer-flat-sale-kandy-12027258
Mitsubishi,Lancer Flat Light,1978,"123,456 km",Manual,Petrol,1400,Registered (Used),"2026 Aug 06, 9:21 am",Kandy,Rs. 1650000,https://riyasewana.com/buy/mitsubishi-lancer-flat-sale-kandy-12090552
Mitsubishi,Lancer Flat Light,1982,"34,522 km",Manual,Petrol,1400,Registered (Used),"2026 Jun 17, 9:42 am",Katunayake,Rs. 795000,https://riyasewana.com/buy/mitsubishi-lancer-flat-sale-katunayake-11802963
Mitsubishi,Lancer Flat Light,1980,1 km,Manual,Petrol,1300,Registered (Used),"2026 Aug 03, 11:48 am 469",Kegalle,Negotiable,https://riyasewana.com/buy/mitsubishi-lancer-flat-sale-kegalle-12075241
Mitsubishi,Lancer Flat Light,1977,"123,000 km",Manual,Petrol,1400,Registered (Used),"2026 Jun 07, 7:17 pm",Kuliyapitiya,Rs. 950000,https://riyasewana.com/buy/mitsubishi-lancer-flat-sale-kuliyapitiya-11753126
Mitsubishi,Lancer Flat Light,1978,,Manual,Petrol,1400,Registered (Used),"2026 Aug 07, 11:08 am",Kuliyapitiya,Rs. 600000,https://riyasewana.com/buy/mitsubishi-lancer-flat-sale-kuliyapitiya-12097067
Mitsubishi,Lancer Flat Light,1979,"200,000 km",Manual,Petrol,1300,Registered (Used),"2026 Aug 08, 9:58 am",Kurunegala,Negotiable,https://riyasewana.com/buy/mitsubishi-lancer-flat-sale-kurunegala-12103245
Mitsubishi,Lancer Flat Light,1979,0 km,Manual,Petrol,1400,Registered (Used),"2026 Jul 18, 2:23 pm",Matale,Rs. 630000,https://riyasewana.com/buy/mitsubishi-lancer-flat-sale-matale-11981093
Mitsubishi,Lancer Flat Light,1976,"200,000 km",Manual,Petrol,1400,Registered (Used),"2026 Jul 29, 8:21 pm",Matara,Rs. 725000,https://riyasewana.com/buy/mitsubishi-lancer-flat-sale-matara-12048215
Mitsubishi,Lancer Flat Light B211,1977,"1,111 km",Manual,Petrol,1400,Registered (Used),"2026 May 27, 8:25 pm",Negombo,Rs. 795000,https://riyasewana.com/buy/mitsubishi-lancer-flat-sale-negombo-11704137
Mitsubishi,Lancer Flat Light,1983,"165,000 km",Manual,Petrol,1200,Registered (Used),"2026 Aug 08, 10:18 am",Piliyandala,Negotiable,https://riyasewana.com/buy/mitsubishi-lancer-flat-sale-piliyandala-12103487
Mitsubishi,Lancer Flat Lights,1980,"75,000 km",Manual,Petrol,1400,Registered (Used),"2026 May 22, 2:46 pm",Polgahawela,Rs. 530000,https://riyasewana.com/buy/mitsubishi-lancer-flat-sale-polgahawela-11676710
Mitsubishi,Lancer Flat Light,1980,"111,111 km",Manual,Petrol,1200,Registered (Used),"2026 Jul 29, 4:59 pm",Ragama,Rs. 850000,https://riyasewana.com/buy/mitsubishi-lancer-flat-sale-ragama-12047520
Mitsubishi,Lancer Flat Light,1978,"111,111 km",Manual,Petrol,1200,Registered (Used),"2026 Aug 01, 9:26 am",Ragama,Rs. 850000,https://riyasewana.com/buy/mitsubishi-lancer-flat-sale-ragama-12061960
Mitsubishi,Lancer Flat Light,1978,"96,352 km",Manual,Petrol,1400,Registered (Used),"2026 Jul 20, 4:36 pm",Ratnapura,Rs. 1190000,https://riyasewana.com/buy/mitsubishi-lancer-flat-sale-ratnapura-11993530
Mitsubishi,Lancer Flat Light GL,1996,"250,000 km",Manual,Petrol,1230,Registered (Used),"2026 Aug 11, 5:52 pm",Ratnapura,Negotiable,https://riyasewana.com/buy/mitsubishi-lancer-flat-sale-ratnapura-12123432
Mitsubishi,Lancer Flat Light,1977,"100,000 km",Manual,Petrol,1400,Registered (Used),"2026 Jul 04, 1:27 pm",Welimada,Rs. 660000,https://riyasewana.com/buy/mitsubishi-lancer-flat-sale-welimada-11896851
Mitsubishi,Lancer GL,1980,"123,456 km",Manual,Petrol,1400,Registered (Used),"2026 Jul 17, 8:16 pm",Veyangoda,Rs. 775000,https://riyasewana.com/buy/mitsubishi-lancer-gl-sale-veyangoda-11975597
Mitsubishi,"Used 1991 Petrol Rs. 1850000 Sri Lanka Post Free Vehicle Ad Login My Account Leasing Offers Contact Us Contribute Buy Cars Buy SUVs Buy Vans Buy Motorbikes Buy Lorries Buy Three Wheels Buy Pickups Buy Heavy-Duty Buy Spare Parts ← Back to results Mitsubishi Lancer GLS ASP Model 1991 Car (Used) Posted by Bandara · 2026-07-13 11:15 am, Kegalle 1 / 4 ‹ › 1991 Petrol Manual Price Rs. 1,850,000 Contact Show Phone 🚫 වාහන පරික්ෂාවට පෙර මුදල් ගෙවීමෙන් වලකින්න! මාසික වාරිකය රු.2014 සිට ලීසිං පහසුකම්",1991,,Manual,Petrol,,Registered (Used),"2026 Jul 13, 11:15 am",Kegalle,Rs. 1850000,https://riyasewana.com/buy/mitsubishi-lancer-gls-sale-kegalle-11946854
Mitsubishi,Lancer GLX,2011,"129,000 km",Automatic,Petrol,1300,Registered (Used),"2026 Aug 08, 3:34 pm",Colombo,Rs. 6650000,https://riyasewana.com/buy/mitsubishi-lancer-glx-sale-colombo-12105713
Mitsubishi,Lancer GLX CS1,2008,"171,500 km",Manual,Petrol,1300,Registered (Used),"2026 Aug 08, 1:34 pm",Homagama,Negotiable,https://riyasewana.com/buy/mitsubishi-lancer-glx-sale-homagama-12105050
Mitsubishi,Lancer I Light,1974,,Manual,Petrol,1200,Registered (Used),"2026 Aug 11, 1:15 pm",Panadura,Rs. 685000,https://riyasewana.com/buy/mitsubishi-lancer-i-sale-panadura-12122081
Mitsubishi,Lancer L Light,1980,22 km,Manual,Petrol,1000,Registered (Used),"2026 Aug 09, 4:58 pm",Colombo,Rs. 675000,https://riyasewana.com/buy/mitsubishi-lancer-l-sale-colombo-12112396
Mitsubishi,Lancer L Light,1975,"1,111 km",Manual,Petrol,1400,Registered (Used),"2026 Jul 26, 9:17 pm",Negombo,Rs. 725000,https://riyasewana.com/buy/mitsubishi-lancer-l-sale-negombo-12031644
Mitsubishi,Lancer L Light,1975,,Manual,Petrol,1400,Registered (Used),"2026 Jul 27, 2:01 pm",Negombo,Rs. 725000,https://riyasewana.com/buy/mitsubishi-lancer-l-sale-negombo-12035276
Mitsubishi,Lancer L Light B211,1975,111 km,Manual,Petrol,1400,Registered (Used),"2026 Jul 29, 9:16 am",Negombo,Rs. 725000,https://riyasewana.com/buy/mitsubishi-lancer-l-sale-negombo-12044680
Mitsubishi,Lancer L Light,1982,,Manual,Petrol,1500,Registered (Used),"2026 Jul 31, 7:32 pm",Nittambuwa,Rs. 850000,https://riyasewana.com/buy/mitsubishi-lancer-l-sale-nittambuwa-12059139
Mitsubishi,Lancer,1981,,Manual,Petrol,1400,Registered (Used),"2026 Jul 07, 6:28 pm",Ambalangoda,Rs. 1500000,https://riyasewana.com/buy/mitsubishi-lancer-sale-ambalangoda-11915271
Mitsubishi,Lancer,2001,1 km,Automatic,Petrol,1500,Registered (Used),"2026 Aug 01, 8:26 am",Ambalangoda,Rs. 5175000,https://riyasewana.com/buy/mitsubishi-lancer-sale-ambalangoda-12061237
Mitsubishi,Lancer,1985,"123,456 km",Manual,Petrol,1500,Registered (Used),"2026 Aug 07, 7:24 pm",Ambalangoda,Rs. 775000,https://riyasewana.com/buy/mitsubishi-lancer-sale-ambalangoda-12099889
Mitsubishi,Lancer,1985,"123,456 km",Manual,Petrol,1500,Registered (Used),"2026 Aug 11, 3:32 pm",Ambalangoda,Rs. 765000,https://riyasewana.com/buy/mitsubishi-lancer-sale-ambalangoda-12122810
Mitsubishi,Lancer,2001,,Manual,Petrol,1600,Registered (Used),"2026 May 15, 4:45 pm",Anuradapura,Rs. 5400000,https://riyasewana.com/buy/mitsubishi-lancer-sale-anuradapura-11640808
Mitsubishi,Lancer,1981,"150,000 km",Manual,Petrol,1400,Registered (Used),"2026 May 18, 7:07 am",Anuradapura,Rs. 1300000,https://riyasewana.com/buy/mitsubishi-lancer-sale-anuradapura-11654378
Mitsubishi,Lancer,1981,"150,000 km",Manual,Petrol,1400,Registered (Used),"2026 May 20, 6:20 am",Anuradapura,Rs. 1300000,https://riyasewana.com/buy/mitsubishi-lancer-sale-anuradapura-11664127
Mitsubishi,Lancer,1981,"150,000 km",Manual,Petrol,14000,Registered (Used),"2026 May 21, 4:43 am",Anuradapura,Rs. 1300000,https://riyasewana.com/buy/mitsubishi-lancer-sale-anuradapura-11669166
Mitsubishi,Lancer,1981,"150,000 km",Manual,Petrol,1400,Registered (Used),"2026 May 22, 10:53 am",Anuradapura,Rs. 1300000,https://riyasewana.com/buy/mitsubishi-lancer-sale-anuradapura-11675383
Mitsubishi,Lancer,2002,"205,000 km",Manual,Petrol,1600,Registered (Used),"2026 May 24, 5:05 pm",Anuradapura,Rs. 5300000,https://riyasewana.com/buy/mitsubishi-lancer-sale-anuradapura-11688940
Mitsubishi,Lancer,1981,"150,000 km",Manual,Petrol,1400,Registered (Used),"2026 May 25, 5:01 am",Anuradapura,Rs. 1300000,https://riyasewana.com/buy/mitsubishi-lancer-sale-anuradapura-11690334
Mitsubishi,Lancer,1981,"150,000 km",Manual,Petrol,1400,Registered (Used),"2026 Jun 01, 8:17 am",Anuradapura,Rs. 1300000,https://riyasewana.com/buy/mitsubishi-lancer-sale-anuradapura-11719771
Mitsubishi,Lancer,2002,"230,000 km",Manual,Petrol,1300,Registered (Used),"2026 Jun 10, 11:48 am",Anuradapura,Rs. 4900000,https://riyasewana.com/buy/mitsubishi-lancer-sale-anuradapura-11766147
Mitsubishi,Lancer,1981,"150,000 km",Manual,Petrol,1400,Registered (Used),"2026 Jun 26, 1:32 pm",Anuradapura,Rs. 1275000,https://riyasewana.com/buy/mitsubishi-lancer-sale-anuradapura-11853800
Mitsubishi,Lancer,1985,"123,000 km",Manual,Petrol,1500,Registered (Used),"2026 Jul 09, 2:55 pm",Anuradapura,Rs. 775000,https://riyasewana.com/buy/mitsubishi-lancer-sale-anuradapura-11925762
Mitsubishi,Lancer,1985,"190,000 km",Manual,Petrol,1500,Registered (Used),"2026 Jul 17, 12:09 pm",Anuradapura,Rs. 650000,https://riyasewana.com/buy/mitsubishi-lancer-sale-anuradapura-11972709
Mitsubishi,Lancer,1998,1 km,Manual,Petrol,1500,Registered (Used),"2026 Jul 23, 9:44 am",Anuradapura,Negotiable,https://riyasewana.com/buy/mitsubishi-lancer-sale-anuradapura-12008520
Mitsubishi,Lancer,1981,"84,522 km",Manual,Petrol,1400,Registered (Used),"2026 Jul 29, 3:43 pm",Avissawella,Negotiable,https://riyasewana.com/buy/mitsubishi-lancer-sale-avissawella-12047249
Mitsubishi,Lancer,1998,1 km,Manual,Petrol,,Registered (Used),"2026 Aug 11, 12:29 pm 63",Bandaragama,Negotiable,https://riyasewana.com/buy/mitsubishi-lancer-sale-bandaragama-12121813
Mitsubishi,Lancer,1983,,Manual,Petrol,1400,Registered (Used),"2026 Aug 05, 1:23 pm",Bandarawela,Negotiable,https://riyasewana.com/buy/mitsubishi-lancer-sale-bandarawela-12086725
Mitsubishi,Lancer,1981,0 km,Manual,Petrol,1400,Registered (Used),"2026 Aug 07, 9:50 am",Bandarawela,Rs. 1085000,https://riyasewana.com/buy/mitsubishi-lancer-sale-bandarawela-12096366
Mitsubishi,Lancer,2001,"255,000 km",Manual,Petrol,1300,Registered (Used),"2026 Jul 12, 9:29 am 101",Battaramulla,Negotiable,https://riyasewana.com/buy/mitsubishi-lancer-sale-battaramulla-11942527
Mitsubishi,Lancer,1997,1 km,Manual,Petrol,1500,Registered (Used),"2026 Jul 11, 10:59 am",Chilaw,Negotiable,https://riyasewana.com/buy/mitsubishi-lancer-sale-chilaw-11937103
Mitsubishi,Lancer,1978,"100,000 km",Manual,Petrol,1300,Registered (Used),"2026 May 18, 4:14 pm",Colombo,Rs. 575000,https://riyasewana.com/buy/mitsubishi-lancer-sale-colombo-11657429
Mitsubishi,Lancer,1997,"177,250 km",Automatic,Petrol,1460,Registered (Used),"2026 May 20, 1:33 pm",Colombo,Rs. 5100000,https://riyasewana.com/buy/mitsubishi-lancer-sale-colombo-11666735
Mitsubishi,Lancer,1997,"210,000 km",Automatic,Petrol,1400,Registered (Used),"2026 May 22, 9:24 am",Colombo,Rs. 4300000,https://riyasewana.com/buy/mitsubishi-lancer-sale-colombo-11674853
Mitsubishi,Lancer,2012,"252,000 km",Automatic,Petrol,1584,Registered (Used),"2026 May 29, 4:56 pm",Colombo,Rs. 6750000,https://riyasewana.com/buy/mitsubishi-lancer-sale-colombo-11711944
Mitsubishi,Lancer,1995,,Manual,Petrol,1500,Registered (Used),"2026 Jun 15, 2:11 pm",Colombo,Rs. 3100000,https://riyasewana.com/buy/mitsubishi-lancer-sale-colombo-11793942
Mitsubishi,Lancer,1997,"22,222 km",Manual,Petrol,1500,Registered (Used),"2026 Jun 17, 12:08 pm",Colombo,Negotiable,https://riyasewana.com/buy/mitsubishi-lancer-sale-colombo-11803983
Mitsubishi,Lancer,1984,"91,000 km",Manual,Petrol,1400,Registered (Used),"2026 Jul 01, 10:05 am",Colombo,Negotiable,https://riyasewana.com/buy/mitsubishi-lancer-sale-colombo-11877471
Mitsubishi,Lancer,1984,1 km,Manual,Petrol,1400,Registered (Used),"2026 Jul 14, 9:58 pm 202",Colombo,Rs. 750000,https://riyasewana.com/buy/mitsubishi-lancer-sale-colombo-11958295
Mitsubishi,Lancer,2003,"214,000 km",Manual,Petrol,1650,Registered (Used),"2026 Jul 16, 8:27 am",Colombo,Negotiable,https://riyasewana.com/buy/mitsubishi-lancer-sale-colombo-11965195
Mitsubishi,Lancer,1986,"123,456 km",Manual,Petrol,1300,Registered (Used),"2026 Jul 17, 7:02 pm",Colombo,Negotiable,https://riyasewana.com/buy/mitsubishi-lancer-sale-colombo-11975150
Mitsubishi,Lancer,1991,"54,000 km",Automatic,Diesel,1800,Registered (Used),"2026 Jul 27, 6:48 pm",Colombo,Rs. 2850000,https://riyasewana.com/buy/mitsubishi-lancer-sale-colombo-12036567
Mitsubishi,Lancer,1998,"212,255 km",Manual,Diesel,1998,Registered (Used),"2026 Jul 28, 10:49 pm",Colombo,Negotiable,https://riyasewana.com/buy/mitsubishi-lancer-sale-colombo-12043257
Mitsubishi,Lancer,1982,"189,567 km",Manual,Petrol,1400,Registered (Used),"2026 Aug 05, 11:43 am",Colombo,Rs. 590000,https://riyasewana.com/buy/mitsubishi-lancer-sale-colombo-12086110
Mitsubishi,Lancer,1996,"500,000 km",Manual,Petrol,1500,Registered (Used),"2026 Aug 08, 3:35 pm",Colombo,Negotiable,https://riyasewana.com/buy/mitsubishi-lancer-sale-colombo-12105722
Mitsubishi,Lancer,1993,1 km,Manual,Diesel,,Registered (Used),"2026 May 15, 9:35 am",Dambulla,Rs. 2200000,https://riyasewana.com/buy/mitsubishi-lancer-sale-dambulla-11638217
Mitsubishi,Lancer,1996,"212,611 km",Manual,Petrol,1300,Registered (Used),"2026 Aug 09, 9:46 am",Dehiowita,Rs. 3700000,https://riyasewana.com/buy/mitsubishi-lancer-sale-dehiowita-12109499
Mitsubishi,Lancer,1978,,Manual,Petrol,1400,Registered (Used),"2026 May 14, 6:30 pm",Divulapitiya,Rs. 810000,https://riyasewana.com/buy/mitsubishi-lancer-sale-divulapitiya-11636062
Mitsubishi,Lancer,1981,"210,000 km",Manual,Petrol,1400,Registered (Used),"2026 Jul 07, 10:51 pm",Divulapitiya,Rs. 1290000,https://riyasewana.com/buy/mitsubishi-lancer-sale-divulapitiya-11916305
Mitsubishi,Lancer,1977,"100,000 km",Manual,Petrol,1400,Registered (Used),"2026 Jun 01, 12:21 pm",Dompe,Rs. 675000,https://riyasewana.com/buy/mitsubishi-lancer-sale-dompe-11721265
Mitsubishi,Lancer,1980,1 km,Manual,Petrol,1400,Registered (Used),"2026 May 21, 11:25 am",Eheliyagoda,Rs. 1160000,https://riyasewana.com/buy/mitsubishi-lancer-sale-eheliyagoda-11670994
Mitsubishi,Lancer,1983,"52,384 km",Manual,Petrol,,Registered (Used),"2026 May 31, 6:02 pm",Eheliyagoda,Rs. 700000,https://riyasewana.com/buy/mitsubishi-lancer-sale-eheliyagoda-11718475
Mitsubishi,Lancer,1986,"12,345 km",Manual,Petrol,1460,Registered (Used),"2026 May 26, 4:58 pm",Elpitiya,Rs. 1175000,https://riyasewana.com/buy/mitsubishi-lancer-sale-elpitiya-11698778
Mitsubishi,Lancer,1977,"74,571 km",Manual,Petrol,1400,Registered (Used),"2026 May 18, 7:08 pm",Embilipitiya,Rs. 840000,https://riyasewana.com/buy/mitsubishi-lancer-sale-embilipitiya-11658146
Mitsubishi,Lancer,1981,"245,000 km",Manual,Petrol,1400,Registered (Used),"2026 Jun 03, 5:19 pm",Embilipitiya,Rs. 565000,https://riyasewana.com/buy/mitsubishi-lancer-sale-embilipitiya-11731945
Mitsubishi,Lancer,1980,123 km,Manual,Petrol,1400,Registered (Used),"2026 May 24, 7:03 pm",Galle,Rs. 875000,https://riyasewana.com/buy/mitsubishi-lancer-sale-galle-11689377
Mitsubishi,Lancer,1980,123 km,Manual,Petrol,1400,Registered (Used),"2026 May 28, 11:03 am",Galle,Rs. 875000,https://riyasewana.com/buy/mitsubishi-lancer-sale-galle-11706469
Mitsubishi,Lancer,1980,"15,824 km",Manual,Petrol,1400,Registered (Used),"2026 Jun 17, 6:30 pm",Galle,Rs. 850000,https://riyasewana.com/buy/mitsubishi-lancer-sale-galle-11805855
Mitsubishi,Lancer,1980,"184,548 km",Manual,Petrol,1400,Registered (Used),"2026 Jun 18, 9:19 pm",Galle,Negotiable,https://riyasewana.com/buy/mitsubishi-lancer-sale-galle-11811730
Mitsubishi,Lancer,2003,"180,000 km",Automatic,Petrol,1300,Registered (Used),"2026 Jul 18, 10:57 am",Galle,Negotiable,https://riyasewana.com/buy/mitsubishi-lancer-sale-galle-11979420
Mitsubishi,Lancer,1980,0 km,Manual,Petrol,1300,Registered (Used),"2026 Aug 07, 4:07 pm",Galle,Rs. 600000,https://riyasewana.com/buy/mitsubishi-lancer-sale-galle-12098833
Mitsubishi,Lancer,1980,"125,888 km",Manual,Petrol,1300,Registered (Used),"2026 Aug 11, 11:14 am",Galle,Negotiable,https://riyasewana.com/buy/mitsubishi-lancer-sale-galle-12121315
Mitsubishi,Lancer,1979,,Manual,Petrol,1400,Registered (Used),"2026 May 16, 10:02 am",Gampaha,Rs. 875000,https://riyasewana.com/buy/mitsubishi-lancer-sale-gampaha-11644561
Mitsubishi,Lancer,1980,"111,111 km",Manual,Petrol,,Registered (Used),"2026 May 18, 9:50 am",Gampaha,Rs. 625000,https://riyasewana.com/buy/mitsubishi-lancer-sale-gampaha-11655313
Mitsubishi,Lancer,1980,2 km,Manual,Petrol,2,Registered (Used),"2026 May 23, 8:40 pm",Gampaha,Rs. 650000,https://riyasewana.com/buy/mitsubishi-lancer-sale-gampaha-11684451
Mitsubishi,Lancer,1985,2 km,Manual,Petrol,1400,Registered (Used),"2026 Jun 12, 10:22 am",Gampaha,Rs. 650000,https://riyasewana.com/buy/mitsubishi-lancer-sale-gampaha-11775523
Mitsubishi,Lancer,1978,,Manual,Petrol,1400,Registered (Used),"2026 Jun 20, 2:14 am",Gampaha,Rs. 890000,https://riyasewana.com/buy/mitsubishi-lancer-sale-gampaha-11817610
Mitsubishi,Lancer,1985,4 km,Manual,Petrol,1400,Registered (Used),"2026 Jun 24, 3:21 pm",Gampaha,Negotiable,https://riyasewana.com/buy/mitsubishi-lancer-sale-gampaha-11837970
Mitsubishi,Lancer,1980,,Manual,Petrol,1400,Registered (Used),"2026 Jul 07, 1:45 pm",Gampaha,Rs. 1400000,https://riyasewana.com/buy/mitsubishi-lancer-sale-gampaha-11913944
Mitsubishi,Lancer,1980,0 km,Manual,Petrol,1400,Registered (Used),"2026 Jul 11, 8:26 pm",Gampaha,Rs. 1750000,https://riyasewana.com/buy/mitsubishi-lancer-sale-gampaha-11940374
Mitsubishi,Lancer,1982,"200,000 km",Manual,Petrol,1500,Registered (Used),"2026 Jul 29, 7:29 pm",Gampaha,Rs. 800000,https://riyasewana.com/buy/mitsubishi-lancer-sale-gampaha-12048042
Mitsubishi,Lancer,1979,"75,000 km",Manual,Petrol,1500,Registered (Used),"2026 Jul 31, 4:51 pm",Gampaha,Rs. 1300000,https://riyasewana.com/buy/mitsubishi-lancer-sale-gampaha-12058246
Mitsubishi,Lancer,1990,,Manual,Petrol,1500,Registered (Used),"2026 Aug 10, 9:39 am",Gampola,Rs. 1690000,https://riyasewana.com/buy/mitsubishi-lancer-sale-gampola-12115091
Mitsubishi,Lancer,1977,"90,000 km",Manual,Petrol,1400,Registered (Used),"2026 Jul 12, 6:09 pm",Ganemulla,Rs. 750000,https://riyasewana.com/buy/mitsubishi-lancer-sale-ganemulla-11945786
Mitsubishi,Lancer,1978,80 km,Manual,Petrol,1400,Registered (Used),"2026 May 15, 1:19 pm",Hambantota,Negotiable,https://riyasewana.com/buy/mitsubishi-lancer-sale-hambantota-11639666
Mitsubishi,Lancer,1995,"200,000 km",Manual,Petrol,1300,Registered (Used),"2026 Jun 23, 12:43 pm",Hambantota,Rs. 2990000,https://riyasewana.com/buy/mitsubishi-lancer-sale-hambantota-11837342
Mitsubishi,Lancer,1979,,Manual,Petrol,,Registered (Used),"2026 Jul 30, 11:37 am 101",Hambantota,Rs. 890000,https://riyasewana.com/buy/mitsubishi-lancer-sale-hambantota-12048162
Mitsubishi,Lancer,1982,"42,000 km",Manual,Petrol,1600,Registered (Used),"2026 Aug 11, 6:33 pm",Hambantota,Rs. 985000,https://riyasewana.com/buy/mitsubishi-lancer-sale-hambantota-12123608
Mitsubishi,Lancer,1980,"245,000 km",Manual,Petrol,1200,Registered (Used),"2026 Jul 20, 9:01 pm",Hanwella,Rs. 865000,https://riyasewana.com/buy/mitsubishi-lancer-sale-hanwella-11994742
Mitsubishi,Lancer,1980,"60,000 km",Manual,Petrol,1290,Registered (Used),"2026 Jun 09, 1:03 pm",Haputale,Negotiable,https://riyasewana.com/buy/mitsubishi-lancer-sale-haputale-11761388
Mitsubishi,Lancer,2007,"119,000 km",Automatic,Petrol,1300,Registered (Used),"2026 Aug 01, 8:25 pm",Hatton,Rs. 6800000,https://riyasewana.com/buy/mitsubishi-lancer-sale-hatton-12066452
Mitsubishi,Lancer,1988,,Manual,Petrol,1300,Registered (Used),"2026 Jun 12, 7:21 pm",Homagama,Rs. 1250000,https://riyasewana.com/buy/mitsubishi-lancer-sale-homagama-11778368
Mitsubishi,Lancer,1999,"195,000 km",Automatic,Petrol,1300,Registered (Used),"2026 Jun 20, 10:29 pm",Homagama,Rs. 4300000,https://riyasewana.com/buy/mitsubishi-lancer-sale-homagama-11823568
Mitsubishi,Lancer,1992,"11,111 km",Manual,Petrol,1300,Registered (Used),"2026 Jun 21, 1:25 pm",Homagama,Rs. 2390000,https://riyasewana.com/buy/mitsubishi-lancer-sale-homagama-11827002
Mitsubishi,Lancer,1999,,Automatic,Petrol,1,Registered (Used),"2026 Jul 26, 5:15 pm",Homagama,Rs. 5500000,https://riyasewana.com/buy/mitsubishi-lancer-sale-homagama-12030664
Mitsubishi,Lancer,2008,"172,139 km",Manual,Petrol,1300,Registered (Used),"2026 Aug 10, 8:23 am",Homagama,Negotiable,https://riyasewana.com/buy/mitsubishi-lancer-sale-homagama-12114509
Mitsubishi,Lancer,1976,,Manual,Petrol,1400,Registered (Used),"2026 Jun 30, 2:09 pm",Horana,Rs. 375000,https://riyasewana.com/buy/mitsubishi-lancer-sale-horana-11873811
Mitsubishi,Lancer,1983,"84,750 km",Manual,Petrol,1400,Registered (Used),"2026 Jul 22, 10:45 am",Horana,Negotiable,https://riyasewana.com/buy/mitsubishi-lancer-sale-horana-12003167
Mitsubishi,Lancer,1987,,Manual,Petrol,1400,Registered (Used),"2026 Aug 08, 8:29 am",Horana,Rs. 1260000,https://riyasewana.com/buy/mitsubishi-lancer-sale-horana-12102120
Mitsubishi,Lancer,1982,1 km,Manual,Petrol,1400,Registered (Used),"2026 Aug 10, 11:47 am",Horana,Rs. 920000,https://riyasewana.com/buy/mitsubishi-lancer-sale-horana-12116086
Mitsubishi,Lancer,2002,"250,000 km",Manual,Petrol,1300,Registered (Used),"2026 Jun 08, 3:53 pm",Kadawatha,Rs. 5300000,https://riyasewana.com/buy/mitsubishi-lancer-sale-kadawatha-11757224
Mitsubishi,Lancer,1981,"58,700 km",Manual,Petrol,1400,Registered (Used),"2026 Jul 25, 5:56 pm",Kadawatha,Rs. 1125000,https://riyasewana.com/buy/mitsubishi-lancer-sale-kadawatha-12024684
Mitsubishi,Lancer,1980,1 km,Manual,Petrol,1400,Registered (Used),"2026 Jul 31, 2:51 pm",Kadawatha,Rs. 385000,https://riyasewana.com/buy/mitsubishi-lancer-sale-kadawatha-12057599
Mitsubishi,Lancer,2008,"125,000 km",Manual,Petrol,1300,Registered (Used),"2026 Aug 08, 11:21 am",Kadawatha,Rs. 6990000,https://riyasewana.com/buy/mitsubishi-lancer-sale-kadawatha-12104079
Mitsubishi,Lancer,1992,"228,100 km",Manual,Petrol,1500,Registered (Used),"2026 Aug 10, 7:26 am",Kadawatha,Rs. 3200000,https://riyasewana.com/buy/mitsubishi-lancer-sale-kadawatha-12114132
Mitsubishi,Lancer,2008,"148,000 km",Manual,Petrol,1300,Registered (Used),"2026 May 22, 2:54 pm",Kadugannawa,Rs. 7000000,https://riyasewana.com/buy/mitsubishi-lancer-sale-kadugannawa-11676746
Mitsubishi,Lancer,1980,1 km,Manual,Petrol,1400,Registered (Used),"2026 May 23, 9:51 pm",Kaduwela,Negotiable,https://riyasewana.com/buy/mitsubishi-lancer-sale-kaduwela-11684743
Mitsubishi,Lancer,1981,"12,340 km",Manual,Petrol,1400,Registered (Used),"2026 Aug 10, 10:13 pm 20",Kalutara,Negotiable,https://riyasewana.com/buy/mitsubishi-lancer-sale-kalutara-12118836
Mitsubishi,Lancer,1981,"12,340 km",Manual,Petrol,1400,Registered (Used),"2026 Aug 10, 10:25 pm",Kalutara,Negotiable,https://riyasewana.com/buy/mitsubishi-lancer-sale-kalutara-12118863
Mitsubishi,Lancer,1988,"300,000 km",Manual,Diesel,1800,Registered (Used),"2026 Jun 11, 9:42 am",Kandana,Rs. 1050000,https://riyasewana.com/buy/mitsubishi-lancer-sale-kandana-11768181
Mitsubishi,Lancer,1983,0 km,Manual,Petrol,1300,Registered (Used),"2026 May 15, 6:52 am",Kandy,Rs. 1050000,https://riyasewana.com/buy/mitsubishi-lancer-sale-kandy-11637242
Mitsubishi,Lancer,1978,,Manual,Petrol,1400,Registered (Used),"2026 May 23, 7:16 pm",Kandy,Negotiable,https://riyasewana.com/buy/mitsubishi-lancer-sale-kandy-11684063
Mitsubishi,Lancer,1983,"100,000 km",Manual,Petrol,1400,Registered (Used),"2026 May 29, 11:47 am",Kandy,Rs. 690000,https://riyasewana.com/buy/mitsubishi-lancer-sale-kandy-11710736
Mitsubishi,Lancer,2008,"12,346 km",Manual,Petrol,1300,Registered (Used),"2026 Jun 23, 12:53 am",Kandy,Rs. 6100000,https://riyasewana.com/buy/mitsubishi-lancer-sale-kandy-11834601
Mitsubishi,Lancer,1984,"1,234 km",Manual,Petrol,1400,Registered (Used),"2026 Aug 11, 10:14 am",Kandy,Negotiable,https://riyasewana.com/buy/mitsubishi-lancer-sale-kandy-11913037
Mitsubishi,Lancer,1994,2 km,Manual,Diesel,1998,Registered (Used),"2026 Jul 20, 9:44 am",Kandy,Rs. 2925000,https://riyasewana.com/buy/mitsubishi-lancer-sale-kandy-11990797
Mitsubishi,Lancer,1995,"190,000 km",Manual,Petrol,1,Registered (Used),"2026 Aug 03, 7:00 pm",Kandy,Negotiable,https://riyasewana.com/buy/mitsubishi-lancer-sale-kandy-12077154
Mitsubishi,Lancer,1984,1 km,Manual,Petrol,1600,Registered (Used),"2026 Jun 24, 6:01 pm",Katunayake,Negotiable,https://riyasewana.com/buy/mitsubishi-lancer-sale-katunayake-11844284
Mitsubishi,Lancer,1976,"1,234 km",Manual,Petrol,1300,Registered (Used),"2026 May 16, 2:20 pm",Kegalle,Rs. 895000,https://riyasewana.com/buy/mitsubishi-lancer-sale-kegalle-11646337
Mitsubishi,Lancer,1998,"50,000 km",Manual,Petrol,1500,Registered (Used),"2026 May 21, 2:13 pm",Kegalle,Rs. 4500000,https://riyasewana.com/buy/mitsubishi-lancer-sale-kegalle-11671892
Mitsubishi,Lancer,2010,"204,000 km",Automatic,Petrol,1500,Registered (Used),"2026 May 24, 5:29 pm",Kegalle,Rs. 9800000,https://riyasewana.com/buy/mitsubishi-lancer-sale-kegalle-11689036
Mitsubishi,Lancer,1994,1 km,Manual,Petrol,1500,Registered (Used),"2026 Jun 08, 5:22 pm",Kegalle,Rs. 3450000,https://riyasewana.com/buy/mitsubishi-lancer-sale-kegalle-11757566
Mitsubishi,Lancer,1983,"100,000 km",Manual,Petrol,1400,Registered (Used),"2026 Jun 20, 12:16 pm",Kegalle,Negotiable,https://riyasewana.com/buy/mitsubishi-lancer-sale-kegalle-11820792
Mitsubishi,Lancer,1980,"100,000 km",Manual,Petrol,1400,Registered (Used),"2026 Jul 04, 10:00 am",Kegalle,Rs. 590000,https://riyasewana.com/buy/mitsubishi-lancer-sale-kegalle-11895036
Mitsubishi,Lancer,1980,,Manual,Petrol,1200,Registered (Used),"2026 Jul 12, 11:17 am",Kegalle,Rs. 525000,https://riyasewana.com/buy/mitsubishi-lancer-sale-kegalle-11943579
Mitsubishi,Lancer,1980,"167,000 km",Manual,Diesel,1400,Registered (Used),"2026 Jul 23, 8:51 am",Kegalle,Rs. 1200000,https://riyasewana.com/buy/mitsubishi-lancer-sale-kegalle-12008025
Mitsubishi,Lancer,1982,,Manual,Petrol,1400,Antique,"2026 Jul 24, 2:35 pm 32",Kegalle,Negotiable,https://riyasewana.com/buy/mitsubishi-lancer-sale-kegalle-12016344
Mitsubishi,Lancer,1982,,Manual,Petrol,1400,Antique,"2026 Jul 24, 2:39 pm",Kegalle,Negotiable,https://riyasewana.com/buy/mitsubishi-lancer-sale-kegalle-12016375
Mitsubishi,Lancer,1996,"112,354 km",Manual,Petrol,1400,Registered (Used),"2026 Aug 02, 10:21 am",Kegalle,Negotiable,https://riyasewana.com/buy/mitsubishi-lancer-sale-kegalle-12069006
Mitsubishi,Lancer,2007,,Manual,Petrol,1300,Registered (Used),"2026 Aug 06, 4:10 pm",Kegalle,Negotiable,https://riyasewana.com/buy/mitsubishi-lancer-sale-kegalle-12093212
Mitsubishi,Lancer,1996,"186,000 km",Manual,Petrol,1500,Registered (Used),"2026 May 24, 7:35 pm",Kelaniya,Negotiable,https://riyasewana.com/buy/mitsubishi-lancer-sale-kelaniya-11689513
Mitsubishi,Lancer,2002,"267,500 km",Manual,Petrol,1500,Registered (Used),"2026 Jul 16, 10:31 pm",Kesbewa,Rs. 4150000,https://riyasewana.com/buy/mitsubishi-lancer-sale-kesbewa-11969883
Mitsubishi,Lancer,2003,"200,000 km",Automatic,Petrol,1500,Registered (Used),"2026 Aug 08, 4:05 pm",Kiribathgoda,Rs. 5400000,https://riyasewana.com/buy/mitsubishi-lancer-sale-kiribathgoda-12105888
Mitsubishi,Lancer,1985,"1,400 km",Manual,Petrol,1500,Registered (Used),"2026 Jul 20, 1:03 pm",Kottawa,Negotiable,https://riyasewana.com/buy/mitsubishi-lancer-sale-kottawa-11992419
Mitsubishi,Lancer,2005,"230,000 km",Manual,Petrol,1300,Unregistered (Recondition),"2026 Aug 01, 12:27 pm",Kottawa,Rs. 6100000,https://riyasewana.com/buy/mitsubishi-lancer-sale-kottawa-12063912
Mitsubishi,Lancer,1981,"180,000 km",Manual,Petrol,1500,Registered (Used),"2026 Jul 04, 9:30 am",Kotte,Rs. 1175000,https://riyasewana.com/buy/mitsubishi-lancer-sale-kotte-11894734
Mitsubishi,Lancer,2011,"127,000 km",Manual,Petrol,1300,Registered (Used),"2026 May 15, 9:09 am",Kuliyapitiya,Rs. 6480000,https://riyasewana.com/buy/mitsubishi-lancer-sale-kuliyapitiya-11638021
Mitsubishi,Lancer,1991,"200,000 km",Manual,Petrol,1500,Registered (Used),"2026 May 22, 4:25 pm",Kuliyapitiya,Rs. 1850000,https://riyasewana.com/buy/mitsubishi-lancer-sale-kuliyapitiya-11677035
Mitsubishi,Lancer,1985,"125,000 km",Manual,Petrol,1500,Registered (Used),"2026 Jul 18, 1:44 pm",Kuliyapitiya,Negotiable,https://riyasewana.com/buy/mitsubishi-lancer-sale-kuliyapitiya-11980859
Mitsubishi,Lancer,1983,"1,223 km",Manual,Petrol,1400,Registered (Used),"2026 Jul 29, 9:01 am",Kuliyapitiya,Negotiable,https://riyasewana.com/buy/mitsubishi-lancer-sale-kuliyapitiya-12044554
Mitsubishi,Lancer,1985,1 km,Manual,Petrol,,Registered (Used),"2026 Aug 11, 7:39 am",Kuliyapitiya,Rs. 1000000,https://riyasewana.com/buy/mitsubishi-lancer-sale-kuliyapitiya-12119548
Mitsubishi,Lancer,1979,"50,000 km",Manual,Petrol,1800,Registered (Used),"2026 May 14, 2:08 pm 546",Kurunegala,Rs. 650000,https://riyasewana.com/buy/mitsubishi-lancer-sale-kurunegala-11635045
Mitsubishi,Lancer,1982,"300,000 km",Manual,Petrol,1400,Registered (Used),"2026 May 26, 3:44 am",Kurunegala,Rs. 1150000,https://riyasewana.com/buy/mitsubishi-lancer-sale-kurunegala-11695372
Mitsubishi,Lancer,2008,"196,000 km",Automatic,Petrol,1300,Registered (Used),"2026 Jun 02, 7:30 pm",Kurunegala,Rs. 6300000,https://riyasewana.com/buy/mitsubishi-lancer-sale-kurunegala-11727582
Mitsubishi,Lancer,2001,"233,149 km",Manual,Petrol,1300,Registered (Used),"2026 Jun 02, 10:01 pm",Kurunegala,Rs. 4950000,https://riyasewana.com/buy/mitsubishi-lancer-sale-kurunegala-11728112
Mitsubishi,Lancer,2002,"190,000 km",Automatic,Petrol,1500,Registered (Used),"2026 Jun 10, 12:31 pm",Kurunegala,Rs. 5350000,https://riyasewana.com/buy/mitsubishi-lancer-sale-kurunegala-11766414
Mitsubishi,Lancer,1981,1 km,Manual,Petrol,1400,Registered (Used),"2026 Jun 12, 11:13 am",Kurunegala,Rs. 990000,https://riyasewana.com/buy/mitsubishi-lancer-sale-kurunegala-11775953
Mitsubishi,Lancer,1995,"100,000 km",Manual,Petrol,1500,Registered (Used),"2026 Jun 21, 9:21 am",Kurunegala,Negotiable,https://riyasewana.com/buy/mitsubishi-lancer-sale-kurunegala-11825098
Mitsubishi,Lancer,1998,"180,000 km",Manual,Petrol,1500,Registered (Used),"2026 Jun 21, 12:25 pm",Kurunegala,Rs. 3800000,https://riyasewana.com/buy/mitsubishi-lancer-sale-kurunegala-11826640
Mitsubishi,Lancer,1999,"173,000 km",Automatic,Petrol,1500,Registered (Used),"2026 Jun 28, 10:24 am",Kurunegala,Rs. 4850000,https://riyasewana.com/buy/mitsubishi-lancer-sale-kurunegala-11864274
Mitsubishi,Lancer,1986,"295,000 km",Manual,Petrol,1250,Registered (Used),"2026 Jun 30, 10:14 am",Kurunegala,Rs. 865000,https://riyasewana.com/buy/mitsubishi-lancer-sale-kurunegala-11872385
Mitsubishi,Lancer,2000,"200,000 km",Automatic,Petrol,1500,Registered (Used),"2026 Jul 22, 5:50 pm",Kurunegala,Rs. 4650000,https://riyasewana.com/buy/mitsubishi-lancer-sale-kurunegala-12005578
Mitsubishi,Lancer,1986,0 km,Manual,Petrol,1500,Registered (Used),"2026 Jul 22, 5:58 pm",Kurunegala,Rs. 875000,https://riyasewana.com/buy/mitsubishi-lancer-sale-kurunegala-12005616
Mitsubishi,Lancer,1998,"167,000 km",Manual,Petrol,1500,Registered (Used),"2026 Jul 22, 8:42 pm",Kurunegala,Negotiable,https://riyasewana.com/buy/mitsubishi-lancer-sale-kurunegala-12006335
Mitsubishi,Lancer,1986,"85,000 km",Manual,Petrol,1500,Registered (Used),"2026 Jul 22, 8:48 pm",Kurunegala,Rs. 875000,https://riyasewana.com/buy/mitsubishi-lancer-sale-kurunegala-12006366
Mitsubishi,Lancer,1978,,Manual,Petrol,1400,Registered (Used),"2026 Jul 24, 2:44 pm",Kurunegala,Rs. 1650000,https://riyasewana.com/buy/mitsubishi-lancer-sale-kurunegala-12016397
Mitsubishi,Lancer,1983,1 km,Manual,Petrol,1240,Registered (Used),"2026 Jul 25, 8:46 pm",Kurunegala,Negotiable,https://riyasewana.com/buy/mitsubishi-lancer-sale-kurunegala-12025501
Mitsubishi,Lancer,1980,"230,000 km",Manual,Petrol,1300,Registered (Used),"2026 Jul 28, 9:35 am",Kurunegala,Rs. 590000,https://riyasewana.com/buy/mitsubishi-lancer-sale-kurunegala-12039099
Mitsubishi,Lancer,1982,"11,111 km",Manual,Petrol,1400,Registered (Used),"2026 Jul 31, 9:16 pm",Kurunegala,Rs. 650000,https://riyasewana.com/buy/mitsubishi-lancer-sale-kurunegala-12059670
Mitsubishi,Lancer,1999,"178,000 km",Manual,Petrol,1500,Registered (Used),"2026 Aug 04, 11:14 am",Kurunegala,Rs. 3885000,https://riyasewana.com/buy/mitsubishi-lancer-sale-kurunegala-12080156
Mitsubishi,Lancer,2005,"150,720 km",Automatic,Petrol,1500,Registered (Used),"2026 Aug 04, 2:00 pm",Kurunegala,Negotiable,https://riyasewana.com/buy/mitsubishi-lancer-sale-kurunegala-12081246
Mitsubishi,Lancer,1985,0 km,Manual,Petrol,1500,Registered (Used),"2026 Aug 04, 4:37 pm",Kurunegala,Rs. 1050000,https://riyasewana.com/buy/mitsubishi-lancer-sale-kurunegala-12082002
Mitsubishi,Lancer,1980,"150,000 km",Manual,Petrol,1400,Registered (Used),"2026 Aug 07, 10:45 am",Kurunegala,Rs. 885000,https://riyasewana.com/buy/mitsubishi-lancer-sale-kurunegala-12095572
Mitsubishi,Lancer,1980,"85,000 km",Manual,Petrol,1439,Registered (Used),"2026 Aug 07, 8:52 pm",Kurunegala,Rs. 450000,https://riyasewana.com/buy/mitsubishi-lancer-sale-kurunegala-12100389
Mitsubishi,Lancer,2004,"150,000 km",Manual,Petrol,1300,Registered (Used),"2026 Aug 08, 12:13 am",Kurunegala,Rs. 5950000,https://riyasewana.com/buy/mitsubishi-lancer-sale-kurunegala-12100884
Mitsubishi,Lancer,1985,"25,000 km",Manual,Petrol,1500,Registered (Used),"2026 Aug 09, 7:12 am",Kurunegala,Negotiable,https://riyasewana.com/buy/mitsubishi-lancer-sale-kurunegala-12108033
Mitsubishi,Lancer,1999,"178,000 km",Manual,Petrol,1500,Registered (Used),"2026 Aug 09, 12:32 pm",Kurunegala,Rs. 3850000,https://riyasewana.com/buy/mitsubishi-lancer-sale-kurunegala-12111059
Mitsubishi,Lancer,1997,"165,000 km",Manual,Petrol,1500,Registered (Used),"2026 Aug 09, 12:35 pm",Kurunegala,Rs. 3875000,https://riyasewana.com/buy/mitsubishi-lancer-sale-kurunegala-12111080
Mitsubishi,Lancer,2009,"71,000 km",Manual,Petrol,1500,Registered (Used),"2026 Jun 15, 10:40 pm",Maharagama,Negotiable,https://riyasewana.com/buy/mitsubishi-lancer-sale-maharagama-11796092
Mitsubishi,Lancer,1981,60 km,Manual,Petrol,1400,Registered (Used),"2026 May 14, 11:55 am",Mahiyanganaya,Rs. 500000,https://riyasewana.com/buy/mitsubishi-lancer-sale-mahiyanganaya-11634411
Mitsubishi,Lancer,2013,"3,000 km",Automatic,Petrol,1500,Registered (Used),"2026 Jun 15, 10:56 pm",Malabe,Negotiable,https://riyasewana.com/buy/mitsubishi-lancer-sale-malabe-11796118
Mitsubishi,Lancer,2008,"101,000 km",Automatic,Petrol,1500,Registered (Used),"2026 Jul 30, 8:47 am",Malabe,Negotiable,https://riyasewana.com/buy/mitsubishi-lancer-sale-malabe-12049653
Mitsubishi,Lancer,1984,16 km,Manual,Petrol,14000,Registered (Used),"2026 Jun 15, 2:16 pm",Mannar,Negotiable,https://riyasewana.com/buy/mitsubishi-lancer-sale-mannar-11793965
Mitsubishi,Lancer,1980,200 km,Manual,Petrol,1400,Registered (Used),"2026 May 31, 11:53 am",Marawila,Negotiable,https://riyasewana.com/buy/mitsubishi-lancer-sale-marawila-11717219
Mitsubishi,Lancer,1976,,Manual,Petrol,1400,Registered (Used),"2026 May 25, 10:51 am",Matale,Rs. 1075000,https://riyasewana.com/buy/mitsubishi-lancer-sale-matale-11691924
Mitsubishi,Lancer,1978,,Manual,Petrol,1400,Registered (Used),"2026 Jun 07, 6:18 am",Matale,Negotiable,https://riyasewana.com/buy/mitsubishi-lancer-sale-matale-11748695
Mitsubishi,Lancer,1992,,Manual,Diesel,1800,Registered (Used),"2026 Jul 04, 2:08 pm",Matale,Negotiable,https://riyasewana.com/buy/mitsubishi-lancer-sale-matale-11897083
Mitsubishi,Lancer,1992,,Manual,Diesel,1800,Registered (Used),"2026 Jul 22, 2:11 pm",Matale,Negotiable,https://riyasewana.com/buy/mitsubishi-lancer-sale-matale-12004454
Mitsubishi,Lancer,1984,"12,345 km",Manual,Petrol,1300,Registered (Used),"2026 Jul 05, 2:28 pm",Matara,Negotiable,https://riyasewana.com/buy/mitsubishi-lancer-sale-matara-11903326
Mitsubishi,Lancer,2005,,Manual,Petrol,,Registered (Used),"2026 Jul 15, 7:46 pm",Matara,Rs. 6200000,https://riyasewana.com/buy/mitsubishi-lancer-sale-matara-11963661
Mitsubishi,Lancer,1984,"180,000 km",Manual,Petrol,1400,Registered (Used),"2026 Jul 26, 10:03 am",Matugama,Rs. 575000,https://riyasewana.com/buy/mitsubishi-lancer-sale-matugama-12027997
Mitsubishi,Lancer,1980,"65,000 km",Manual,Petrol,1400,Registered (Used),"2026 May 23, 12:02 pm",Mawanella,Rs. 850000,https://riyasewana.com/buy/mitsubishi-lancer-sale-mawanella-11681790
Mitsubishi,Lancer,1987,,Manual,Petrol,1400,Registered (Used),"2026 Jun 10, 12:40 pm",Mawanella,Rs. 850000,https://riyasewana.com/buy/mitsubishi-lancer-sale-mawanella-11766463
Mitsubishi,Lancer,1978,,Manual,Petrol,1400,Registered (Used),"2026 Jun 18, 7:35 pm",Mawanella,Rs. 850000,https://riyasewana.com/buy/mitsubishi-lancer-sale-mawanella-11811365
Mitsubishi,Lancer,1985,,Manual,Petrol,1499,Registered (Used),"2026 Jun 29, 12:19 pm",Mawanella,Negotiable,https://riyasewana.com/buy/mitsubishi-lancer-sale-mawanella-11869385
Mitsubishi,Lancer,1978,,Manual,Petrol,1400,Registered (Used),"2026 Jul 16, 9:18 pm",Mawanella,Rs. 950000,https://riyasewana.com/buy/mitsubishi-lancer-sale-mawanella-11969665
Mitsubishi,Lancer,1980,0 km,Manual,Petrol,1400,Registered (Used),"2026 Aug 11, 9:26 am",Mawanella,Negotiable,https://riyasewana.com/buy/mitsubishi-lancer-sale-mawanella-12120395
Mitsubishi,Lancer,1984,0 km,Manual,Petrol,1400,Registered (Used),"2026 Jun 08, 4:08 pm",Minuwangoda,Rs. 1475,https://riyasewana.com/buy/mitsubishi-lancer-sale-minuwangoda-11757267
Mitsubishi,Lancer,1985,"185,000 km",Manual,Petrol,1500,Registered (Used),"2026 Aug 11, 4:12 pm",Minuwangoda,Rs. 1050000,https://riyasewana.com/buy/mitsubishi-lancer-sale-minuwangoda-12122987
Mitsubishi,Lancer,1980,"100,000 km",Manual,Petrol,1400,Antique,"2026 Jul 07, 10:40 am",Mirigama,Rs. 600000,https://riyasewana.com/buy/mitsubishi-lancer-sale-mirigama-11912670
Mitsubishi,Lancer,2004,"160,000 km",Automatic,Petrol,1300,Registered (Used),"2026 Jul 25, 12:12 pm",Mirigama,Negotiable,https://riyasewana.com/buy/mitsubishi-lancer-sale-mirigama-12022724
Mitsubishi,Lancer,1985,"123,456 km",Manual,Petrol,1500,Registered (Used),"2026 Aug 01, 2:39 pm",Mirigama,Negotiable,https://riyasewana.com/buy/mitsubishi-lancer-sale-mirigama-12064778
Mitsubishi,Lancer,1980,"155,555 km",Manual,Petrol,,Registered (Used),"2026 Jun 06, 11:35 am",Moneragala,Negotiable,https://riyasewana.com/buy/mitsubishi-lancer-sale-moneragala-11745363
Mitsubishi,Lancer,1992,0 km,Manual,Diesel,1990,Registered (Used),"2026 Jun 16, 1:45 pm",Moneragala,Rs. 24500000,https://riyasewana.com/buy/mitsubishi-lancer-sale-moneragala-11799233
Mitsubishi,Lancer,2002,0 km,Automatic,Petrol,1480,Registered (Used),"2026 Jul 20, 8:53 pm",Moneragala,Rs. 4800000,https://riyasewana.com/buy/mitsubishi-lancer-sale-moneragala-11994703
Mitsubishi,Lancer,1990,"123,000 km",Manual,Petrol,1500,Registered (Used),"2026 Jul 21, 6:56 pm",Nawalapitiya,Negotiable,https://riyasewana.com/buy/mitsubishi-lancer-sale-nawalapitiya-11999871
Mitsubishi,Lancer,1990,"1,111 km",Manual,Petrol,1500,Registered (Used),"2026 Jul 27, 1:45 pm",Nawalapitiya,Negotiable,https://riyasewana.com/buy/mitsubishi-lancer-sale-nawalapitiya-12035165
Mitsubishi,Lancer,1980,"84,000 km",Manual,Petrol,1400,Registered (Used),"2026 Jun 14, 7:31 pm",Negombo,Rs. 950000,https://riyasewana.com/buy/mitsubishi-lancer-sale-negombo-11790294
Mitsubishi,Lancer,1981,"150,000 km",Manual,Petrol,1400,Registered (Used),"2026 Jun 21, 7:13 am",Negombo,Rs. 1225000,https://riyasewana.com/buy/mitsubishi-lancer-sale-negombo-11824072
Mitsubishi,Lancer,1985,1 km,Manual,Petrol,1400,Registered (Used),"2026 Jul 11, 5:07 pm",Negombo,Negotiable,https://riyasewana.com/buy/mitsubishi-lancer-sale-negombo-11939455
Mitsubishi,Lancer,1982,11 km,Manual,Petrol,1400,Registered (Used),"2026 Jul 25, 11:46 am",Negombo,Negotiable,https://riyasewana.com/buy/mitsubishi-lancer-sale-negombo-12022487
Mitsubishi,Lancer,1980,1 km,Manual,Petrol,1400,Registered (Used),"2026 Aug 08, 1:56 pm",Negombo,Rs. 1150000,https://riyasewana.com/buy/mitsubishi-lancer-sale-negombo-12105192
Mitsubishi,Lancer,1980,,Manual,Petrol,1400,Registered (Used),"2026 May 17, 2:10 pm",Nittambuwa,Rs. 510000,https://riyasewana.com/buy/mitsubishi-lancer-sale-nittambuwa-11651965
Mitsubishi,Lancer,1983,11 km,Manual,Petrol,1400,Registered (Used),"2026 May 19, 9:11 pm 264",Nittambuwa,Rs. 1250000,https://riyasewana.com/buy/mitsubishi-lancer-sale-nittambuwa-11663567
Mitsubishi,Lancer,1983,1 km,Manual,Petrol,1,Registered (Used),"2026 Jun 06, 1:59 pm",Nittambuwa,Rs. 1150,https://riyasewana.com/buy/mitsubishi-lancer-sale-nittambuwa-11746243
Mitsubishi,Lancer,1995,"11,111 km",Manual,Petrol,1300,Registered (Used),"2026 Jul 18, 8:12 pm",Nittambuwa,Rs. 3000000,https://riyasewana.com/buy/mitsubishi-lancer-sale-nittambuwa-11982853
Mitsubishi,Lancer,1988,,Manual,Petrol,1300,Registered (Used),"2026 Aug 07, 7:49 pm",Nittambuwa,Negotiable,https://riyasewana.com/buy/mitsubishi-lancer-sale-nittambuwa-12100030
Mitsubishi,Lancer,2008,"108,600 km",Manual,Petrol,1600,Registered (Used),"2026 May 23, 6:33 pm",Nugegoda,Rs. 6600000,https://riyasewana.com/buy/mitsubishi-lancer-sale-nugegoda-11683872
Mitsubishi,Lancer,1998,"123,000 km",Manual,Petrol,1500,Registered (Used),"2026 Aug 10, 2:03 pm",Nugegoda,Rs. 4500000,https://riyasewana.com/buy/mitsubishi-lancer-sale-nugegoda-12116880
Mitsubishi,Lancer,1984,"200,000 km",Manual,Petrol,1400,Registered (Used),"2026 Jul 03, 10:13 pm",Padukka,Negotiable,https://riyasewana.com/buy/mitsubishi-lancer-sale-padukka-11892716
Mitsubishi,Lancer,1980,"44,500 km",Manual,Petrol,1400,Registered (Used),"2026 Aug 01, 9:09 pm",Padukka,Rs. 1111,https://riyasewana.com/buy/mitsubishi-lancer-sale-padukka-12066605
Mitsubishi,Lancer,1991,"210,000 km",Manual,Diesel,1500,Registered (Used),"2026 Jun 14, 8:25 pm",Panadura,Rs. 1550000,https://riyasewana.com/buy/mitsubishi-lancer-sale-panadura-11790496
Mitsubishi,Lancer,2013,"65,789 km",Automatic,Petrol,2000,Registered (Used),"2026 Jul 05, 8:50 pm",Panadura,Negotiable,https://riyasewana.com/buy/mitsubishi-lancer-sale-panadura-11904923
Mitsubishi,Lancer,1980,1 km,Manual,Petrol,1400,Registered (Used),"2026 Jul 09, 2:23 pm",Panadura,Negotiable,https://riyasewana.com/buy/mitsubishi-lancer-sale-panadura-11925583
Mitsubishi,Lancer,2005,"149,000 km",Manual,Petrol,,Registered (Used),"2026 Jul 26, 8:52 am",Panadura,Negotiable,https://riyasewana.com/buy/mitsubishi-lancer-sale-panadura-12027259
Mitsubishi,Lancer,2012,"200,000 km",Automatic,Petrol,,Registered (Used),"2026 Aug 08, 9:38 pm",Panadura,Negotiable,https://riyasewana.com/buy/mitsubishi-lancer-sale-panadura-12107426
Mitsubishi,Lancer,2002,"201,800 km",Manual,Petrol,1300,Registered (Used),"2026 Jul 01, 10:02 am",Pannala,Rs. 5100000,https://riyasewana.com/buy/mitsubishi-lancer-sale-pannala-11877445
Mitsubishi,Lancer,1979,,Manual,Petrol,1400,Registered (Used),"2026 Jul 23, 8:40 am 389",Pannipitiya,Rs. 1100000,https://riyasewana.com/buy/mitsubishi-lancer-sale-pannipitiya-12007919
Mitsubishi,Lancer,1984,,Manual,Petrol,1500,Registered (Used),"2026 May 16, 8:43 pm",Piliyandala,Rs. 975000,https://riyasewana.com/buy/mitsubishi-lancer-sale-piliyandala-11648167
Mitsubishi,Lancer,2009,,Manual,Petrol,1500,Registered (Used),"2026 Jul 08, 11:54 am",Piliyandala,Negotiable,https://riyasewana.com/buy/mitsubishi-lancer-sale-piliyandala-11919117
Mitsubishi,Lancer,1984,"134,669 km",Manual,Petrol,,Registered (Used),"2026 Jul 19, 3:45 pm",Piliyandala,Negotiable,https://riyasewana.com/buy/mitsubishi-lancer-sale-piliyandala-11987826
Mitsubishi,Lancer,1985,"199,028 km",Manual,Petrol,1300,Registered (Used),"2026 Jun 19, 10:43 am",Polonnaruwa,Rs. 890000,https://riyasewana.com/buy/mitsubishi-lancer-sale-polonnaruwa-11813616
Mitsubishi,Lancer,1986,,Manual,Petrol,1400,Registered (Used),"2026 Jul 15, 10:31 am",Polonnaruwa,Rs. 760000,https://riyasewana.com/buy/mitsubishi-lancer-sale-polonnaruwa-11960580
Mitsubishi,Lancer,1999,"250,000 km",Manual,Petrol,1300,Registered (Used),"2026 Jun 06, 3:56 pm",Ragama,Rs. 3675000,https://riyasewana.com/buy/mitsubishi-lancer-sale-ragama-11746859
Mitsubishi,Lancer,1987,"200,000 km",Manual,Petrol,1500,Registered (Used),"2026 Aug 01, 3:21 pm",Ragama,Negotiable,https://riyasewana.com/buy/mitsubishi-lancer-sale-ragama-12064677
Mitsubishi,Lancer,1982,"35,000 km",Manual,Petrol,1400,Registered (Used),"2026 May 19, 8:23 pm 423",Ratnapura,Rs. 1250000,https://riyasewana.com/buy/mitsubishi-lancer-sale-ratnapura-11663409
Mitsubishi,Lancer,1985,"1,234 km",Manual,Petrol,1400,Registered (Used),"2026 Jul 19, 7:58 am",Ratnapura,Rs. 390000,https://riyasewana.com/buy/mitsubishi-lancer-sale-ratnapura-11984266
Mitsubishi,Lancer,2000,1 km,Automatic,Petrol,1500,Registered (Used),"2026 Jul 24, 10:32 am",Ratnapura,Rs. 5800000,https://riyasewana.com/buy/mitsubishi-lancer-sale-ratnapura-12006970
Mitsubishi,Lancer,2007,"164,000 km",Manual,Petrol,1300,Registered (Used),"2026 Jul 29, 11:04 am",Ratnapura,Rs. 6975000,https://riyasewana.com/buy/mitsubishi-lancer-sale-ratnapura-12045711
Mitsubishi,Lancer,1980,"256,438 km",Manual,Petrol,1400,Registered (Used),"2026 Jul 31, 3:51 pm",Ratnapura,Rs. 1250000,https://riyasewana.com/buy/mitsubishi-lancer-sale-ratnapura-12057898
Mitsubishi,Lancer,2006,"138,000 km",Manual,Petrol,1300,Registered (Used),"2026 Aug 04, 5:20 pm",Ruwanwella,Rs. 5950000,https://riyasewana.com/buy/mitsubishi-lancer-sale-ruwanwella-12082200
Mitsubishi,Lancer,1981,"123,456 km",Manual,Petrol,1400,Registered (Used),"2026 May 17, 5:49 pm",Tangalle,Rs. 650000,https://riyasewana.com/buy/mitsubishi-lancer-sale-tangalle-11653036
Mitsubishi,Lancer,1987,1 km,Manual,Petrol,1300,Registered (Used),"2026 Jul 19, 8:49 pm 435",Tangalle,Rs. 750000,https://riyasewana.com/buy/mitsubishi-lancer-sale-tangalle-11989054
Mitsubishi,Lancer,1986,,Manual,Petrol,1400,Registered (Used),"2026 Jul 14, 3:28 pm",Veyangoda,Rs. 675000,https://riyasewana.com/buy/mitsubishi-lancer-sale-veyangoda-11956648
Mitsubishi,Lancer,1986,,Manual,Petrol,1400,Registered (Used),"2026 Jul 18, 12:40 pm",Veyangoda,Rs. 675000,https://riyasewana.com/buy/mitsubishi-lancer-sale-veyangoda-11980397
Mitsubishi,Lancer,1986,,Manual,Petrol,1499,Registered (Used),"2026 Jul 26, 9:11 am",Veyangoda,Rs. 675000,https://riyasewana.com/buy/mitsubishi-lancer-sale-veyangoda-12027445
Mitsubishi,Lancer,1999,"88,688 km",Manual,Petrol,1000,Registered (Used),"2026 May 24, 7:46 pm",Warakapola,Rs. 275000,https://riyasewana.com/buy/mitsubishi-lancer-sale-warakapola-11689576
Mitsubishi,Lancer,2004,"160,000 km",Automatic,Petrol,1300,Registered (Used),"2026 Jun 16, 9:48 am",Warakapola,Rs. 5700000,https://riyasewana.com/buy/mitsubishi-lancer-sale-warakapola-11797707
Mitsubishi,Lancer,1989,"98,668 km",Manual,Petrol,1500,Registered (Used),"2026 Jun 19, 10:50 pm",Warakapola,Negotiable,https://riyasewana.com/buy/mitsubishi-lancer-sale-warakapola-11817419
Mitsubishi,Lancer,1997,1 km,Manual,Petrol,1460,Registered (Used),"2026 May 28, 9:45 am",Wattala,Negotiable,https://riyasewana.com/buy/mitsubishi-lancer-sale-wattala-11705942
Mitsubishi,Lancer,2006,"195,000 km",Manual,Petrol,1300,Registered (Used),"2026 Aug 07, 1:27 pm",Wattala,Rs. 6400000,https://riyasewana.com/buy/mitsubishi-lancer-sale-wattala-12097941
Mitsubishi,Lancer,1976,,Manual,Petrol,1200,Registered (Used),"2026 Jun 06, 1:20 pm",Wennappuwa,Rs. 775000,https://riyasewana.com/buy/mitsubishi-lancer-sale-wennappuwa-11746033
Mitsubishi,Lancer Station Wagon,1977,,Manual,Petrol,1450,Registered (Used),"2026 Jul 04, 9:36 pm",Battaramulla,Rs. 525000,https://riyasewana.com/buy/mitsubishi-lancer-station-sale-battaramulla-11899214
Mitsubishi,Lancer Tube Light,1980,"63,256 km",Manual,Petrol,1400,Registered (Used),"2026 Jul 21, 11:56 am",Mirigama,Rs. 795000,https://riyasewana.com/buy/mitsubishi-lancer-tube-sale-mirigama-11997845
Mitsubishi,LANCER TUBE Light,1978,0 km,Manual,Petrol,,Registered (Used),"2026 Aug 11, 9:22 am",Nittambuwa,Negotiable,https://riyasewana.com/buy/mitsubishi-lancer-tube-sale-nittambuwa-12120369
Mitsubishi,Lancer Wagon,1984,,Manual,Petrol,1400,Registered (Used),"2026 May 17, 5:45 pm",Ampara,Rs. 725000,https://riyasewana.com/buy/mitsubishi-lancer-wagon-sale-ampara-11653014
Mitsubishi,Lancer Wagon,1982,"60,000 km",Manual,Petrol,1400,Registered (Used),"2026 Aug 09, 7:35 pm",Bandarawela,Rs. 540000,https://riyasewana.com/buy/mitsubishi-lancer-wagon-sale-bandarawela-12113043
Mitsubishi,Lancer Wagon,1984,"272,000 km",Manual,Petrol,1400,Registered (Used),"2026 Aug 04, 12:20 pm",Battaramulla,Rs. 875000,https://riyasewana.com/buy/mitsubishi-lancer-wagon-sale-battaramulla-12080647
Mitsubishi,Lancer Wagon,1989,"165,807 km",Manual,Petrol,1300,Registered (Used),"2026 May 18, 5:37 pm",Colombo,Rs. 1350000,https://riyasewana.com/buy/mitsubishi-lancer-wagon-sale-colombo-11657739
Mitsubishi,Lancer Wagon EL,1981,0 km,Manual,Petrol,1200,Registered (Used),"2026 Jun 09, 9:34 am",Colombo,Rs. 610000,https://riyasewana.com/buy/mitsubishi-lancer-wagon-sale-colombo-11760038
Mitsubishi,Lancer Wagon,1977,,Manual,Petrol,,Registered (Used),"2026 Jul 12, 10:56 am",Colombo,Rs. 495000,https://riyasewana.com/buy/mitsubishi-lancer-wagon-sale-colombo-11943353
Mitsubishi,Lancer Wagon,1979,"1,234 km",Manual,Petrol,1400,Registered (Used),"2026 Jul 29, 11:37 am",Colombo,Rs. 775000,https://riyasewana.com/buy/mitsubishi-lancer-wagon-sale-colombo-12045986
Mitsubishi,Lancer Wagon,1980,"10,000 km",Manual,Petrol,1200,Registered (Used),"2026 Aug 06, 3:12 pm",Colombo,Rs. 475000,https://riyasewana.com/buy/mitsubishi-lancer-wagon-sale-colombo-12092957
Mitsubishi,Lancer Wagon,1984,,Manual,Petrol,1200,Registered (Used),"2026 Jul 07, 4:19 pm",Dankotuwa,Negotiable,https://riyasewana.com/buy/mitsubishi-lancer-wagon-sale-dankotuwa-11914655
Mitsubishi,Lancer Wagon,1983,1 km,Manual,Petrol,1200,Registered (Used),"2026 Jul 19, 9:24 am",Embilipitiya,Negotiable,https://riyasewana.com/buy/mitsubishi-lancer-wagon-sale-embilipitiya-11985102
Mitsubishi,Lancer Wagon,1984,"245,897 km",Manual,Petrol,1400,Registered (Used),"2026 Aug 08, 7:49 am",Gampaha,Rs. 570000,https://riyasewana.com/buy/mitsubishi-lancer-wagon-sale-gampaha-12101676
Mitsubishi,Lancer Wagon,1981,"54,352 km",Manual,Petrol,,Registered (Used),"2026 Aug 08, 11:28 pm",Gampaha,Negotiable,https://riyasewana.com/buy/mitsubishi-lancer-wagon-sale-gampaha-12107666
Mitsubishi,Lancer Wagon,1981,"123,456 km",Manual,Petrol,1400,Registered (Used),"2026 Aug 09, 7:54 am",Gampaha,Rs. 890000,https://riyasewana.com/buy/mitsubishi-lancer-wagon-sale-gampaha-12108319
Mitsubishi,Lancer Wagon,1984,"1,000 km",Manual,Petrol,1000,Registered (Used),"2026 Aug 11, 11:53 am",Gampaha,Rs. 525000,https://riyasewana.com/buy/mitsubishi-lancer-wagon-sale-gampaha-12121582
Mitsubishi,Lancer Wagon,1980,1 km,Manual,Petrol,,Registered (Used),"2026 Aug 07, 10:30 am",Gampola,Rs. 630000,https://riyasewana.com/buy/mitsubishi-lancer-wagon-sale-gampola-12096725
Mitsubishi,Lancer Wagon,1981,"200,000 km",Manual,Petrol,1290,Registered (Used),"2026 Jul 29, 9:54 am",Haputale,Negotiable,https://riyasewana.com/buy/mitsubishi-lancer-wagon-sale-haputale-12045056
Mitsubishi,Lancer Wagon,1981,"200,000 km",Manual,Petrol,1290,Registered (Used),"2026 Aug 10, 10:04 am",Haputale,Negotiable,https://riyasewana.com/buy/mitsubishi-lancer-wagon-sale-haputale-12115285
Mitsubishi,Lancer Wagon,1983,"100,000 km",Manual,Petrol,1400,Registered (Used),"2026 May 28, 7:13 pm",Horana,Negotiable,https://riyasewana.com/buy/mitsubishi-lancer-wagon-sale-horana-11708368
Mitsubishi,Lancer Wagon,1977,0 km,Manual,Petrol,1400,Registered (Used),"2026 Jul 20, 6:27 pm",Horana,Rs. 650000,https://riyasewana.com/buy/mitsubishi-lancer-wagon-sale-horana-11993998
Mitsubishi,LANCER WAGON,1983,"100,000 km",Manual,Petrol,1400,Registered (Used),"2026 Aug 05, 8:22 am",Kadawatha,Negotiable,https://riyasewana.com/buy/mitsubishi-lancer-wagon-sale-kadawatha-12084436
Mitsubishi,LANCER WAGON,1984,"100,000 km",Manual,Petrol,1200,Registered (Used),"2026 Aug 10, 10:36 pm",Kadawatha,Rs. 690000,https://riyasewana.com/buy/mitsubishi-lancer-wagon-sale-kadawatha-12118891
Mitsubishi,Lancer Wagon,1983,"111,111 km",Manual,Petrol,1400,Registered (Used),"2026 Aug 08, 4:09 pm",Kaduwela,Rs. 520000,https://riyasewana.com/buy/mitsubishi-lancer-wagon-sale-kaduwela-12105910
Mitsubishi,Lancer Wagon,1981,,Manual,Petrol,1400,Registered (Used),"2026 Jul 10, 4:04 pm",Kalutara,Negotiable,https://riyasewana.com/buy/mitsubishi-lancer-wagon-sale-kalutara-11931994
Mitsubishi,Lancer Wagon,1981,111 km,Manual,Petrol,,Registered (Used),"2026 Aug 06, 11:08 am",Kalutara,Negotiable,https://riyasewana.com/buy/mitsubishi-lancer-wagon-sale-kalutara-12088414
Mitsubishi,Lancer Wagon,1980,"12,345 km",Manual,Petrol,1400,Registered (Used),"2026 Jun 10, 4:12 pm 785",Kandy,Negotiable,https://riyasewana.com/buy/mitsubishi-lancer-wagon-sale-kandy-11767378
Mitsubishi,Lancer Wagon,1990,"100,000 km",Manual,Petrol,,Registered (Used),"2026 Jun 22, 4:57 pm",Kandy,Rs. 1225000,https://riyasewana.com/buy/mitsubishi-lancer-wagon-sale-kandy-11833199
Mitsubishi,Lancer Wagon,1980,5 km,Manual,Petrol,1400,Registered (Used),"2026 Jun 24, 9:58 am",Kandy,Rs. 700000,https://riyasewana.com/buy/mitsubishi-lancer-wagon-sale-kandy-11841593
Mitsubishi,Lancer Wagon El,1986,"150,000 km",Manual,Petrol,1200,Registered (Used),"2026 Jul 04, 5:59 am",Kandy,Rs. 695000,https://riyasewana.com/buy/mitsubishi-lancer-wagon-sale-kandy-11893118
Mitsubishi,Lancer Wagon,1982,"123,000 km",Manual,Petrol,1400,Registered (Used),"2026 Aug 02, 5:44 am",Kandy,Negotiable,https://riyasewana.com/buy/mitsubishi-lancer-wagon-sale-kandy-12067094
Mitsubishi,Lancer Wagon,1978,,Manual,Petrol,1400,Registered (Used),"2026 Aug 09, 3:50 pm",Kandy,Rs. 650000,https://riyasewana.com/buy/mitsubishi-lancer-wagon-sale-kandy-12112100
Mitsubishi,Lancer WAGON,1984,"100,000 km",Manual,Petrol,1350,Registered (Used),"2026 Jul 04, 11:01 am",Kegalle,Negotiable,https://riyasewana.com/buy/mitsubishi-lancer-wagon-sale-kegalle-11895717
Mitsubishi,Lancer Wagon,1978,,Manual,Petrol,1500,Registered (Used),"2026 Jul 05, 11:20 pm",Kegalle,Negotiable,https://riyasewana.com/buy/mitsubishi-lancer-wagon-sale-kegalle-11905254
Mitsubishi,Lancer Wagon,1977,0 km,Manual,Petrol,1500,Registered (Used),"2026 Aug 01, 1:27 pm",Kegalle,Negotiable,https://riyasewana.com/buy/mitsubishi-lancer-wagon-sale-kegalle-12064359
Mitsubishi,Lancer Wagon,1987,"165,000 km",Manual,Petrol,1400,Registered (Used),"2026 Aug 05, 6:15 pm",Kegalle,Rs. 750000,https://riyasewana.com/buy/mitsubishi-lancer-wagon-sale-kegalle-12087607
Mitsubishi,Lancer Wagon,1979,"183,000 km",Manual,Petrol,1400,Registered (Used),"2026 Aug 07, 5:19 pm",Kesbewa,Rs. 735000,https://riyasewana.com/buy/mitsubishi-lancer-wagon-sale-kesbewa-12099210
Mitsubishi,Lancer Wagon,1983,"48,000 km",Manual,Petrol,1400,Registered (Used),"2026 Aug 04, 2:50 pm",Kiribathgoda,Rs. 625000,https://riyasewana.com/buy/mitsubishi-lancer-wagon-sale-kiribathgoda-12081467
Mitsubishi,LANCER WAGON GL,1980,"14,684 km",Manual,Petrol,1400,Registered (Used),"2026 May 22, 8:40 am",Kottawa,Rs. 650000,https://riyasewana.com/buy/mitsubishi-lancer-wagon-sale-kottawa-11674648
Mitsubishi,LANCER WAGON GL,1980,"93,751 km",Manual,Petrol,1400,Registered (Used),"2026 Jul 29, 9:03 am",Kottawa,Negotiable,https://riyasewana.com/buy/mitsubishi-lancer-wagon-sale-kottawa-12044576
Mitsubishi,Lancer Wagon,1983,123 km,Manual,Petrol,1400,Registered (Used),"2026 Jul 01, 8:00 pm",Kuliyapitiya,Negotiable,https://riyasewana.com/buy/mitsubishi-lancer-wagon-sale-kuliyapitiya-11880612
Mitsubishi,Lancer Wagon,1984,"69,000 km",Manual,Petrol,1400,Registered (Used),"2026 Jul 22, 12:59 pm",Kuliyapitiya,Negotiable,https://riyasewana.com/buy/mitsubishi-lancer-wagon-sale-kuliyapitiya-12004071
Mitsubishi,Lancer Wagon,1981,,Manual,Petrol,1400,Registered (Used),"2026 Jul 22, 1:34 pm",Kuliyapitiya,Rs. 1150000,https://riyasewana.com/buy/mitsubishi-lancer-wagon-sale-kuliyapitiya-12004282
Mitsubishi,Lancer Wagon,1982,"250,000 km",Manual,Petrol,1400,Registered (Used),"2026 Jul 23, 7:28 pm",Kuliyapitiya,Negotiable,https://riyasewana.com/buy/mitsubishi-lancer-wagon-sale-kuliyapitiya-12011963
Mitsubishi,Lancer Wagon,1982,"196,000 km",Manual,Petrol,1200,Registered (Used),"2026 Aug 08, 6:59 am",Kuliyapitiya,Negotiable,https://riyasewana.com/buy/mitsubishi-lancer-wagon-sale-kuliyapitiya-12101270
Mitsubishi,Lancer Wagon EL,1979,,Manual,Petrol,1400,Registered (Used),"2026 Jun 22, 6:59 am",Kurunegala,Rs. 840000,https://riyasewana.com/buy/mitsubishi-lancer-wagon-sale-kurunegala-11829646
Mitsubishi,Lancer Wagon,1980,1 km,Manual,Petrol,,Registered (Used),"2026 Jul 06, 9:02 am",Kurunegala,Rs. 560000,https://riyasewana.com/buy/mitsubishi-lancer-wagon-sale-kurunegala-11906360
Mitsubishi,Lancer Wagon,1979,"123,211 km",Manual,Petrol,1400,Registered (Used),"2026 Aug 05, 9:29 pm",Kurunegala,Rs. 750000,https://riyasewana.com/buy/mitsubishi-lancer-wagon-sale-kurunegala-12088933
Mitsubishi,Lancer Wagon,1984,1 km,Manual,Petrol,1200,Registered (Used),"2026 Aug 09, 10:06 am",Kurunegala,Rs. 650000,https://riyasewana.com/buy/mitsubishi-lancer-wagon-sale-kurunegala-12109703
Mitsubishi,Lancer Wagon,1980,"254,322 km",Manual,Petrol,1400,Registered (Used),"2026 Aug 10, 10:17 pm",Kurunegala,Rs. 800000,https://riyasewana.com/buy/mitsubishi-lancer-wagon-sale-kurunegala-12118843
Mitsubishi,Lancer Wagon,1980,1 km,Manual,Petrol,1400,Registered (Used),"2026 Jul 29, 10:20 am 149",Mahiyanganaya,Negotiable,https://riyasewana.com/buy/mitsubishi-lancer-wagon-sale-mahiyanganaya-12045314
Mitsubishi,Lancer Wagon,1982,,Manual,Petrol,1400,Registered (Used),"2026 Aug 02, 3:29 pm",Malabe,Negotiable,https://riyasewana.com/buy/mitsubishi-lancer-wagon-sale-malabe-12071127
Mitsubishi,Lancer Wagon,1979,"71,000 km",Manual,Petrol,14000,Registered (Used),"2026 Jul 13, 11:59 am",Marawila,Negotiable,https://riyasewana.com/buy/mitsubishi-lancer-wagon-sale-marawila-11949446
Mitsubishi,Lancer Wagon,1980,"256,290 km",Manual,Petrol,1400,Registered (Used),"2026 Jun 02, 11:00 am",Mirigama,Rs. 490000,https://riyasewana.com/buy/mitsubishi-lancer-wagon-sale-mirigama-11725333
Mitsubishi,Lancer Wagon,1983,"111,111 km",Manual,Petrol,1400,Registered (Used),"2026 Jul 24, 2:30 pm",Mirigama,Negotiable,https://riyasewana.com/buy/mitsubishi-lancer-wagon-sale-mirigama-12016310
Mitsubishi,Lancer Wagon,1980,"152,388 km",Manual,Petrol,1400,Registered (Used),"2026 Aug 08, 6:55 am",Mirigama,Rs. 375000,https://riyasewana.com/buy/mitsubishi-lancer-wagon-sale-mirigama-12101240
Mitsubishi,Lancer Wagon,1981,"150,000 km",Manual,Petrol,1400,Registered (Used),"2026 Jun 15, 7:59 am",Negombo,Rs. 1200000,https://riyasewana.com/buy/mitsubishi-lancer-wagon-sale-negombo-11791566
Mitsubishi,Lancer Wagon,1978,,Manual,Petrol,1400,Registered (Used),"2026 Jul 01, 9:22 am",Negombo,Rs. 1200000,https://riyasewana.com/buy/mitsubishi-lancer-wagon-sale-negombo-11877083
Mitsubishi,Lancer Wagon GL,1977,,Manual,Petrol,1400,Registered (Used),"2026 Jul 04, 10:32 am",Nittambuwa,Negotiable,https://riyasewana.com/buy/mitsubishi-lancer-wagon-sale-nittambuwa-11895405
Mitsubishi,Lancer Wagon,1983,,Manual,Petrol,1289,Registered (Used),"2026 Jun 04, 3:25 pm",Ratnapura,Rs. 530000,https://riyasewana.com/buy/mitsubishi-lancer-wagon-sale-ratnapura-11736341
Mitsubishi,Lancer Wagon,1982,,Manual,Petrol,1400,Registered (Used),"2026 Jul 26, 10:04 pm",Ratnapura,Rs. 780000,https://riyasewana.com/buy/mitsubishi-lancer-wagon-sale-ratnapura-12031766
Mitsubishi,Lancer Wagon,1979,"79,930 km",Manual,Petrol,1400,Antique,"2026 Jul 24, 4:58 am",Tangalle,Rs. 675000,https://riyasewana.com/buy/mitsubishi-lancer-wagon-sale-tangalle-12012837
Mitsubishi,Lancer Wagon,1980,"111,111 km",Manual,Petrol,1400,Registered (Used),"2026 Aug 01, 8:33 am",Warakapola,Rs. 580000,https://riyasewana.com/buy/mitsubishi-lancer-wagon-sale-warakapola-12061323
Mitsubishi,Lancer Wagon,1995,10 km,Manual,Petrol,1400,Registered (Used),"2026 May 21, 8:37 am",Wennappuwa,Negotiable,https://riyasewana.com/buy/mitsubishi-lancer-wagon-sale-wennappuwa-11669928
Mitsubishi,LIBERO,2001,"185,000 km",Automatic,Diesel,1990,Registered (Used),"2026 Jul 14, 12:32 pm",Badulla,Negotiable,https://riyasewana.com/buy/mitsubishi-libero-sale-badulla-11955704
Mitsubishi,Libero,1999,"300,000 km",Manual,Diesel,1999,Registered (Used),"2026 Aug 01, 12:17 pm",Divulapitiya,Rs. 2400000,https://riyasewana.com/buy/mitsubishi-libero-sale-divulapitiya-12063837
Mitsubishi,Libero,2000,1 km,Automatic,Petrol,1500,Registered (Used),"2026 Jul 31, 7:42 am",Horana,Rs. 2475000,https://riyasewana.com/buy/mitsubishi-libero-sale-horana-12054748
Mitsubishi,Libero,2001,"1,111 km",Manual,Petrol,1400,Registered (Used),"2026 Aug 11, 1:29 am",Kottawa,Rs. 1275,https://riyasewana.com/buy/mitsubishi-libero-sale-kottawa-12119049
Mitsubishi,Libero,1996,"270,000 km",Manual,Petrol,1500,Registered (Used),"2026 Jun 17, 8:13 pm",Ragama,Rs. 1975000,https://riyasewana.com/buy/mitsubishi-libero-sale-ragama-11806287
Mitsubishi,Libero Wagon,1996,"20,000 km",Manual,Diesel,1990,Registered (Used),"2026 Jul 25, 12:45 pm",Kegalle,Rs. 2650000,https://riyasewana.com/buy/mitsubishi-libero-wagon-sale-kegalle-12022982
Mitsubishi,Magna,2005,2 km,Automatic,Petrol,6,Registered (Used),"2026 Jun 05, 8:04 pm",Ratnapura,Rs. 4750000,https://riyasewana.com/buy/mitsubishi-magna-sale-ratnapura-11742133
Mitsubishi,Minica,2004,1 km,Automatic,Petrol,650,Registered (Used),"2026 Aug 07, 10:45 am",Galle,Rs. 3275000,https://riyasewana.com/buy/mitsubishi-minica-sale-galle-12096881
Mitsubishi,Minica,2003,"91,500 km",Automatic,Petrol,660,Registered (Used),"2026 Aug 07, 3:56 pm",Moratuwa,Rs. 3350000,https://riyasewana.com/buy/mitsubishi-minica-sale-moratuwa-12098779
Mitsubishi,Minica,1985,"100,000 km",Manual,Petrol,550,Antique,"2026 Jul 27, 1:52 pm",Negombo,Rs. 675000,https://riyasewana.com/buy/mitsubishi-minica-sale-negombo-12035210
Mitsubishi,Minica,2002,"280,000 km",Automatic,Petrol,660,Registered (Used),"2026 Jul 25, 10:07 am",Panadura,Rs. 2500000,https://riyasewana.com/buy/mitsubishi-minica-sale-panadura-12021455
Mitsubishi,Mirage,2000,"210,000 km",Automatic,Petrol,1300,Registered (Used),"2026 Jun 23, 9:11 pm",Anuradapura,Rs. 42000000,https://riyasewana.com/buy/mitsubishi-mirage-sale-anuradapura-11839680
Mitsubishi,Mirage,2013,"142,000 km",Automatic,Petrol,1200,Registered (Used),"2026 Aug 01, 8:28 am",Anuradapura,Negotiable,https://riyasewana.com/buy/mitsubishi-mirage-sale-anuradapura-12061263
Mitsubishi,Mirage,1999,230 km,Automatic,Petrol,1500,Registered (Used),"2026 Jul 30, 9:57 am",Gampaha,Rs. 3500000,https://riyasewana.com/buy/mitsubishi-mirage-sale-gampaha-12050223
Mitsubishi,MIRAGE,2001,"125,200 km",Manual,Petrol,146900,Registered (Used),"2026 Aug 08, 2:30 pm",Homagama,Rs. 3385000,https://riyasewana.com/buy/mitsubishi-mirage-sale-homagama-12105393
Mitsubishi,Mirage,2014,"165,000 km",Manual,Petrol,1200,Registered (Used),"2026 Jul 12, 6:27 pm",Koggala,Rs. 5750000,https://riyasewana.com/buy/mitsubishi-mirage-sale-koggala-11945849
Mitsubishi,Mirage,2013,"125,000 km",Automatic,Petrol,1000,Registered (Used),"2026 Jul 12, 11:16 am",Kotikawatta,Rs. 5150000,https://riyasewana.com/buy/mitsubishi-mirage-sale-kotikawatta-11943562
Mitsubishi,Mirage,2013,"102,000 km",Automatic,Petrol,1200,Registered (Used),"2026 Jun 02, 5:34 pm",Malabe,Negotiable,https://riyasewana.com/buy/mitsubishi-mirage-sale-malabe-11727174
Mitsubishi,Mirage,2013,"120,000 km",Automatic,Petrol,1200,Registered (Used),"2026 Aug 08, 7:26 am",Malabe,Rs. 5125000,https://riyasewana.com/buy/mitsubishi-mirage-sale-malabe-12101447
Mitsubishi,Mirage,2014,"86,500 km",Automatic,Petrol,1000,Registered (Used),"2026 May 28, 9:16 am",Matale,Rs. 5750000,https://riyasewana.com/buy/mitsubishi-mirage-sale-matale-11705711
Mitsubishi,Mirage,2013,"152,000 km",Automatic,Petrol,1200,Registered (Used),"2026 May 20, 2:54 pm",Piliyandala,Rs. 5200000,https://riyasewana.com/buy/mitsubishi-mirage-sale-piliyandala-11667096
Mitsubishi,Mirage Tag Celerio,2012,,Automatic,Petrol,1200,Registered (Used),"2026 Aug 05, 10:58 pm",Colombo,Rs. 4795000,https://riyasewana.com/buy/mitsubishi-mirage-tag-sale-colombo-12089156
Mitsubishi,Mitsubishi,1986,"100,000 km",Manual,Petrol,1400,Registered (Used),"2026 Aug 06, 11:40 am",Kandy,Rs. 700000,https://riyasewana.com/buy/mitsubishi-mitsubishi-sale-kandy-12091421
Mitsubishi,Mitsubishi,2003,1 km,Automatic,Petrol,1600,Registered (Used),"2026 Jun 06, 7:08 pm",Katunayake,Rs. 4400000,https://riyasewana.com/buy/mitsubishi-mitsubishi-sale-katunayake-11747721
Mitsubishi,Mitsubishi,1983,"6,524 km",Manual,Petrol,1500,Registered (Used),"2026 Jun 02, 6:51 am",Kurunegala,Rs. 580000,https://riyasewana.com/buy/mitsubishi-mitsubishi-sale-kurunegala-11723854
Mitsubishi,Mitsubishi,1995,"155,551 km",Manual,Diesel,1990,Registered (Used),"2026 Jun 13, 2:10 pm",Moneragala,Rs. 2400000,https://riyasewana.com/buy/mitsubishi-mitsubishi-sale-moneragala-11783160
Mitsubishi,Mitsubishi,1992,"111,111 km",Manual,Diesel,2300,Registered (Used),"2026 Jun 22, 2:28 pm",Moneragala,Rs. 2390000,https://riyasewana.com/buy/mitsubishi-mitsubishi-sale-moneragala-11832510
Mitsubishi,Mitsubishi,1985,"84,451 km",Manual,Petrol,600,Registered (Used),"2026 Jul 18, 1:15 pm",Negombo,Rs. 750000,https://riyasewana.com/buy/mitsubishi-mitsubishi-sale-negombo-11980684
Mitsubishi,Mitsubishi,2000,"1,700 km",Manual,Diesel,2000,Registered (Used),"2026 Jul 13, 3:46 pm",Nuwara-Eliya,Rs. 3800000,https://riyasewana.com/buy/mitsubishi-mitsubishi-sale-nuwara-eliya-11950765
Mitsubishi,MMC WAGON,1986,"100,000 km",Manual,Petrol,1350,Registered (Used),"2026 Aug 05, 1:35 pm",Polonnaruwa,Rs. 910000,https://riyasewana.com/buy/mitsubishi-mmc-wagon-sale-polonnaruwa-12086794
Mitsubishi,Rvr,1998,,Manual,Diesel,1997,Registered (Used),"2026 Jun 05, 10:13 am",Kandy,Rs. 3300000,https://riyasewana.com/buy/mitsubishi-rvr-sale-kandy-11739401
Mitsubishi,RVR,2001,,Automatic,Diesel,2000,Registered (Used),"2026 Aug 09, 2:39 pm",Katunayake,Rs. 3100000,https://riyasewana.com/buy/mitsubishi-rvr-sale-katunayake-12111745
Mitsubishi,Rvr,1997,,Manual,Diesel,2000,Registered (Used),"2026 May 14, 6:55 am",Kuliyapitiya,Rs. 3400000,https://riyasewana.com/buy/mitsubishi-rvr-sale-kuliyapitiya-11632500
Mitsubishi,RVR,1997,,Manual,Diesel,1990,Registered (Used),"2026 Jun 09, 10:35 pm",Kurunegala,Rs. 1650000,https://riyasewana.com/buy/mitsubishi-rvr-sale-kurunegala-11763658
Mitsubishi,Sigma Galant GL,1993,"200,000 km",Manual,Petrol,1600,Registered (Used),"2026 Aug 06, 7:44 am",Chilaw,Rs. 1650000,https://riyasewana.com/buy/mitsubishi-sigma-galant-sale-chilaw-12089792
Mitsubishi,Tediya,1985,"1,200 km",250,Kick,250,Registered (Used),"2026 Jul 20, 8:43 pm",Kottawa,Negotiable,https://riyasewana.com/buy/mitsubishi-tediya-sale-kottawa-11994644
Mitsubishi,Toppo,1999,1 km,Automatic,Petrol,650,Registered (Used),"2026 Jul 21, 1:07 pm",Mawanella,Negotiable,https://riyasewana.com/buy/mitsubishi-toppo-sale-mawanella-11998309
Mitsubishi,Toppo,2003,"113,000 km",Automatic,Petrol,650,Registered (Used),"2026 May 23, 10:33 am",Panadura,Rs. 4250000,https://riyasewana.com/buy/mitsubishi-toppo-sale-panadura-11681044
Mitsubishi,Toppo,2003,"112,000 km",Automatic,Petrol,650,Registered (Used),"2026 Jun 01, 8:27 pm",Panadura,Rs. 4250000,https://riyasewana.com/buy/mitsubishi-toppo-sale-panadura-11723175
Mitsubishi,Towny,1986,"135,000 km",Manual,Petrol,660,Registered (Used),"2026 Jun 01, 3:18 pm",Kegalle,Rs. 900000,https://riyasewana.com/buy/mitsubishi-towny-sale-kegalle-11722026
Mitsubishi,Tredia,1985,"35,525 km",Manual,Petrol,1500,Registered (Used),"2026 Jul 19, 10:54 am",Katunayake,Rs. 598000,https://riyasewana.com/buy/mitsubishi-tredia-sale-katunayake-11985983
Mitsubishi,Tredia,1983,"150,000 km",Manual,Petrol,1400,Registered (Used),"2026 May 29, 8:21 pm",Nittambuwa,Rs. 750000,https://riyasewana.com/buy/mitsubishi-tredia-sale-nittambuwa-11634906
Mitsubishi,Wagoan,1981,"11,111 km",Manual,Petrol,1400,Registered (Used),"2026 Jul 31, 10:28 pm",Kalutara,Rs. 585000,https://riyasewana.com/buy/mitsubishi-wagoan-sale-kalutara-12059919
Mitsubishi,Wagon GL,1980,1 km,Manual,Petrol,1400,Registered (Used),"2026 Jun 10, 9:12 pm",Nawalapitiya,Rs. 735000,https://riyasewana.com/buy/mitsubishi-wagon-gl-sale-nawalapitiya-11768622
Mitsubishi,Wagon,1980,"283,900 km",Manual,Petrol,1400,Registered (Used),"2026 Jul 18, 10:37 am 183",Colombo,Rs. 590000,https://riyasewana.com/buy/mitsubishi-wagon-sale-colombo-11979210
Mitsubishi,Wagon,2011,1 km,Automatic,Petrol,650,Registered (Used),"2026 Jul 03, 1:23 pm",Dambulla,Rs. 4500000,https://riyasewana.com/buy/mitsubishi-wagon-sale-dambulla-11890006
Mitsubishi,Wagon,1982,"195,000 km",Manual,Petrol,1500,Registered (Used),"2026 Jul 19, 8:00 pm",Gampaha,Negotiable,https://riyasewana.com/buy/mitsubishi-wagon-sale-gampaha-11988853
Mitsubishi,Wagon,1981,"11,142 km",Manual,Petrol,1400,Registered (Used),"2026 May 30, 11:42 am",Kalutara,Rs. 675000,https://riyasewana.com/buy/mitsubishi-wagon-sale-kalutara-11714380
Mitsubishi,Wagon,1981,"11,111 km",Manual,Petrol,1400,Registered (Used),"2026 Jul 20, 9:15 pm",Kalutara,Rs. 645000,https://riyasewana.com/buy/mitsubishi-wagon-sale-kalutara-11994802
Mitsubishi,Wagon,1981,"1,111 km",Manual,Petrol,1400,Registered (Used),"2026 Jul 20, 9:23 pm",Kalutara,Rs. 645000,https://riyasewana.com/buy/mitsubishi-wagon-sale-kalutara-11994836
Mitsubishi,Wagon,1981,"87,000 km",Manual,Petrol,1500,Registered (Used),"2026 Jun 14, 11:16 am",Kurunegala,Rs. 480000,https://riyasewana.com/buy/mitsubishi-wagon-sale-kurunegala-11787916
Mitsubishi,Wagon,1980,1 km,Manual,Petrol,,Registered (Used),"2026 Jul 27, 9:51 am",Kurunegala,Rs. 950000,https://riyasewana.com/buy/mitsubishi-wagon-sale-kurunegala-12033441
Mitsubishi,XPandar Cross,2020,"90,000 km",Automatic,Petrol,1490,Registered (Used),"2026 Jul 03, 6:41 am",Kottawa,Negotiable,https://riyasewana.com/buy/mitsubishi-xpandar-cross-sale-kottawa-11887236
